celltype,module,naive_delta,beta_COPD,p_COPD,perm_p_COPD,n_COPD,n_Control,fdr_COPD
B,Muscle contraction,-0.3115623200723888,-0.5827988609671992,0.00947760531632809,0.0009995002498750624,13,7,0.24118375333391945
B,Respiration,-0.20433742173297156,-0.4629791125008917,0.10232870198829683,0.04447776111944028,13,7,0.4340178840036989
B,Chromatin modification (1),-0.3218864080355092,-0.7351729258704909,0.07368353985693885,0.020989505247376312,13,7,0.3851639583430894
B,Heme metabolism,0.1994422569144609,0.25981313573581727,0.03517462582351595,0.006496751624187906,13,7,0.2889344264074524
B,VEGF signaling,-0.23530805989576253,-0.3991481290599669,0.00723423771643995,0.0014992503748125937,13,7,0.23769638211159835
B,Protein processing in ER,-0.013892664059905923,-0.1582778722370762,0.22094410070153833,0.1294352823588206,13,7,0.561821229825674
B,Lipid met,0.0944497331446625,0.13673964518368398,0.6452460208271658,0.5767116441779111,13,7,0.8271522901741651
B,Cholesterol met (darkred),0.04272699342535687,0.05583476048557677,0.2704907542108562,0.1714142928535732,13,7,0.592503556842828
B,Cell cycle,-0.5861957899087507,-0.34665655982440213,0.500818199906922,0.4142928535732134,13,7,0.7628356687323977
B,ECM organization,-0.3826807781009891,-0.4306964274379774,0.12043108107994774,0.05997001499250375,13,7,0.4542850778606976
B,Apoptosis,0.023591131876415095,0.23219362931908338,0.33721226194117676,0.24687656171914044,13,7,0.6788712607185146
B,Interferon signaling,-0.33251558868551695,0.02361078782333867,0.9615109633424688,0.9685157421289355,13,7,0.9742181566906072
B,Nrf2 signaling,-0.08138825237980726,-0.056663736539675075,0.8413312235687616,0.800599700149925,13,7,0.9393503952466755
B,Amino acid met,0.03977139262825374,0.036325207785830295,0.8868911634571415,0.8645677161419291,13,7,0.9445307316596442
B,mRNA splicing,-0.07988148479969308,-0.6972497783896017,0.13485945123736534,0.059470264867566215,13,7,0.4698628137171652
B,Fatty acid met,-0.2965463262935014,-0.36062440035274906,0.04337814449595389,0.009995002498750625,13,7,0.31701753896669166
B,Adaptive immunity,0.5304019608411812,0.2004863845882171,0.7964621187764667,0.7611194402798601,13,7,0.9251832692857945
B,Translation,0.0679457990767646,-0.6205273602767549,0.3178903382097543,0.2158920539730135,13,7,0.6586916917859774
B,Cholesterol met (salmon),-0.46345132024259506,-0.7397692824611344,0.0722546346676342,0.015992003998001,13,7,0.3851639583430894
B,Heat stress response,0.11720973811848492,0.22042483319200032,0.4373045811527201,0.3473263368315842,13,7,0.7406949752090917
B,OxPhos,-0.34406389531198506,-0.1656140884929073,0.609547042766378,0.5347326336831584,13,7,0.8116329771249217
B,Innate immunity,-0.17229340683325214,-0.3095509625691833,0.22039134578634037,0.13693153423288357,13,7,0.561821229825674
B,Chromatin modification (2),-0.18533802564880753,-0.3857968523301699,0.13918376313646594,0.0814592703648176,13,7,0.4707686106086348
B,Composite,47.27300186307966,40.35078206549164,0.1799679428099861,0.09545227386306847,13,7,
Ciliated,Muscle contraction,-0.018091652997907503,-0.0195813239581987,0.7679348113577119,0.7191404297851074,7,8,0.9047311075233128
Ciliated,Respiration,0.24189717072855763,0.572713044194024,0.17314373613703907,0.11594202898550725,7,8,0.5110718382451719
Ciliated,Chromatin modification (1),-0.4458418450546989,-0.5322009330806273,0.43193771186882346,0.384807596201899,7,8,0.7406949752090917
Ciliated,Heme metabolism,-0.2063608634897371,-0.1268286067397923,0.4492877989997838,0.3953023488255872,7,8,0.7406949752090917
Ciliated,VEGF signaling,0.40731215559218126,0.15170637094523265,0.6473365749189118,0.6836581709145427,7,8,0.8271522901741651
Ciliated,Protein processing in ER,0.20453350181597507,0.2156507873164309,0.013652319884445194,0.0074962518740629685,7,8,0.24118375333391945
Ciliated,Lipid met,0.11772710066946084,0.15459684591784084,0.3242381015152729,0.263368315842079,7,8,0.6658461013260067
Ciliated,Cholesterol met (darkred),0.24885198622771904,0.23646087900894597,0.03431617941029918,0.015992003998001,7,8,0.2889344264074524
Ciliated,Cell cycle,0.22652393404198978,0.62855767379513,0.021030931111290445,0.004497751124437781,7,8,0.2545849555577265
Ciliated,ECM organization,0.028303056445288466,0.03192785353318575,0.8940955478984342,0.8710644677661169,7,8,0.9459237255613245
Ciliated,Apoptosis,0.0392554646046636,0.2038606773998835,0.22472849193026959,0.16891554222888555,7,8,0.561821229825674
Ciliated,Interferon signaling,-0.04891810446275635,-0.008298642332419393,0.9682617014057874,0.9630184907546226,7,8,0.9767552251023294
Ciliated,Nrf2 signaling,0.2140664726177025,0.5373419985878954,0.12190402971329183,0.0384807596201899,7,8,0.4542850778606976
Ciliated,Amino acid met,0.304333065637836,0.5626709937375254,0.1698350754280734,0.12143928035982009,7,8,0.5110718382451719
Ciliated,mRNA splicing,0.32907858327808354,0.30368887811078327,0.08190650520973182,0.051974012993503245,7,8,0.40649337450357703
Ciliated,Fatty acid met,-0.17909767942567686,-0.3448702779229179,0.09242692845648214,0.05897051474262868,7,8,0.41136405703946183
Ciliated,Adaptive immunity,0.05480669654766734,0.35585167742093404,0.4637669518663491,0.392303848075962,7,8,0.7407388814531964
Ciliated,Translation,0.6730630384424863,-0.16690822092918045,0.8603954259524013,0.8295852073963018,7,8,0.9445307316596442
Ciliated,Cholesterol met (salmon),-0.12596609676632767,-0.14739022353069897,0.3541937012444424,0.2928535732133933,7,8,0.6788712607185146
Ciliated,Heat stress response,0.24704904512677225,0.16624062903178768,0.1572141061097701,0.09395302348825588,7,8,0.5065445699522394
Ciliated,OxPhos,-0.5969296229978059,-0.6472992055359784,0.0730350978834109,0.049475262368815595,7,8,0.3851639583430894
Ciliated,Innate immunity,0.5274236974810309,0.3570838704974687,0.23801950957414633,0.1839080459770115,7,8,0.5650858617695979
Ciliated,Chromatin modification (2),-0.11492112945541089,-0.060416472748526226,0.838033965464245,0.8515742128935532,7,8,0.9393503952466755
Ciliated,Composite,-6.260910115237124,-42.03337737475577,0.18072725650097107,0.12743628185907047,7,8,
Macrophage,Muscle contraction,0.34082315383864775,0.2187343810479337,0.2314769890854213,0.18690654672663667,17,27,0.5650858617695979
Macrophage,Respiration,0.0205661812071386,0.14620327035311786,0.4701475980272278,0.41679160419790107,17,27,0.7438663411587896
Macrophage,Chromatin modification (1),0.0575925591814553,0.03586177593987068,0.8633036153624429,0.8595702148925537,17,27,0.9445307316596442
Macrophage,Heme metabolism,0.1055003295278439,0.1127320248665378,0.05747832032713852,0.034482758620689655,17,27,0.3672226020900516
Macrophage,VEGF signaling,-0.05352370879452392,-0.09181220420412252,0.5426067003385217,0.49025487256371814,17,27,0.7782012632761386
Macrophage,Protein processing in ER,0.0346663285092377,0.023058386899717592,0.3540629698365766,0.3148425787106447,17,27,0.6788712607185146
Macrophage,Lipid met,-0.030446947290695366,0.017393189703340604,0.8804219289999426,0.8605697151424287,17,27,0.9445307316596442
Macrophage,Cholesterol met (darkred),0.31467464709773807,0.2695896802326559,0.014065493065604348,0.00399800099950025,17,27,0.24118375333391945
Macrophage,Cell cycle,-0.310693676331858,-0.20964742161047423,0.3445532225668954,0.2748625687156422,17,27,0.6788712607185146
Macrophage,ECM organization,-0.3955878377718049,-0.34931886874573415,0.029586868284057967,0.013993003498250875,17,27,0.2837302718101231
Macrophage,Apoptosis,-0.04748630886849224,-0.0030710509883324077,0.976966706322388,0.975512243878061,17,27,0.9803862435288264
Macrophage,Interferon signaling,0.07152464506870657,0.009258806005065762,0.9264700741562572,0.9290354822588706,17,27,0.9555520944212518
Macrophage,Nrf2 signaling,-0.12878766389012583,-0.0798430852668278,0.552102475357645,0.49375312343828087,17,27,0.7782012632761386
Macrophage,Amino acid met,-0.23722829813808868,-0.213431297937496,0.24186883339388934,0.1889055472263868,17,27,0.5650858617695979
Macrophage,mRNA splicing,-0.0381074409999072,-0.07810855310143018,0.47249819090584677,0.41629185407296354,17,27,0.7438663411587896
Macrophage,Fatty acid met,-0.22808957834729382,-0.24387981634811384,0.08320351241494506,0.044977511244377814,17,27,0.40649337450357703
Macrophage,Adaptive immunity,0.3408362056028258,0.43803516772944556,0.027424382892078398,0.013493253373313344,17,27,0.2837302718101231
Macrophage,Translation,0.1496425971884712,0.23923360285014944,0.10378688530523235,0.06596701649175413,17,27,0.4340178840036989
Macrophage,Cholesterol met (salmon),0.0015791351395697262,0.06813101284579129,0.6199613614664695,0.5787106446776612,17,27,0.8116329771249217
Macrophage,Heat stress response,0.37913274529705643,0.3941814722494785,1.6560589682314545e-05,0.0004997501249375312,17,27,0.0019044678134661726
Macrophage,OxPhos,0.2396844221661419,0.16205805204113005,0.37810365380399724,0.31384307846076964,17,27,0.695710722999355
Macrophage,Innate immunity,0.03610390224896281,0.029662951238189246,0.8768559685256566,0.8545727136431784,17,27,0.9445307316596442
Macrophage,Chromatin modification (2),-0.13793686888853388,-0.1858492563182888,0.5147973653528576,0.45827086456771615,17,27,0.7762960741686316
Macrophage,Composite,24.823933365797533,21.64319844247599,0.20366256169471172,0.1469265367316342,17,27,
Macrophage_Alveolar,Muscle contraction,0.464437118941697,0.25468713164112394,0.11200768854865288,0.079960019990005,16,26,0.44416842010672697
Macrophage_Alveolar,Respiration,0.2283002843529368,0.22195929144252347,0.2916894058106251,0.24887556221889057,16,26,0.6269959190321848
Macrophage_Alveolar,Chromatin modification (1),0.4467797915931022,0.26720485925995097,0.36046028676079167,0.2893553223388306,16,26,0.6795562783195253
Macrophage_Alveolar,Heme metabolism,0.10089841378022171,0.11491356636917156,0.0703075106214623,0.03948025987006497,16,26,0.3851639583430894
Macrophage_Alveolar,VEGF signaling,0.3063526150773588,0.27765190815601043,0.10971345103751921,0.0769615192403798,16,26,0.44416842010672697
Macrophage_Alveolar,Protein processing in ER,0.06542622606211121,0.04911804757752442,0.027334522876274633,0.013993003498250875,16,26,0.2837302718101231
Macrophage_Alveolar,Lipid met,0.14192685918388456,0.22985774510790846,0.04404699582677851,0.02848575712143928,16,26,0.31701753896669166
Macrophage_Alveolar,Cholesterol met (darkred),0.07834840168356641,0.11223351913410386,0.21999150085081753,0.1744127936031984,16,26,0.561821229825674
Macrophage_Alveolar,Cell cycle,0.2239493176345262,0.23389860981111205,0.329212859525158,0.28085957021489255,16,26,0.6700792715998791
Macrophage_Alveolar,ECM organization,-0.05133421414884353,-0.03604577399353134,0.8319681800475403,0.8260869565217391,16,26,0.9380033402496778
Macrophage_Alveolar,Apoptosis,0.1889543639254404,0.1600128544133256,0.15997267575305354,0.10994502748625687,16,26,0.5065445699522394
Macrophage_Alveolar,Interferon signaling,0.076100135788856,0.03313171716885516,0.7460915539356696,0.7316341829085458,16,26,0.9047311075233128
Macrophage_Alveolar,Nrf2 signaling,0.05030603531365204,0.03896210262009536,0.7129063668414216,0.6766616691654173,16,26,0.8863160236406863
Macrophage_Alveolar,Amino acid met,0.22003227029718075,0.18698563823739034,0.3086762473782636,0.24987506246876562,16,26,0.6454139717909148
Macrophage_Alveolar,mRNA splicing,0.4050963107383234,0.3383305600256632,0.0037741909156285996,0.0009995002498750624,16,26,0.17562843883074722
Macrophage_Alveolar,Fatty acid met,0.040275429323806414,-0.02529009916516702,0.8670983302188403,0.8545727136431784,16,26,0.9445307316596442
Macrophage_Alveolar,Adaptive immunity,0.5667310139329753,0.5652747830982255,0.016227764854339317,0.004497751124437781,16,26,0.24118375333391945
Macrophage_Alveolar,Translation,0.4397313485255573,0.438023748750208,0.01677800023192483,0.0079960019990005,16,26,0.24118375333391945
Macrophage_Alveolar,Cholesterol met (salmon),0.30127506266541737,0.2672556686799882,0.09423338736108446,0.05547226386806597,16,26,0.41136405703946183
Macrophage_Alveolar,Heat stress response,0.1749256119667463,0.1677812333795103,0.015229198712498008,0.008995502248875561,16,26,0.24118375333391945
Macrophage_Alveolar,OxPhos,0.3734028036180824,0.2648078612567931,0.22135141471457814,0.17391304347826086,16,26,0.561821229825674
Macrophage_Alveolar,Innate immunity,0.10898908133102483,0.13635970815920936,0.43897023788022926,0.3933033483258371,16,26,0.7406949752090917
Macrophage_Alveolar,Chromatin modification (2),-0.07799815939215476,-0.10653865176795646,0.6089918435253672,0.5767116441779111,16,26,0.8116329771249217
Macrophage_Alveolar,Composite,32.24467042765502,25.00877159164183,0.07376887101413968,0.04997501249375312,16,26,
NK,Muscle contraction,-0.16671303542377353,-0.17052419362228463,0.2214515364770717,0.20389805097451275,15,15,0.561821229825674
NK,Respiration,0.7903862140830524,0.7215699868138278,0.044106788030148406,0.035982008995502246,15,15,0.31701753896669166
NK,Chromatin modification (1),0.5745903086969169,0.5295240097232391,0.08483339989639868,0.07746126936531735,15,15,0.40649337450357703
NK,Heme metabolism,0.2524215056424845,0.23628568564779187,0.034448534313361326,0.02348825587206397,15,15,0.2889344264074524
NK,VEGF signaling,-0.059338135723385775,0.010875658698671062,0.9436679097396401,0.9460269865067467,15,15,0.9603699966376869
NK,Protein processing in ER,0.03206884452864886,0.00836017001790998,0.8099743334187957,0.8010994502748626,15,15,0.9279683283352952
NK,Lipid met,0.1616790991782144,0.3077592018798663,0.41719169743837703,0.4052973513243378,15,15,0.7269249273547478
NK,Cholesterol met (darkred),0.0716818852924449,0.07016830624248828,0.22723558047980205,0.1984007996001999,15,15,0.5619804678532739
NK,Cell cycle,0.6264989581604201,0.6429205395080072,0.03019464945071201,0.01999000499750125,15,15,0.2837302718101231
NK,ECM organization,-0.09169902752782128,-0.051134906028121936,0.6558350883747972,0.6591704147926037,15,15,0.8333816040121732
NK,Apoptosis,0.1782466939817548,0.028843864547572134,0.9348938845068953,0.9380309845077461,15,15,0.9599356849847585
NK,Interferon signaling,-0.014007664613944565,-0.173491536678786,0.22247007890380033,0.21039480259870064,15,15,0.561821229825674
NK,Nrf2 signaling,0.3329570436674638,0.3514357866335289,0.010771254060636039,0.0074962518740629685,15,15,0.24118375333391945
NK,Amino acid met,0.2298129997829958,0.0656023407941714,0.8149982709727376,0.809095452273863,15,15,0.9279683283352952
NK,mRNA splicing,0.29316410392994324,0.08504294022409951,0.701334886468786,0.679160419790105,15,15,0.8766686080859823
NK,Fatty acid met,0.31696709429620995,0.19197122197471,0.5832133449301314,0.5777111444277861,15,15,0.8032279600834146
NK,Adaptive immunity,1.1555482995540458,0.8958330261027765,0.014905009508175233,0.005997001499250375,15,15,0.24118375333391945
NK,Translation,0.5579753087496782,0.4316751666003144,0.136873080517609,0.12393803098450774,15,15,0.4698628137171652
NK,Cholesterol met (salmon),0.15605588818828547,0.14476747160287878,0.5632391033317862,0.5412293853073463,15,15,0.7851211743412777
NK,Heat stress response,0.1349840366773063,0.10620932515044468,0.25060329521956076,0.2288855572213893,15,15,0.5650858617695979
NK,OxPhos,0.590571221415829,0.5729017212956329,0.02075690571760954,0.017491254372813594,15,15,0.2545849555577265
NK,Innate immunity,0.5333681570117114,0.37541169065176794,0.2500527558966524,0.22688655672163918,15,15,0.5650858617695979
NK,Chromatin modification (2),-0.021688814185185812,-0.20715424452369907,0.4571119162777269,0.44577711144427784,15,15,0.7406949752090917
NK,Composite,48.08579432354768,39.28401602444391,0.027062637750677358,0.025987006496751622,15,15,
T,Muscle contraction,0.36375073042464656,0.2992836395101458,0.3082798126602761,0.27786106946526734,17,10,0.6454139717909148
T,Respiration,0.09124678330147973,0.09245008984038607,0.7749218616612723,0.7851074462768616,17,10,0.9047311075233128
T,Chromatin modification (1),0.1620893207250244,0.24192896566567115,0.5450975179364451,0.526736631684158,17,10,0.7782012632761386
T,Heme metabolism,-0.047193896424621226,-0.05315179897328125,0.7416607660500025,0.7226386806596702,17,10,0.9047311075233128
T,VEGF signaling,-0.02871801751715075,0.026802569087609238,0.8870375566890571,0.879560219890055,17,10,0.9445307316596442
T,Protein processing in ER,0.09888986187886982,0.1282593455000126,0.08950518006330525,0.06846576711644178,17,10,0.41136405703946183
T,Lipid met,0.1397211035705427,0.16807946483669622,0.4162203903281862,0.3968015992003998,17,10,0.7269249273547478
T,Cholesterol met (darkred),0.06218339820259673,0.033274391632130945,0.5955690372976394,0.5962018990504747,17,10,0.8105377430677934
T,Cell cycle,0.37242609980825403,0.48051047356340265,0.082921005844184,0.06996501749125437,17,10,0.40649337450357703
T,ECM organization,-0.0284890674539159,-0.08265016031633736,0.6289062770877336,0.6096951524237881,17,10,0.8172228459332131
T,Apoptosis,-0.11654353199859026,-0.047184224850401656,0.9006838952083916,0.9150424787606197,17,10,0.9459237255613245
T,Interferon signaling,-0.5861320211137474,-0.6750686383654373,0.048391652375827446,0.03398300849575212,17,10,0.3273552954835386
T,Nrf2 signaling,-0.06579968940916579,-0.052229786432612814,0.7582985826405653,0.7616191904047976,17,10,0.9047311075233128
T,Amino acid met,-0.1826858816599346,-0.09109286633965241,0.639368236690348,0.6316841579210395,17,10,0.8261499687571913
T,mRNA splicing,-0.0975701293804853,-0.10285676358309526,0.6623479414116146,0.631184407796102,17,10,0.8370331127729196
T,Fatty acid met,-0.420486147850489,-0.3437101381599359,0.19727862646777583,0.18190904547726136,17,10,0.5601738776245486
T,Adaptive immunity,0.521016923769358,0.5090993094833612,0.1731045282570211,0.1584207896051974,17,10,0.5110718382451719
T,Translation,0.42416228400020517,0.5366948098062663,0.06321696377555147,0.054972513743128434,17,10,0.372817991496842
T,Cholesterol met (salmon),-0.18685194008543143,-0.18126904800205407,0.540592219535387,0.5232383808095952,17,10,0.7782012632761386
T,Heat stress response,0.19155666931833243,0.09137195142880612,0.45960373734379584,0.4307846076961519,17,10,0.7406949752090917
T,OxPhos,-0.044289354465703826,0.03264192157293755,0.8753198729459861,0.8785607196401799,17,10,0.9445307316596442
T,Innate immunity,0.43099094139544225,0.5188314859494695,0.09479258705691947,0.06646676661669165,17,10,0.41136405703946183
T,Chromatin modification (2),-0.42766896152405265,-0.5081527637836465,0.024833028070879604,0.01899050474762619,17,10,0.2837302718101231
T,Composite,49.94362485039473,41.074059406849884,0.06533356752387744,0.051974012993503245,17,10,
T_Cytotoxic,Muscle contraction,-0.003617854436028231,-0.07962128094906373,0.5523351485456116,0.5392303848075962,15,13,0.7782012632761386
T_Cytotoxic,Respiration,0.006986879123129813,-0.08073502537891811,0.8083158159659111,0.791104447776112,15,13,0.9279683283352952
T_Cytotoxic,Chromatin modification (1),-0.21353249978418348,-0.3794709918907636,0.3519402400085378,0.3278360819590205,15,13,0.6788712607185146
T_Cytotoxic,Heme metabolism,0.026247453446424856,0.0586596626744218,0.605505066781676,0.5742128935532234,15,13,0.8116329771249217
T_Cytotoxic,VEGF signaling,-0.32055754154757043,-0.33598627414795273,0.018952029161921485,0.013993003498250875,15,13,0.2545849555577265
T_Cytotoxic,Protein processing in ER,-0.047613152825526056,-0.028109678995723746,0.4492740250028423,0.4452773613193403,15,13,0.7406949752090917
T_Cytotoxic,Lipid met,0.25926777309857585,0.2740697999957834,0.13655154817804643,0.11344327836081959,15,13,0.4698628137171652
T_Cytotoxic,Cholesterol met (darkred),0.12002199278970681,0.09324032336583277,0.11812715294726567,0.08495752123938032,15,13,0.4542850778606976
T_Cytotoxic,Cell cycle,0.2338589448811166,0.4145952456887825,0.15006427386850965,0.11744127936031984,15,13,0.5002142462283655
T_Cytotoxic,ECM organization,-0.1723074963311282,-0.24383553159169435,0.05264162131735533,0.030484757621189407,15,13,0.34593065437119214
T_Cytotoxic,Apoptosis,-0.019570549150558558,-0.022270282217295094,0.9156304649878523,0.9085457271364318,15,13,0.9529185834715205
T_Cytotoxic,Interferon signaling,-0.25839454538806694,-0.3624450748881586,0.1733200147092322,0.1329335332333833,15,13,0.5110718382451719
T_Cytotoxic,Nrf2 signaling,-0.01815252193070277,-0.004954241065965023,0.9803862435288264,0.9760119940029985,15,13,0.9803862435288264
T_Cytotoxic,Amino acid met,-0.1981888666693412,-0.1626660105875857,0.4777707939482835,0.4492753623188406,15,13,0.7438663411587896
T_Cytotoxic,mRNA splicing,-0.018383432051204227,0.11491300608893756,0.621075669452114,0.5952023988005997,15,13,0.8116329771249217
T_Cytotoxic,Fatty acid met,-0.37497826170582504,-0.34174169597434356,0.3531761301151857,0.3268365817091454,15,13,0.6788712607185146
T_Cytotoxic,Adaptive immunity,0.04770699430037066,0.02925018402387254,0.9428729801273088,0.9390304847576212,15,13,0.9603699966376869
T_Cytotoxic,Translation,0.38335057778563664,0.2509655170731532,0.36799086163371153,0.3183408295852074,15,13,0.6881129932988101
T_Cytotoxic,Cholesterol met (salmon),-0.1344967088872733,-0.1640417776670251,0.5825210143309092,0.5577211394302849,15,13,0.8032279600834146
T_Cytotoxic,Heat stress response,0.09305511123099533,-0.033327254520034086,0.8229662475271106,0.8115942028985508,15,13,0.93242481246914
T_Cytotoxic,OxPhos,-0.00962353660734351,0.08376716961201491,0.7313444453313434,0.7021489255372314,15,13,0.899514558428925
T_Cytotoxic,Innate immunity,0.20840706091643832,0.3919432756576634,0.1915236763968772,0.17391304347826086,15,13,0.550630569641022
T_Cytotoxic,Chromatin modification (2),-0.08694268974242947,-0.19221068560682644,0.4150740776684149,0.39580209895052476,15,13,0.7269249273547478
T_Cytotoxic,Composite,21.566398569124935,26.452774624261416,0.22006783976022185,0.18190904547726136,15,13,
cDC2,Muscle contraction,-0.09912936754386072,-0.26472649523283454,0.401864737528143,0.3328335832083958,12,9,0.7165030203990147
cDC2,Respiration,-0.06877454137269372,-0.09264245570329098,0.7733529110356013,0.743128435782109,12,9,0.9047311075233128
cDC2,Chromatin modification (1),-0.28180225130901576,-0.7366087797707893,0.2210181431950926,0.17791104447776113,12,9,0.561821229825674
cDC2,Heme metabolism,0.23845096844543404,0.28115931141071626,0.010285273663488134,0.0014992503748125937,12,9,0.24118375333391945
cDC2,VEGF signaling,0.2620821381369162,0.20511119869496916,0.11117203850267098,0.05347326336831584,12,9,0.44416842010672697
cDC2,Protein processing in ER,0.06442079968578335,0.03956817892222157,0.38666550108355047,0.29535232383808097,12,9,0.7013403801670725
cDC2,Lipid met,-0.24619813994259118,-0.20946252051227515,0.24889543659489352,0.1729135432283858,12,9,0.5650858617695979
cDC2,Cholesterol met (darkred),0.1900860753292355,0.03303106049249203,0.8125441529388806,0.792103948025987,12,9,0.9279683283352952
cDC2,Cell cycle,-0.3013919286205715,-0.2253592471222788,0.5548913355534205,0.4927536231884058,12,9,0.7782012632761386
cDC2,ECM organization,0.16505502953958856,0.0890379954437673,0.6689900014789564,0.6231884057971014,12,9,0.8408071056839342
cDC2,Apoptosis,-0.08207991635389111,-0.1650434555151728,0.24392055288846504,0.17891054472763618,12,9,0.5650858617695979
cDC2,Interferon signaling,-0.2276157226356471,-0.4252465901255745,0.09203608097681841,0.05347326336831584,12,9,0.41136405703946183
cDC2,Nrf2 signaling,-0.10155348897979105,-0.20002267486894998,0.37681734341940964,0.2978510744627686,12,9,0.695710722999355
cDC2,Amino acid met,0.14812476105556954,0.2719223020226881,0.48256554037283905,0.424287856071964,12,9,0.7448998274211609
cDC2,mRNA splicing,0.3256334551561456,0.18483562386253463,0.4518224990451549,0.4102948525737131,12,9,0.7406949752090917
cDC2,Fatty acid met,-0.3359436896168638,-0.4712385600209851,0.2089238030217935,0.14192903548225888,12,9,0.561821229825674
cDC2,Adaptive immunity,0.01872529778086604,-0.30164043719964323,0.7548510227768307,0.743128435782109,12,9,0.9047311075233128
cDC2,Translation,1.045271989830451,1.2177145942283556,0.030840246935882946,0.008995502248875561,12,9,0.2837302718101231
cDC2,Cholesterol met (salmon),-0.17719714192659436,-0.3288921150331739,0.35209546511597417,0.2703648175912044,12,9,0.6788712607185146
cDC2,Heat stress response,0.07078642038737408,-0.0444725975561927,0.7538347105712863,0.7726136931534233,12,9,0.9047311075233128
cDC2,OxPhos,-0.03157528123782241,-0.30990588593230034,0.21018697580724932,0.1409295352323838,12,9,0.561821229825674
cDC2,Innate immunity,-0.04413854384915522,-0.26764321965476845,0.5370277191018202,0.4862568715642179,12,9,0.7782012632761386
cDC2,Chromatin modification (2),0.22657130376072848,0.5142503789024253,0.35951046314317203,0.28285857071464265,12,9,0.6795562783195253
cDC2,Composite,-2.116357817710994,-4.624287438052417,0.817221989999476,0.792103948025987,12,9,
cMonocyte,Muscle contraction,-0.20859125815540855,-0.23781386831327275,1.0879825810230838e-06,0.0004997501249375312,15,17,0.00025023599363530925
cMonocyte,Respiration,0.4767586366241916,0.41015407925156805,0.13269724379727926,0.10994502748625687,15,17,0.4698628137171652
cMonocyte,Chromatin modification (1),0.7925173004982964,0.572685763374552,0.24542996065600012,0.21689155422288856,15,17,0.5650858617695979
cMonocyte,Heme metabolism,0.10820034201538342,0.1293890514267437,0.12443460828358237,0.10744627686156921,15,17,0.4542850778606976
cMonocyte,VEGF signaling,-0.01399492869762041,-0.06918933307800194,0.4786618195282646,0.431784107946027,15,17,0.7438663411587896
cMonocyte,Protein processing in ER,0.13383913711969095,0.12482661657820218,0.046939736690657805,0.015492253873063468,15,17,0.32715574057125135
cMonocyte,Lipid met,0.2498984522721564,0.17767656427994327,0.4896784081720755,0.4767616191904048,15,17,0.750840225863849
cMonocyte,Cholesterol met (darkred),0.0667434992663243,0.014543876876056239,0.9203235880810261,0.9265367316341829,15,17,0.953488402065928
cMonocyte,Cell cycle,-0.12234937627642245,-0.3001000541096261,0.5256276495227818,0.4867566216891554,15,17,0.7768432137366927
cMonocyte,ECM organization,-0.003479483491376965,-0.020212927096567898,0.9066500770527035,0.9105447276361819,15,17,0.9478614441914627
cMonocyte,Apoptosis,-0.19268073809125702,-0.23125177439982703,0.0667581865930049,0.04297851074462768,15,17,0.38385957290977823
cMonocyte,Interferon signaling,-0.18692364932333905,-0.2471725864344723,0.06241516429645705,0.04147926036981509,15,17,0.372817991496842
cMonocyte,Nrf2 signaling,0.006378732289879868,0.05829408299500391,0.7594477823827236,0.7456271864067966,15,17,0.9047311075233128
cMonocyte,Amino acid met,0.34710773208695533,0.18591548063529903,0.44910987516854584,0.4047976011994003,15,17,0.7406949752090917
cMonocyte,mRNA splicing,-0.06939126674086879,-0.16755312105959808,0.40030885638431146,0.35332333833083457,15,17,0.7165030203990147
cMonocyte,Fatty acid met,0.4943896101289653,0.4278786711810902,0.16077284176744988,0.12993503248375812,15,17,0.5065445699522394
cMonocyte,Adaptive immunity,0.5582450566408697,0.7001761128027646,0.12303724507878604,0.08295852073963018,15,17,0.4542850778606976
cMonocyte,Translation,0.04978191895197126,0.25174256291196623,0.5348238521928546,0.5032483758120939,15,17,0.7782012632761386
cMonocyte,Cholesterol met (salmon),0.2692613681513875,0.28698958504407557,0.20400547633733981,0.1774112943528236,15,17,0.561821229825674
cMonocyte,Heat stress response,0.3516580507973577,0.37288414612468307,0.0002720739994154933,0.0004997501249375312,15,17,0.020859006621854487
cMonocyte,OxPhos,0.193361774095938,0.1661782001229648,0.6154324707841083,0.6151924037981009,15,17,0.8116329771249217
cMonocyte,Innate immunity,0.30451048970351535,0.3716841261335596,0.1811140430164744,0.14942528735632185,15,17,0.5272940492884698
cMonocyte,Chromatin modification (2),-0.3599203299756273,-0.31943504828939623,0.2381405440034276,0.1854072963518241,15,17,0.5650858617695979
cMonocyte,Composite,6.155026742991214,2.2870503523226957,0.88768377623514,0.887056471764118,15,17,
ncMonocyte,Muscle contraction,-0.026305100612482427,-0.07607411772864132,0.4605190498039135,0.47226386806596704,13,5,0.7406949752090917
ncMonocyte,Respiration,0.45625376534120804,0.4070829663123139,0.25661949493049524,0.2813593203398301,13,5,0.5730338236312029
ncMonocyte,Chromatin modification (1),0.38018332797883514,0.36319901143474437,0.5206211166364647,0.5342328835582209,13,5,0.7768432137366927
ncMonocyte,Heme metabolism,0.25074895760736066,0.24794684402318382,0.0038180095397988526,0.005997001499250375,13,5,0.17562843883074722
ncMonocyte,VEGF signaling,-0.18659873479678069,-0.24795838300615675,0.15478484193111747,0.1629185407296352,13,5,0.5065445699522394
ncMonocyte,Protein processing in ER,0.010674295651321955,0.008487863918882926,0.8553656024039993,0.8745627186406797,13,5,0.9445307316596442
ncMonocyte,Lipid met,-0.13161611395304335,-0.2094614615450284,0.3011622852528899,0.3263368315842079,13,5,0.6413641260015248
ncMonocyte,Cholesterol met (darkred),-0.09986150005682512,-0.08307519594678145,0.4455388675961181,0.45577211394302847,13,5,0.7406949752090917
ncMonocyte,Cell cycle,0.027002909904292327,0.0953840492291651,0.8981114160447838,0.8995502248875562,13,5,0.9459237255613245
ncMonocyte,ECM organization,-0.28396235715644,-0.35402789141420266,0.26756627136396427,0.2733633183408296,13,5,0.5917331001318441
ncMonocyte,Apoptosis,-0.28818980788334053,-0.38660300596784175,0.0069261246894653985,0.011494252873563218,13,5,0.23769638211159835
ncMonocyte,Interferon signaling,-0.19830125036308516,-0.12974341376342782,0.5269023536648872,0.5652173913043478,13,5,0.7768432137366927
ncMonocyte,Nrf2 signaling,0.030563571787899035,0.047696318961445626,0.8459440504890174,0.8535732133933034,13,5,0.9399378338766861
ncMonocyte,Amino acid met,0.5508228485354019,0.4981909831306037,0.1693912483294492,0.18040979510244878,13,5,0.5110718382451719
ncMonocyte,mRNA splicing,-0.051091687960811503,-0.1391456738203423,0.38726186209225305,0.38330834582708645,13,5,0.7013403801670725
ncMonocyte,Fatty acid met,0.3770553019205909,0.11094320590946474,0.7670901810982061,0.7821089455272364,13,5,0.9047311075233128
ncMonocyte,Adaptive immunity,-0.055072873619674834,-0.28822047489300434,0.5164056493382636,0.5237381309345327,13,5,0.7762960741686316
ncMonocyte,Translation,0.16230265058140997,0.16762897556458062,0.7288587873172294,0.7331334332833583,13,5,0.899514558428925
ncMonocyte,Cholesterol met (salmon),0.2461317732678292,0.1504339691486162,0.6171018477820625,0.6301849075462269,13,5,0.8116329771249217
ncMonocyte,Heat stress response,0.50974784732483,0.5441997519135265,0.06156879368470667,0.06896551724137931,13,5,0.372817991496842
ncMonocyte,OxPhos,-0.8523659384194152,-0.8558570260433662,0.036913713813082304,0.04847576211894053,13,5,0.29276393713823895
ncMonocyte,Innate immunity,-0.27752929976484486,-0.25059650311352133,0.5932139954503968,0.617191404297851,13,5,0.8105377430677934
ncMonocyte,Chromatin modification (2),-0.2564160288918344,-0.32432064621075407,0.2849378083523588,0.30684657671164417,13,5,0.6182612822739861
ncMonocyte,Composite,0.9584871478808985,-9.782852303433039,0.6422786780407881,0.6421789105447276,13,5,
