celltype,metric,IPF_mean,Control_mean,delta,p,n_IPF,n_Control,padj
ncMonocyte,Chrono_tAge,16.939969058174672,9.120426709363192,7.8195423488114795,0.4439284485724114,14,5,
T,Chrono_tAge,5.379649613057343,-2.006506478652114,7.3861560917094575,0.16771897905924404,24,10,
ATII,Chrono_tAge,1.9610338105781502,-2.1705126916862687,4.131546502264419,0.8111888111888111,3,10,
T_Cytotoxic,Chrono_tAge,7.651158729093216,3.822576625929715,3.828582103163501,0.4245961506120828,28,13,
cMonocyte,Chrono_tAge,3.1224869317872317,-0.18659019978383565,3.309077131571067,0.3026047415633496,26,17,
Macrophage,Chrono_tAge,7.546708989869011,4.437511767665657,3.1091972222033544,0.2700044220537463,32,27,
NK,Chrono_tAge,12.041450661058704,8.999899765148191,3.041550895910513,0.4735361985154297,23,15,
B,Chrono_tAge,-1.043351573454097,0.8793450094050702,-1.9226965828591673,0.7086315816450748,22,7,
Ciliated,Chrono_tAge,4.567520724327758,7.461599795519537,-2.894079071191779,0.6352204460164115,30,8,
Lymphatic,Chrono_tAge,-4.8599138315720625,1.4021189582511044,-6.2620327898231665,0.5714285714285714,3,5,
Macrophage_Alveolar,Chrono_tAge,-5.518228560466834,1.5043286525581983,-7.022557213025033,0.0016662561177757996,29,26,
cDC2,Chrono_tAge,-5.277358262283506,3.8895538233180225,-9.166912085601528,0.013938404759043265,22,9,
Fibroblast,Chrono_tAge,-13.179338207420491,5.188226382068727,-18.36756458948922,0.07592407592407593,10,4,
NK,Mortality_tAge,27.34540364605512,-13.484590743285088,40.82999438934021,0.014331212918835932,23,15,0.1863057679448671
T,Mortality_tAge,22.125778797998674,-17.737277196303005,39.863055994301675,0.043164996331413054,24,10,0.28057247615418485
ncMonocyte,Mortality_tAge,66.05182824743277,30.53847478085201,35.51335346658075,0.2975576195390437,14,5,0.9113021262712419
ATII,Mortality_tAge,17.56091638283112,-4.588100973766203,22.149017356597323,0.46853146853146854,3,10,0.9113021262712419
Lymphatic,Mortality_tAge,27.565731687653166,13.754923323077431,13.810808364575735,0.39285714285714285,3,5,0.9113021262712419
B,Mortality_tAge,3.4274930124651495,-6.374322750527652,9.8018157629928,0.9404823229410936,22,7,0.9664788593985219
T_Cytotoxic,Mortality_tAge,-9.374386361598665,-14.36826987600109,4.993883514402425,0.9664788593985219,28,13,0.9664788593985219
Macrophage,Mortality_tAge,17.312950299504067,12.932431262988693,4.380519036515373,0.5478577288538498,32,27,0.9113021262712419
cMonocyte,Mortality_tAge,6.907908822092017,3.1105236552437523,3.7973851668482643,0.9504830195214938,26,17,0.9664788593985219
Macrophage_Alveolar,Mortality_tAge,-5.986589655228848,-2.736439127715222,-3.2501505275136258,0.6309014720339366,29,26,0.9113021262712419
cDC2,Mortality_tAge,-8.169785469394824,-3.2268608569210877,-4.942924612473737,0.616741879400832,22,9,0.9113021262712419
Fibroblast,Mortality_tAge,3.604505661099586,16.082706942884737,-12.478201281785152,0.945054945054945,10,4,0.9664788593985219
Ciliated,Mortality_tAge,11.533288855204622,34.72663434015995,-23.193345484955323,0.3496681177695859,30,8,0.9113021262712419
