module,beta,p,fdr
Muscle contraction,-0.18547492122229353,0.006619313837705744,0.039715883026234466
Respiration,-0.01732864517379321,0.901472027042535,0.9641914178602679
Chromatin modification (1),0.20607046912760377,0.14780611221961926,0.3547346693270862
Heme metabolism,0.06895472881048824,0.26861465157044584,0.5372293031408917
VEGF signaling,-0.2682244257604445,3.721675752515843e-05,0.0004466010903019012
Protein processing in ER,-0.007106707988364929,0.6435366466772146,0.9147967134564173
Lipid met,0.3113315814572074,0.003492084565452231,0.027936676523617848
Cholesterol met (darkred),0.03831217790800699,0.5079845958759139,0.8127753534014623
Cell cycle,0.25132744950961483,0.060590550775484094,0.1817716523264523
ECM organization,0.027003189264328105,0.7482926404324857,0.9147967134564173
Apoptosis,0.0996003831000563,0.2918258443446654,0.5387554049439978
Interferon signaling,-0.3320614520595986,1.6656547715602598e-07,3.997571451744624e-06
Nrf2 signaling,0.13760907550598342,0.22162163198009588,0.48353810613839104
Amino acid met,0.004636951567970989,0.9641914178602679,0.9641914178602679
mRNA splicing,0.005956330127246278,0.9419755810434077,0.9641914178602679
Fatty acid met,0.059723551105440274,0.6929015858865001,0.9147967134564173
Adaptive immunity,0.4135516080562168,0.03436445659712453,0.1178209940472841
Translation,0.27329555634161673,0.013652430279396324,0.054609721117585296
Cholesterol met (salmon),0.2276274655513705,0.10427969898503145,0.2780791972934172
Heat stress response,0.1487182552520135,0.008489080474830685,0.04074758627918729
OxPhos,0.10591969722763328,0.4475262313944225,0.7671878252475813
Innate immunity,-0.04143177558905288,0.6884472917274642,0.9147967134564173
Chromatin modification (2),0.014614058080815756,0.9152813766417487,0.9641914178602679
Composite,-2.855345475027385,0.7623305945470145,0.9147967134564173
