group,Subject_Identity,Manuscript_Identity,n_cells,Disease_Identity
001C||ncMonocyte,001C,ncMonocyte,17,Control
001C||Macrophage_Alveolar,001C,Macrophage_Alveolar,480,Control
001C||NK,001C,NK,61,Control
001C||cMonocyte,001C,cMonocyte,601,Control
001C||Lymphatic,001C,Lymphatic,50,Control
001C||Macrophage,001C,Macrophage,390,Control
001C||Fibroblast,001C,Fibroblast,9,Control
001C||Basal,001C,Basal,19,Control
001C||Myofibroblast,001C,Myofibroblast,7,Control
001C||cDC2,001C,cDC2,25,Control
001C||B,001C,B,32,Control
001C||VE_Venous,001C,VE_Venous,6,Control
001C||T,001C,T,14,Control
001C||ATII,001C,ATII,10,Control
001C||ATI,001C,ATI,40,Control
001C||VE_Capillary_A,001C,VE_Capillary_A,4,Control
001C||VE_Arterial,001C,VE_Arterial,4,Control
001C||Ciliated,001C,Ciliated,14,Control
001C||Club,001C,Club,14,Control
001C||VE_Capillary_B,001C,VE_Capillary_B,6,Control
001C||B_Plasma,001C,B_Plasma,8,Control
001C||ILC_A,001C,ILC_A,4,Control
001C||T_Cytotoxic,001C,T_Cytotoxic,25,Control
001C||Goblet,001C,Goblet,1,Control
001C||T_Regulatory,001C,T_Regulatory,3,Control
001C||Mesothelial,001C,Mesothelial,1,Control
001C||ILC_B,001C,ILC_B,3,Control
001C||SMC,001C,SMC,1,Control
002C||Macrophage,002C,Macrophage,436,Control
002C||Macrophage_Alveolar,002C,Macrophage_Alveolar,142,Control
002C||cMonocyte,002C,cMonocyte,20,Control
002C||ATII,002C,ATII,4,Control
002C||T,002C,T,20,Control
002C||Ciliated,002C,Ciliated,15,Control
002C||NK,002C,NK,8,Control
002C||ncMonocyte,002C,ncMonocyte,3,Control
002C||T_Cytotoxic,002C,T_Cytotoxic,12,Control
002C||cDC1,002C,cDC1,1,Control
002C||T_Regulatory,002C,T_Regulatory,3,Control
002C||B,002C,B,17,Control
002C||DC_Langerhans,002C,DC_Langerhans,1,Control
002C||cDC2,002C,cDC2,6,Control
002C||VE_Capillary_B,002C,VE_Capillary_B,2,Control
002C||Mast,002C,Mast,2,Control
002C||ILC_A,002C,ILC_A,1,Control
003C||Macrophage_Alveolar,003C,Macrophage_Alveolar,953,Control
003C||Macrophage,003C,Macrophage,1097,Control
003C||ncMonocyte,003C,ncMonocyte,78,Control
003C||cMonocyte,003C,cMonocyte,451,Control
003C||Myofibroblast,003C,Myofibroblast,16,Control
003C||B,003C,B,122,Control
003C||T,003C,T,83,Control
003C||T_Cytotoxic,003C,T_Cytotoxic,146,Control
003C||NK,003C,NK,70,Control
003C||cDC2,003C,cDC2,96,Control
003C||Club,003C,Club,17,Control
003C||VE_Venous,003C,VE_Venous,2,Control
003C||VE_Arterial,003C,VE_Arterial,6,Control
003C||B_Plasma,003C,B_Plasma,21,Control
003C||pDC,003C,pDC,35,Control
003C||ATII,003C,ATII,15,Control
003C||Fibroblast,003C,Fibroblast,24,Control
003C||Lymphatic,003C,Lymphatic,40,Control
003C||VE_Capillary_B,003C,VE_Capillary_B,18,Control
003C||VE_Capillary_A,003C,VE_Capillary_A,12,Control
003C||Ciliated,003C,Ciliated,26,Control
003C||Goblet,003C,Goblet,4,Control
003C||cDC1,003C,cDC1,22,Control
003C||Mast,003C,Mast,10,Control
003C||SMC,003C,SMC,3,Control
003C||ILC_A,003C,ILC_A,13,Control
003C||DC_Mature,003C,DC_Mature,8,Control
003C||DC_Langerhans,003C,DC_Langerhans,2,Control
003C||ILC_B,003C,ILC_B,6,Control
003C||T_Regulatory,003C,T_Regulatory,14,Control
003C||VE_Peribronchial,003C,VE_Peribronchial,1,Control
003C||ATI,003C,ATI,3,Control
003C||Pericyte,003C,Pericyte,1,Control
010I||Macrophage,010I,Macrophage,2031,IPF
010I||Ciliated,010I,Ciliated,424,IPF
010I||cMonocyte,010I,cMonocyte,165,IPF
010I||B,010I,B,98,IPF
010I||Club,010I,Club,144,IPF
010I||Goblet,010I,Goblet,76,IPF
010I||Macrophage_Alveolar,010I,Macrophage_Alveolar,771,IPF
010I||T,010I,T,349,IPF
010I||ncMonocyte,010I,ncMonocyte,15,IPF
010I||Mast,010I,Mast,22,IPF
010I||Fibroblast,010I,Fibroblast,55,IPF
010I||T_Cytotoxic,010I,T_Cytotoxic,142,IPF
010I||cDC2,010I,cDC2,120,IPF
010I||Basal,010I,Basal,40,IPF
010I||ATII,010I,ATII,31,IPF
010I||T_Regulatory,010I,T_Regulatory,50,IPF
010I||VE_Peribronchial,010I,VE_Peribronchial,17,IPF
010I||Aberrant_Basaloid,010I,Aberrant_Basaloid,26,IPF
010I||cDC1,010I,cDC1,17,IPF
010I||NK,010I,NK,24,IPF
010I||ILC_B,010I,ILC_B,4,IPF
010I||Myofibroblast,010I,Myofibroblast,12,IPF
010I||VE_Venous,010I,VE_Venous,13,IPF
010I||DC_Langerhans,010I,DC_Langerhans,7,IPF
010I||pDC,010I,pDC,10,IPF
010I||B_Plasma,010I,B_Plasma,5,IPF
010I||VE_Capillary_B,010I,VE_Capillary_B,2,IPF
010I||VE_Arterial,010I,VE_Arterial,8,IPF
010I||Lymphatic,010I,Lymphatic,12,IPF
010I||DC_Mature,010I,DC_Mature,8,IPF
010I||VE_Capillary_A,010I,VE_Capillary_A,3,IPF
010I||ATI,010I,ATI,11,IPF
010I||Ionocyte,010I,Ionocyte,1,IPF
010I||ILC_A,010I,ILC_A,5,IPF
010I||SMC,010I,SMC,1,IPF
010I||Mesothelial,010I,Mesothelial,1,IPF
010I||Pericyte,010I,Pericyte,1,IPF
021I||NK,021I,NK,164,IPF
021I||T,021I,T,255,IPF
021I||cDC1,021I,cDC1,9,IPF
021I||Fibroblast,021I,Fibroblast,120,IPF
021I||Lymphatic,021I,Lymphatic,83,IPF
021I||Macrophage_Alveolar,021I,Macrophage_Alveolar,210,IPF
021I||VE_Capillary_B,021I,VE_Capillary_B,28,IPF
021I||T_Cytotoxic,021I,T_Cytotoxic,196,IPF
021I||cMonocyte,021I,cMonocyte,145,IPF
021I||Myofibroblast,021I,Myofibroblast,286,IPF
021I||Macrophage,021I,Macrophage,612,IPF
021I||Ciliated,021I,Ciliated,144,IPF
021I||ncMonocyte,021I,ncMonocyte,125,IPF
021I||VE_Peribronchial,021I,VE_Peribronchial,217,IPF
021I||T_Regulatory,021I,T_Regulatory,25,IPF
021I||VE_Venous,021I,VE_Venous,27,IPF
021I||VE_Capillary_A,021I,VE_Capillary_A,15,IPF
021I||cDC2,021I,cDC2,53,IPF
021I||ATII,021I,ATII,20,IPF
021I||ILC_B,021I,ILC_B,11,IPF
021I||ATI,021I,ATI,31,IPF
021I||Club,021I,Club,41,IPF
021I||Aberrant_Basaloid,021I,Aberrant_Basaloid,17,IPF
021I||Goblet,021I,Goblet,21,IPF
021I||Pericyte,021I,Pericyte,39,IPF
021I||SMC,021I,SMC,55,IPF
021I||ILC_A,021I,ILC_A,15,IPF
021I||DC_Mature,021I,DC_Mature,8,IPF
021I||Basal,021I,Basal,39,IPF
021I||pDC,021I,pDC,12,IPF
021I||VE_Arterial,021I,VE_Arterial,15,IPF
021I||Mast,021I,Mast,4,IPF
021I||Mesothelial,021I,Mesothelial,9,IPF
021I||B,021I,B,9,IPF
021I||B_Plasma,021I,B_Plasma,4,IPF
021I||DC_Langerhans,021I,DC_Langerhans,1,IPF
222C||ATI,222C,ATI,75,Control
222C||Macrophage_Alveolar,222C,Macrophage_Alveolar,2779,Control
222C||ILC_A,222C,ILC_A,46,Control
222C||T,222C,T,1001,Control
222C||T_Cytotoxic,222C,T_Cytotoxic,453,Control
222C||B,222C,B,96,Control
222C||cMonocyte,222C,cMonocyte,1452,Control
222C||Macrophage,222C,Macrophage,2583,Control
222C||NK,222C,NK,519,Control
222C||Club,222C,Club,23,Control
222C||cDC2,222C,cDC2,131,Control
222C||VE_Capillary_B,222C,VE_Capillary_B,84,Control
222C||Ciliated,222C,Ciliated,49,Control
222C||Pericyte,222C,Pericyte,7,Control
222C||Mast,222C,Mast,41,Control
222C||Lymphatic,222C,Lymphatic,45,Control
222C||cDC1,222C,cDC1,44,Control
222C||Fibroblast,222C,Fibroblast,85,Control
222C||SMC,222C,SMC,21,Control
222C||T_Regulatory,222C,T_Regulatory,41,Control
222C||ILC_B,222C,ILC_B,28,Control
222C||DC_Mature,222C,DC_Mature,27,Control
222C||ATII,222C,ATII,120,Control
222C||B_Plasma,222C,B_Plasma,25,Control
222C||ncMonocyte,222C,ncMonocyte,55,Control
222C||VE_Capillary_A,222C,VE_Capillary_A,35,Control
222C||Myofibroblast,222C,Myofibroblast,52,Control
222C||VE_Arterial,222C,VE_Arterial,34,Control
222C||VE_Peribronchial,222C,VE_Peribronchial,14,Control
222C||Goblet,222C,Goblet,7,Control
222C||Basal,222C,Basal,6,Control
222C||VE_Venous,222C,VE_Venous,16,Control
222C||DC_Langerhans,222C,DC_Langerhans,1,Control
222C||PNEC,222C,PNEC,3,Control
222C||Mesothelial,222C,Mesothelial,1,Control
022I||Macrophage,022I,Macrophage,1145,IPF
022I||cMonocyte,022I,cMonocyte,150,IPF
022I||Pericyte,022I,Pericyte,78,IPF
022I||B,022I,B,107,IPF
022I||Macrophage_Alveolar,022I,Macrophage_Alveolar,1079,IPF
022I||Basal,022I,Basal,93,IPF
022I||Fibroblast,022I,Fibroblast,134,IPF
022I||cDC2,022I,cDC2,92,IPF
022I||VE_Peribronchial,022I,VE_Peribronchial,238,IPF
022I||T,022I,T,319,IPF
022I||Myofibroblast,022I,Myofibroblast,291,IPF
022I||VE_Venous,022I,VE_Venous,19,IPF
022I||Goblet,022I,Goblet,21,IPF
022I||ncMonocyte,022I,ncMonocyte,121,IPF
022I||Mast,022I,Mast,25,IPF
022I||Club,022I,Club,58,IPF
022I||T_Cytotoxic,022I,T_Cytotoxic,159,IPF
022I||SMC,022I,SMC,76,IPF
022I||pDC,022I,pDC,15,IPF
022I||ILC_A,022I,ILC_A,9,IPF
022I||VE_Capillary_A,022I,VE_Capillary_A,30,IPF
022I||DC_Mature,022I,DC_Mature,21,IPF
022I||VE_Arterial,022I,VE_Arterial,21,IPF
022I||NK,022I,NK,90,IPF
022I||ATII,022I,ATII,53,IPF
022I||VE_Capillary_B,022I,VE_Capillary_B,58,IPF
022I||ATI,022I,ATI,19,IPF
022I||Ciliated,022I,Ciliated,110,IPF
022I||Lymphatic,022I,Lymphatic,40,IPF
022I||B_Plasma,022I,B_Plasma,14,IPF
022I||Aberrant_Basaloid,022I,Aberrant_Basaloid,4,IPF
022I||DC_Langerhans,022I,DC_Langerhans,4,IPF
022I||T_Regulatory,022I,T_Regulatory,19,IPF
022I||cDC1,022I,cDC1,13,IPF
022I||ILC_B,022I,ILC_B,4,IPF
022I||Ionocyte,022I,Ionocyte,2,IPF
022I||Mesothelial,022I,Mesothelial,2,IPF
022I||PNEC,022I,PNEC,1,IPF
025I||Macrophage_Alveolar,025I,Macrophage_Alveolar,1761,IPF
025I||Macrophage,025I,Macrophage,845,IPF
025I||Ciliated,025I,Ciliated,114,IPF
025I||DC_Mature,025I,DC_Mature,4,IPF
025I||cDC1,025I,cDC1,19,IPF
025I||cDC2,025I,cDC2,81,IPF
025I||T_Cytotoxic,025I,T_Cytotoxic,29,IPF
025I||NK,025I,NK,27,IPF
025I||ncMonocyte,025I,ncMonocyte,21,IPF
025I||cMonocyte,025I,cMonocyte,29,IPF
025I||VE_Peribronchial,025I,VE_Peribronchial,18,IPF
025I||Mesothelial,025I,Mesothelial,5,IPF
025I||Club,025I,Club,20,IPF
025I||VE_Arterial,025I,VE_Arterial,8,IPF
025I||T_Regulatory,025I,T_Regulatory,3,IPF
025I||Lymphatic,025I,Lymphatic,40,IPF
025I||T,025I,T,21,IPF
025I||Goblet,025I,Goblet,45,IPF
025I||SMC,025I,SMC,11,IPF
025I||DC_Langerhans,025I,DC_Langerhans,7,IPF
025I||B,025I,B,19,IPF
025I||VE_Capillary_A,025I,VE_Capillary_A,3,IPF
025I||Fibroblast,025I,Fibroblast,16,IPF
025I||Myofibroblast,025I,Myofibroblast,16,IPF
025I||VE_Venous,025I,VE_Venous,4,IPF
025I||ILC_A,025I,ILC_A,5,IPF
025I||Basal,025I,Basal,12,IPF
025I||pDC,025I,pDC,6,IPF
025I||ATI,025I,ATI,3,IPF
025I||Aberrant_Basaloid,025I,Aberrant_Basaloid,3,IPF
025I||ILC_B,025I,ILC_B,3,IPF
025I||VE_Capillary_B,025I,VE_Capillary_B,5,IPF
025I||ATII,025I,ATII,1,IPF
025I||Pericyte,025I,Pericyte,3,IPF
025I||B_Plasma,025I,B_Plasma,1,IPF
034C||cMonocyte,034C,cMonocyte,11,Control
034C||Macrophage,034C,Macrophage,481,Control
034C||T,034C,T,16,Control
034C||Macrophage_Alveolar,034C,Macrophage_Alveolar,120,Control
034C||ATII,034C,ATII,2,Control
034C||B,034C,B,29,Control
034C||T_Cytotoxic,034C,T_Cytotoxic,6,Control
034C||Fibroblast,034C,Fibroblast,3,Control
034C||Lymphatic,034C,Lymphatic,4,Control
034C||cDC1,034C,cDC1,3,Control
034C||Ciliated,034C,Ciliated,9,Control
034C||Pericyte,034C,Pericyte,1,Control
034C||VE_Peribronchial,034C,VE_Peribronchial,2,Control
034C||NK,034C,NK,6,Control
034C||ncMonocyte,034C,ncMonocyte,4,Control
034C||cDC2,034C,cDC2,3,Control
034C||PNEC,034C,PNEC,1,Control
034C||VE_Arterial,034C,VE_Arterial,3,Control
034C||ATI,034C,ATI,1,Control
034I||VE_Peribronchial,034I,VE_Peribronchial,222,IPF
034I||Pericyte,034I,Pericyte,159,IPF
034I||Macrophage,034I,Macrophage,1656,IPF
034I||Lymphatic,034I,Lymphatic,82,IPF
034I||cDC2,034I,cDC2,74,IPF
034I||Basal,034I,Basal,523,IPF
034I||Ciliated,034I,Ciliated,70,IPF
034I||Club,034I,Club,131,IPF
034I||cMonocyte,034I,cMonocyte,67,IPF
034I||NK,034I,NK,36,IPF
034I||SMC,034I,SMC,68,IPF
034I||VE_Arterial,034I,VE_Arterial,30,IPF
034I||Myofibroblast,034I,Myofibroblast,419,IPF
034I||VE_Capillary_B,034I,VE_Capillary_B,132,IPF
034I||Mast,034I,Mast,62,IPF
034I||T_Regulatory,034I,T_Regulatory,14,IPF
034I||ATII,034I,ATII,19,IPF
034I||Mesothelial,034I,Mesothelial,1,IPF
034I||T,034I,T,82,IPF
034I||VE_Venous,034I,VE_Venous,34,IPF
034I||T_Cytotoxic,034I,T_Cytotoxic,86,IPF
034I||Fibroblast,034I,Fibroblast,38,IPF
034I||Macrophage_Alveolar,034I,Macrophage_Alveolar,21,IPF
034I||Goblet,034I,Goblet,37,IPF
034I||ATI,034I,ATI,4,IPF
034I||B_Plasma,034I,B_Plasma,10,IPF
034I||pDC,034I,pDC,1,IPF
034I||cDC1,034I,cDC1,9,IPF
034I||B,034I,B,43,IPF
034I||ncMonocyte,034I,ncMonocyte,8,IPF
034I||ILC_B,034I,ILC_B,5,IPF
034I||VE_Capillary_A,034I,VE_Capillary_A,6,IPF
034I||Aberrant_Basaloid,034I,Aberrant_Basaloid,5,IPF
034I||DC_Mature,034I,DC_Mature,1,IPF
034I||ILC_A,034I,ILC_A,2,IPF
034I||DC_Langerhans,034I,DC_Langerhans,1,IPF
040I||Macrophage_Alveolar,040I,Macrophage_Alveolar,1700,IPF
040I||Macrophage,040I,Macrophage,1639,IPF
040I||Lymphatic,040I,Lymphatic,55,IPF
040I||Ciliated,040I,Ciliated,201,IPF
040I||ncMonocyte,040I,ncMonocyte,39,IPF
040I||T_Cytotoxic,040I,T_Cytotoxic,132,IPF
040I||cDC1,040I,cDC1,7,IPF
040I||B,040I,B,75,IPF
040I||T,040I,T,205,IPF
040I||NK,040I,NK,29,IPF
040I||cMonocyte,040I,cMonocyte,87,IPF
040I||ILC_A,040I,ILC_A,4,IPF
040I||Fibroblast,040I,Fibroblast,102,IPF
040I||cDC2,040I,cDC2,48,IPF
040I||DC_Langerhans,040I,DC_Langerhans,4,IPF
040I||VE_Peribronchial,040I,VE_Peribronchial,154,IPF
040I||Goblet,040I,Goblet,32,IPF
040I||ATI,040I,ATI,9,IPF
040I||T_Regulatory,040I,T_Regulatory,23,IPF
040I||Myofibroblast,040I,Myofibroblast,146,IPF
040I||Mesothelial,040I,Mesothelial,4,IPF
040I||VE_Venous,040I,VE_Venous,17,IPF
040I||B_Plasma,040I,B_Plasma,22,IPF
040I||Club,040I,Club,14,IPF
040I||Basal,040I,Basal,27,IPF
040I||VE_Capillary_A,040I,VE_Capillary_A,7,IPF
040I||ILC_B,040I,ILC_B,5,IPF
040I||Mast,040I,Mast,7,IPF
040I||DC_Mature,040I,DC_Mature,2,IPF
040I||VE_Arterial,040I,VE_Arterial,4,IPF
040I||pDC,040I,pDC,2,IPF
040I||Pericyte,040I,Pericyte,30,IPF
040I||SMC,040I,SMC,29,IPF
040I||VE_Capillary_B,040I,VE_Capillary_B,16,IPF
040I||ATII,040I,ATII,12,IPF
040I||Aberrant_Basaloid,040I,Aberrant_Basaloid,3,IPF
041I||cMonocyte,041I,cMonocyte,104,IPF
041I||Macrophage,041I,Macrophage,2008,IPF
041I||T_Cytotoxic,041I,T_Cytotoxic,98,IPF
041I||Goblet,041I,Goblet,43,IPF
041I||Fibroblast,041I,Fibroblast,92,IPF
041I||T,041I,T,102,IPF
041I||Macrophage_Alveolar,041I,Macrophage_Alveolar,360,IPF
041I||Basal,041I,Basal,24,IPF
041I||B,041I,B,142,IPF
041I||VE_Peribronchial,041I,VE_Peribronchial,67,IPF
041I||cDC2,041I,cDC2,114,IPF
041I||Ciliated,041I,Ciliated,164,IPF
041I||ncMonocyte,041I,ncMonocyte,61,IPF
041I||Club,041I,Club,32,IPF
041I||VE_Capillary_B,041I,VE_Capillary_B,11,IPF
041I||Aberrant_Basaloid,041I,Aberrant_Basaloid,16,IPF
041I||VE_Arterial,041I,VE_Arterial,13,IPF
041I||VE_Venous,041I,VE_Venous,14,IPF
041I||T_Regulatory,041I,T_Regulatory,23,IPF
041I||Lymphatic,041I,Lymphatic,7,IPF
041I||NK,041I,NK,26,IPF
041I||Myofibroblast,041I,Myofibroblast,37,IPF
041I||B_Plasma,041I,B_Plasma,7,IPF
041I||Pericyte,041I,Pericyte,12,IPF
041I||VE_Capillary_A,041I,VE_Capillary_A,7,IPF
041I||Mast,041I,Mast,1,IPF
041I||cDC1,041I,cDC1,2,IPF
041I||DC_Mature,041I,DC_Mature,9,IPF
041I||Mesothelial,041I,Mesothelial,5,IPF
041I||DC_Langerhans,041I,DC_Langerhans,6,IPF
041I||pDC,041I,pDC,3,IPF
041I||ATII,041I,ATII,4,IPF
041I||ILC_A,041I,ILC_A,4,IPF
041I||SMC,041I,SMC,8,IPF
041I||ILC_B,041I,ILC_B,2,IPF
041I||ATI,041I,ATI,5,IPF
051I||Macrophage,051I,Macrophage,4120,IPF
051I||B,051I,B,403,IPF
051I||Myofibroblast,051I,Myofibroblast,219,IPF
051I||T_Cytotoxic,051I,T_Cytotoxic,351,IPF
051I||VE_Peribronchial,051I,VE_Peribronchial,63,IPF
051I||T,051I,T,191,IPF
051I||Club,051I,Club,54,IPF
051I||Ciliated,051I,Ciliated,336,IPF
051I||Aberrant_Basaloid,051I,Aberrant_Basaloid,15,IPF
051I||NK,051I,NK,187,IPF
051I||VE_Capillary_B,051I,VE_Capillary_B,17,IPF
051I||Fibroblast,051I,Fibroblast,144,IPF
051I||T_Regulatory,051I,T_Regulatory,76,IPF
051I||Mast,051I,Mast,25,IPF
051I||Macrophage_Alveolar,051I,Macrophage_Alveolar,74,IPF
051I||cMonocyte,051I,cMonocyte,253,IPF
051I||Mesothelial,051I,Mesothelial,12,IPF
051I||VE_Venous,051I,VE_Venous,6,IPF
051I||cDC2,051I,cDC2,33,IPF
051I||Pericyte,051I,Pericyte,8,IPF
051I||Lymphatic,051I,Lymphatic,18,IPF
051I||Goblet,051I,Goblet,24,IPF
051I||cDC1,051I,cDC1,8,IPF
051I||Basal,051I,Basal,38,IPF
051I||ATII,051I,ATII,3,IPF
051I||ILC_A,051I,ILC_A,13,IPF
051I||DC_Mature,051I,DC_Mature,2,IPF
051I||B_Plasma,051I,B_Plasma,18,IPF
051I||DC_Langerhans,051I,DC_Langerhans,3,IPF
051I||ncMonocyte,051I,ncMonocyte,1,IPF
051I||SMC,051I,SMC,8,IPF
051I||ILC_B,051I,ILC_B,1,IPF
051I||VE_Arterial,051I,VE_Arterial,9,IPF
051I||ATI,051I,ATI,3,IPF
051I||Ionocyte,051I,Ionocyte,1,IPF
052CO||T_Cytotoxic,052CO,T_Cytotoxic,1023,COPD
052CO||B,052CO,B,81,COPD
052CO||Macrophage_Alveolar,052CO,Macrophage_Alveolar,209,COPD
052CO||T,052CO,T,650,COPD
052CO||ATI,052CO,ATI,95,COPD
052CO||ATII,052CO,ATII,76,COPD
052CO||NK,052CO,NK,254,COPD
052CO||ncMonocyte,052CO,ncMonocyte,146,COPD
052CO||VE_Capillary_B,052CO,VE_Capillary_B,88,COPD
052CO||cDC2,052CO,cDC2,70,COPD
052CO||Macrophage,052CO,Macrophage,109,COPD
052CO||B_Plasma,052CO,B_Plasma,23,COPD
052CO||cMonocyte,052CO,cMonocyte,289,COPD
052CO||VE_Peribronchial,052CO,VE_Peribronchial,1,COPD
052CO||Myofibroblast,052CO,Myofibroblast,42,COPD
052CO||Mast,052CO,Mast,17,COPD
052CO||T_Regulatory,052CO,T_Regulatory,12,COPD
052CO||VE_Capillary_A,052CO,VE_Capillary_A,44,COPD
052CO||cDC1,052CO,cDC1,18,COPD
052CO||Lymphatic,052CO,Lymphatic,26,COPD
052CO||Ciliated,052CO,Ciliated,14,COPD
052CO||Fibroblast,052CO,Fibroblast,22,COPD
052CO||VE_Arterial,052CO,VE_Arterial,16,COPD
052CO||ILC_B,052CO,ILC_B,5,COPD
052CO||Mesothelial,052CO,Mesothelial,6,COPD
052CO||pDC,052CO,pDC,7,COPD
052CO||SMC,052CO,SMC,11,COPD
052CO||ILC_A,052CO,ILC_A,7,COPD
052CO||VE_Venous,052CO,VE_Venous,5,COPD
052CO||Goblet,052CO,Goblet,5,COPD
052CO||DC_Mature,052CO,DC_Mature,1,COPD
052CO||Pericyte,052CO,Pericyte,9,COPD
052CO||Club,052CO,Club,7,COPD
052CO||Basal,052CO,Basal,2,COPD
053I||Macrophage,053I,Macrophage,1707,IPF
053I||DC_Langerhans,053I,DC_Langerhans,2,IPF
053I||B,053I,B,80,IPF
053I||Macrophage_Alveolar,053I,Macrophage_Alveolar,525,IPF
053I||cMonocyte,053I,cMonocyte,66,IPF
053I||NK,053I,NK,391,IPF
053I||T_Cytotoxic,053I,T_Cytotoxic,414,IPF
053I||Ciliated,053I,Ciliated,128,IPF
053I||cDC2,053I,cDC2,150,IPF
053I||ncMonocyte,053I,ncMonocyte,40,IPF
053I||Myofibroblast,053I,Myofibroblast,18,IPF
053I||VE_Peribronchial,053I,VE_Peribronchial,13,IPF
053I||cDC1,053I,cDC1,6,IPF
053I||ILC_A,053I,ILC_A,5,IPF
053I||Fibroblast,053I,Fibroblast,10,IPF
053I||Goblet,053I,Goblet,16,IPF
053I||DC_Mature,053I,DC_Mature,16,IPF
053I||ATII,053I,ATII,2,IPF
053I||ATI,053I,ATI,1,IPF
053I||VE_Arterial,053I,VE_Arterial,4,IPF
053I||ILC_B,053I,ILC_B,4,IPF
053I||VE_Venous,053I,VE_Venous,4,IPF
053I||VE_Capillary_A,053I,VE_Capillary_A,1,IPF
053I||T_Regulatory,053I,T_Regulatory,14,IPF
053I||B_Plasma,053I,B_Plasma,2,IPF
053I||pDC,053I,pDC,9,IPF
053I||Club,053I,Club,14,IPF
053I||Mesothelial,053I,Mesothelial,1,IPF
053I||Aberrant_Basaloid,053I,Aberrant_Basaloid,3,IPF
053I||T,053I,T,38,IPF
053I||Lymphatic,053I,Lymphatic,5,IPF
053I||Pericyte,053I,Pericyte,1,IPF
053I||SMC,053I,SMC,1,IPF
053I||VE_Capillary_B,053I,VE_Capillary_B,2,IPF
053I||Basal,053I,Basal,6,IPF
056CO||cMonocyte,056CO,cMonocyte,216,COPD
056CO||T,056CO,T,677,COPD
056CO||Macrophage_Alveolar,056CO,Macrophage_Alveolar,1189,COPD
056CO||ATII,056CO,ATII,90,COPD
056CO||Ciliated,056CO,Ciliated,99,COPD
056CO||T_Cytotoxic,056CO,T_Cytotoxic,504,COPD
056CO||cDC2,056CO,cDC2,102,COPD
056CO||DC_Mature,056CO,DC_Mature,21,COPD
056CO||B,056CO,B,125,COPD
056CO||Macrophage,056CO,Macrophage,463,COPD
056CO||Myofibroblast,056CO,Myofibroblast,48,COPD
056CO||B_Plasma,056CO,B_Plasma,128,COPD
056CO||NK,056CO,NK,240,COPD
056CO||ILC_B,056CO,ILC_B,4,COPD
056CO||ATI,056CO,ATI,13,COPD
056CO||Lymphatic,056CO,Lymphatic,26,COPD
056CO||Mesothelial,056CO,Mesothelial,11,COPD
056CO||VE_Capillary_B,056CO,VE_Capillary_B,23,COPD
056CO||VE_Peribronchial,056CO,VE_Peribronchial,2,COPD
056CO||ncMonocyte,056CO,ncMonocyte,171,COPD
056CO||cDC1,056CO,cDC1,27,COPD
056CO||Mast,056CO,Mast,26,COPD
056CO||pDC,056CO,pDC,14,COPD
056CO||ILC_A,056CO,ILC_A,12,COPD
056CO||Club,056CO,Club,12,COPD
056CO||Fibroblast,056CO,Fibroblast,13,COPD
056CO||VE_Arterial,056CO,VE_Arterial,12,COPD
056CO||T_Regulatory,056CO,T_Regulatory,11,COPD
056CO||VE_Venous,056CO,VE_Venous,2,COPD
056CO||VE_Capillary_A,056CO,VE_Capillary_A,6,COPD
056CO||Basal,056CO,Basal,5,COPD
056CO||SMC,056CO,SMC,2,COPD
056CO||Goblet,056CO,Goblet,2,COPD
056CO||DC_Langerhans,056CO,DC_Langerhans,1,COPD
063I||Macrophage_Alveolar,063I,Macrophage_Alveolar,2047,IPF
063I||Macrophage,063I,Macrophage,544,IPF
063I||Club,063I,Club,16,IPF
063I||cDC1,063I,cDC1,14,IPF
063I||Myofibroblast,063I,Myofibroblast,229,IPF
063I||ncMonocyte,063I,ncMonocyte,31,IPF
063I||ATII,063I,ATII,9,IPF
063I||DC_Langerhans,063I,DC_Langerhans,1,IPF
063I||cMonocyte,063I,cMonocyte,17,IPF
063I||VE_Venous,063I,VE_Venous,15,IPF
063I||VE_Peribronchial,063I,VE_Peribronchial,79,IPF
063I||Goblet,063I,Goblet,11,IPF
063I||cDC2,063I,cDC2,29,IPF
063I||VE_Capillary_B,063I,VE_Capillary_B,9,IPF
063I||T,063I,T,25,IPF
063I||Basal,063I,Basal,28,IPF
063I||Fibroblast,063I,Fibroblast,10,IPF
063I||VE_Capillary_A,063I,VE_Capillary_A,20,IPF
063I||ILC_B,063I,ILC_B,8,IPF
063I||T_Cytotoxic,063I,T_Cytotoxic,18,IPF
063I||Lymphatic,063I,Lymphatic,25,IPF
063I||Ciliated,063I,Ciliated,22,IPF
063I||pDC,063I,pDC,12,IPF
063I||NK,063I,NK,11,IPF
063I||SMC,063I,SMC,3,IPF
063I||Pericyte,063I,Pericyte,7,IPF
063I||ATI,063I,ATI,4,IPF
063I||B_Plasma,063I,B_Plasma,1,IPF
063I||ILC_A,063I,ILC_A,2,IPF
063I||Aberrant_Basaloid,063I,Aberrant_Basaloid,3,IPF
063I||T_Regulatory,063I,T_Regulatory,7,IPF
063I||Mast,063I,Mast,1,IPF
063I||VE_Arterial,063I,VE_Arterial,4,IPF
063I||B,063I,B,1,IPF
063I||DC_Mature,063I,DC_Mature,1,IPF
065C||Macrophage,065C,Macrophage,1123,Control
065C||cDC2,065C,cDC2,33,Control
065C||Macrophage_Alveolar,065C,Macrophage_Alveolar,366,Control
065C||B,065C,B,19,Control
065C||Ciliated,065C,Ciliated,26,Control
065C||cMonocyte,065C,cMonocyte,157,Control
065C||T,065C,T,17,Control
065C||Fibroblast,065C,Fibroblast,12,Control
065C||Lymphatic,065C,Lymphatic,23,Control
065C||NK,065C,NK,16,Control
065C||ncMonocyte,065C,ncMonocyte,13,Control
065C||VE_Arterial,065C,VE_Arterial,3,Control
065C||T_Cytotoxic,065C,T_Cytotoxic,14,Control
065C||VE_Venous,065C,VE_Venous,4,Control
065C||B_Plasma,065C,B_Plasma,3,Control
065C||Goblet,065C,Goblet,7,Control
065C||Basal,065C,Basal,2,Control
065C||T_Regulatory,065C,T_Regulatory,10,Control
065C||DC_Mature,065C,DC_Mature,6,Control
065C||cDC1,065C,cDC1,4,Control
065C||VE_Capillary_A,065C,VE_Capillary_A,1,Control
065C||ATII,065C,ATII,2,Control
065C||Mesothelial,065C,Mesothelial,2,Control
065C||ILC_A,065C,ILC_A,2,Control
065C||Mast,065C,Mast,1,Control
065C||Club,065C,Club,2,Control
065C||ATI,065C,ATI,2,Control
065C||ILC_B,065C,ILC_B,1,Control
081C||Macrophage,081C,Macrophage,830,Control
081C||cMonocyte,081C,cMonocyte,49,Control
081C||pDC,081C,pDC,1,Control
081C||Club,081C,Club,2,Control
081C||Ciliated,081C,Ciliated,3,Control
081C||ncMonocyte,081C,ncMonocyte,25,Control
081C||Lymphatic,081C,Lymphatic,2,Control
081C||cDC2,081C,cDC2,8,Control
081C||Macrophage_Alveolar,081C,Macrophage_Alveolar,15,Control
081C||DC_Mature,081C,DC_Mature,4,Control
081C||VE_Capillary_A,081C,VE_Capillary_A,3,Control
081C||VE_Capillary_B,081C,VE_Capillary_B,3,Control
081C||T_Cytotoxic,081C,T_Cytotoxic,1,Control
081C||NK,081C,NK,4,Control
081C||B_Plasma,081C,B_Plasma,3,Control
081C||B,081C,B,1,Control
081C||VE_Arterial,081C,VE_Arterial,1,Control
081C||Pericyte,081C,Pericyte,1,Control
081C||Fibroblast,081C,Fibroblast,1,Control
081C||T,081C,T,1,Control
081C||T_Regulatory,081C,T_Regulatory,1,Control
081C||ATI,081C,ATI,1,Control
081C||ATII,081C,ATII,1,Control
081C||Mast,081C,Mast,1,Control
084C||Macrophage,084C,Macrophage,157,Control
084C||Macrophage_Alveolar,084C,Macrophage_Alveolar,191,Control
084C||T_Cytotoxic,084C,T_Cytotoxic,7,Control
084C||Lymphatic,084C,Lymphatic,7,Control
084C||cMonocyte,084C,cMonocyte,16,Control
084C||Pericyte,084C,Pericyte,4,Control
084C||B_Plasma,084C,B_Plasma,3,Control
084C||Myofibroblast,084C,Myofibroblast,2,Control
084C||cDC2,084C,cDC2,8,Control
084C||ncMonocyte,084C,ncMonocyte,39,Control
084C||VE_Venous,084C,VE_Venous,2,Control
084C||Ciliated,084C,Ciliated,2,Control
084C||T,084C,T,11,Control
084C||VE_Capillary_B,084C,VE_Capillary_B,9,Control
084C||ILC_A,084C,ILC_A,1,Control
084C||Fibroblast,084C,Fibroblast,3,Control
084C||VE_Arterial,084C,VE_Arterial,1,Control
084C||B,084C,B,2,Control
084C||DC_Mature,084C,DC_Mature,1,Control
084C||ATII,084C,ATII,2,Control
084C||Club,084C,Club,2,Control
084C||NK,084C,NK,4,Control
084C||ATI,084C,ATI,1,Control
084C||Basal,084C,Basal,1,Control
084C||Mast,084C,Mast,1,Control
092C||Macrophage_Alveolar,092C,Macrophage_Alveolar,2633,Control
092C||Macrophage,092C,Macrophage,1345,Control
092C||ncMonocyte,092C,ncMonocyte,29,Control
092C||cDC2,092C,cDC2,29,Control
092C||cMonocyte,092C,cMonocyte,180,Control
092C||B,092C,B,14,Control
092C||T_Cytotoxic,092C,T_Cytotoxic,12,Control
092C||T,092C,T,4,Control
092C||NK,092C,NK,65,Control
092C||ILC_A,092C,ILC_A,2,Control
092C||DC_Mature,092C,DC_Mature,1,Control
092C||ATI,092C,ATI,1,Control
098C||Macrophage_Alveolar,098C,Macrophage_Alveolar,4160,Control
098C||Macrophage,098C,Macrophage,1333,Control
098C||VE_Capillary_A,098C,VE_Capillary_A,58,Control
098C||cMonocyte,098C,cMonocyte,453,Control
098C||VE_Capillary_B,098C,VE_Capillary_B,49,Control
098C||T_Cytotoxic,098C,T_Cytotoxic,810,Control
098C||NK,098C,NK,549,Control
098C||B,098C,B,213,Control
098C||Lymphatic,098C,Lymphatic,158,Control
098C||Ciliated,098C,Ciliated,182,Control
098C||ATII,098C,ATII,113,Control
098C||Fibroblast,098C,Fibroblast,177,Control
098C||T,098C,T,268,Control
098C||Myofibroblast,098C,Myofibroblast,24,Control
098C||Club,098C,Club,13,Control
098C||ILC_A,098C,ILC_A,37,Control
098C||cDC2,098C,cDC2,176,Control
098C||VE_Arterial,098C,VE_Arterial,47,Control
098C||ncMonocyte,098C,ncMonocyte,71,Control
098C||T_Regulatory,098C,T_Regulatory,66,Control
098C||ATI,098C,ATI,12,Control
098C||cDC1,098C,cDC1,20,Control
098C||Basal,098C,Basal,31,Control
098C||Goblet,098C,Goblet,28,Control
098C||Mesothelial,098C,Mesothelial,6,Control
098C||DC_Mature,098C,DC_Mature,12,Control
098C||Mast,098C,Mast,4,Control
098C||VE_Venous,098C,VE_Venous,21,Control
098C||VE_Peribronchial,098C,VE_Peribronchial,10,Control
098C||B_Plasma,098C,B_Plasma,5,Control
098C||SMC,098C,SMC,8,Control
098C||Ionocyte,098C,Ionocyte,1,Control
098C||ILC_B,098C,ILC_B,9,Control
098C||PNEC,098C,PNEC,2,Control
098C||DC_Langerhans,098C,DC_Langerhans,1,Control
098C||Pericyte,098C,Pericyte,1,Control
123I||Fibroblast,123I,Fibroblast,44,IPF
123I||Macrophage,123I,Macrophage,751,IPF
123I||VE_Venous,123I,VE_Venous,5,IPF
123I||T,123I,T,79,IPF
123I||B,123I,B,161,IPF
123I||Ciliated,123I,Ciliated,79,IPF
123I||Lymphatic,123I,Lymphatic,6,IPF
123I||VE_Peribronchial,123I,VE_Peribronchial,21,IPF
123I||Macrophage_Alveolar,123I,Macrophage_Alveolar,246,IPF
123I||NK,123I,NK,94,IPF
123I||Basal,123I,Basal,11,IPF
123I||cMonocyte,123I,cMonocyte,106,IPF
123I||VE_Capillary_A,123I,VE_Capillary_A,16,IPF
123I||VE_Capillary_B,123I,VE_Capillary_B,7,IPF
123I||T_Cytotoxic,123I,T_Cytotoxic,58,IPF
123I||T_Regulatory,123I,T_Regulatory,18,IPF
123I||Goblet,123I,Goblet,10,IPF
123I||cDC2,123I,cDC2,16,IPF
123I||Myofibroblast,123I,Myofibroblast,29,IPF
123I||Pericyte,123I,Pericyte,6,IPF
123I||ILC_B,123I,ILC_B,5,IPF
123I||ncMonocyte,123I,ncMonocyte,21,IPF
123I||ILC_A,123I,ILC_A,3,IPF
123I||Club,123I,Club,16,IPF
123I||Mesothelial,123I,Mesothelial,4,IPF
123I||Aberrant_Basaloid,123I,Aberrant_Basaloid,1,IPF
123I||VE_Arterial,123I,VE_Arterial,3,IPF
123I||ATII,123I,ATII,4,IPF
123I||B_Plasma,123I,B_Plasma,4,IPF
123I||cDC1,123I,cDC1,2,IPF
123I||pDC,123I,pDC,1,IPF
123I||Ionocyte,123I,Ionocyte,2,IPF
123I||SMC,123I,SMC,2,IPF
123I||ATI,123I,ATI,1,IPF
133C||Macrophage,133C,Macrophage,4339,Control
133C||cMonocyte,133C,cMonocyte,290,Control
133C||ATII,133C,ATII,1514,Control
133C||Macrophage_Alveolar,133C,Macrophage_Alveolar,1136,Control
133C||ATI,133C,ATI,118,Control
133C||T_Cytotoxic,133C,T_Cytotoxic,274,Control
133C||ILC_A,133C,ILC_A,12,Control
133C||ncMonocyte,133C,ncMonocyte,8,Control
133C||Lymphatic,133C,Lymphatic,22,Control
133C||Ciliated,133C,Ciliated,80,Control
133C||NK,133C,NK,80,Control
133C||PNEC,133C,PNEC,1,Control
133C||T,133C,T,146,Control
133C||T_Regulatory,133C,T_Regulatory,22,Control
133C||ILC_B,133C,ILC_B,13,Control
133C||B_Plasma,133C,B_Plasma,16,Control
133C||cDC2,133C,cDC2,111,Control
133C||VE_Arterial,133C,VE_Arterial,19,Control
133C||Goblet,133C,Goblet,13,Control
133C||B,133C,B,50,Control
133C||cDC1,133C,cDC1,14,Control
133C||Mast,133C,Mast,12,Control
133C||VE_Venous,133C,VE_Venous,16,Control
133C||DC_Mature,133C,DC_Mature,13,Control
133C||Club,133C,Club,17,Control
133C||VE_Capillary_B,133C,VE_Capillary_B,2,Control
133C||pDC,133C,pDC,2,Control
133C||DC_Langerhans,133C,DC_Langerhans,2,Control
133C||Myofibroblast,133C,Myofibroblast,1,Control
133C||Ionocyte,133C,Ionocyte,1,Control
133C||Basal,133C,Basal,3,Control
133C||Fibroblast,133C,Fibroblast,1,Control
135I||Macrophage_Alveolar,135I,Macrophage_Alveolar,349,IPF
135I||Macrophage,135I,Macrophage,3638,IPF
135I||NK,135I,NK,155,IPF
135I||cMonocyte,135I,cMonocyte,222,IPF
135I||Ciliated,135I,Ciliated,344,IPF
135I||ncMonocyte,135I,ncMonocyte,95,IPF
135I||B,135I,B,219,IPF
135I||Club,135I,Club,175,IPF
135I||Myofibroblast,135I,Myofibroblast,9,IPF
135I||Fibroblast,135I,Fibroblast,72,IPF
135I||B_Plasma,135I,B_Plasma,6,IPF
135I||Mast,135I,Mast,20,IPF
135I||VE_Peribronchial,135I,VE_Peribronchial,20,IPF
135I||T_Cytotoxic,135I,T_Cytotoxic,355,IPF
135I||cDC2,135I,cDC2,176,IPF
135I||T,135I,T,102,IPF
135I||Goblet,135I,Goblet,75,IPF
135I||Mesothelial,135I,Mesothelial,7,IPF
135I||T_Regulatory,135I,T_Regulatory,21,IPF
135I||Basal,135I,Basal,30,IPF
135I||Aberrant_Basaloid,135I,Aberrant_Basaloid,78,IPF
135I||DC_Mature,135I,DC_Mature,20,IPF
135I||Lymphatic,135I,Lymphatic,7,IPF
135I||ATII,135I,ATII,15,IPF
135I||pDC,135I,pDC,13,IPF
135I||cDC1,135I,cDC1,13,IPF
135I||VE_Venous,135I,VE_Venous,4,IPF
135I||ILC_B,135I,ILC_B,1,IPF
135I||DC_Langerhans,135I,DC_Langerhans,16,IPF
135I||ILC_A,135I,ILC_A,3,IPF
135I||ATI,135I,ATI,3,IPF
135I||VE_Arterial,135I,VE_Arterial,3,IPF
1372C||T_Cytotoxic,1372C,T_Cytotoxic,169,Control
1372C||Macrophage,1372C,Macrophage,1774,Control
1372C||Macrophage_Alveolar,1372C,Macrophage_Alveolar,844,Control
1372C||cMonocyte,1372C,cMonocyte,621,Control
1372C||ATII,1372C,ATII,119,Control
1372C||VE_Venous,1372C,VE_Venous,67,Control
1372C||Fibroblast,1372C,Fibroblast,190,Control
1372C||Lymphatic,1372C,Lymphatic,162,Control
1372C||DC_Mature,1372C,DC_Mature,10,Control
1372C||NK,1372C,NK,29,Control
1372C||VE_Arterial,1372C,VE_Arterial,52,Control
1372C||Ciliated,1372C,Ciliated,138,Control
1372C||cDC2,1372C,cDC2,100,Control
1372C||ncMonocyte,1372C,ncMonocyte,27,Control
1372C||ATI,1372C,ATI,49,Control
1372C||VE_Peribronchial,1372C,VE_Peribronchial,27,Control
1372C||Basal,1372C,Basal,24,Control
1372C||T,1372C,T,48,Control
1372C||Club,1372C,Club,39,Control
1372C||SMC,1372C,SMC,1,Control
1372C||B_Plasma,1372C,B_Plasma,2,Control
1372C||cDC1,1372C,cDC1,3,Control
1372C||ILC_A,1372C,ILC_A,5,Control
1372C||Goblet,1372C,Goblet,10,Control
1372C||VE_Capillary_B,1372C,VE_Capillary_B,12,Control
1372C||B,1372C,B,6,Control
1372C||Myofibroblast,1372C,Myofibroblast,5,Control
1372C||ILC_B,1372C,ILC_B,5,Control
1372C||T_Regulatory,1372C,T_Regulatory,1,Control
1372C||VE_Capillary_A,1372C,VE_Capillary_A,1,Control
1372C||Mast,1372C,Mast,1,Control
137C||T,137C,T,23,Control
137C||NK,137C,NK,114,Control
137C||Macrophage,137C,Macrophage,478,Control
137C||Macrophage_Alveolar,137C,Macrophage_Alveolar,217,Control
137C||B,137C,B,27,Control
137C||cMonocyte,137C,cMonocyte,50,Control
137C||T_Cytotoxic,137C,T_Cytotoxic,34,Control
137C||Ciliated,137C,Ciliated,6,Control
137C||ILC_A,137C,ILC_A,6,Control
137C||Fibroblast,137C,Fibroblast,12,Control
137C||cDC2,137C,cDC2,6,Control
137C||Lymphatic,137C,Lymphatic,7,Control
137C||ATII,137C,ATII,4,Control
137C||VE_Capillary_A,137C,VE_Capillary_A,1,Control
137C||PNEC,137C,PNEC,1,Control
137C||VE_Arterial,137C,VE_Arterial,1,Control
137C||DC_Mature,137C,DC_Mature,1,Control
137C||B_Plasma,137C,B_Plasma,2,Control
137C||T_Regulatory,137C,T_Regulatory,1,Control
137C||ILC_B,137C,ILC_B,1,Control
137C||Myofibroblast,137C,Myofibroblast,2,Control
137C||VE_Capillary_B,137C,VE_Capillary_B,3,Control
137C||ATI,137C,ATI,1,Control
137CO||ncMonocyte,137CO,ncMonocyte,1,COPD
137CO||Basal,137CO,Basal,2,COPD
137CO||ATI,137CO,ATI,6,COPD
137CO||Macrophage,137CO,Macrophage,11,COPD
137CO||Myofibroblast,137CO,Myofibroblast,7,COPD
137CO||Macrophage_Alveolar,137CO,Macrophage_Alveolar,4,COPD
137CO||VE_Capillary_B,137CO,VE_Capillary_B,13,COPD
137CO||VE_Capillary_A,137CO,VE_Capillary_A,4,COPD
137CO||PNEC,137CO,PNEC,1,COPD
137CO||SMC,137CO,SMC,1,COPD
137CO||Pericyte,137CO,Pericyte,1,COPD
137CO||Ciliated,137CO,Ciliated,1,COPD
137CO||VE_Peribronchial,137CO,VE_Peribronchial,1,COPD
137CO||Goblet,137CO,Goblet,2,COPD
137CO||Lymphatic,137CO,Lymphatic,2,COPD
137CO||VE_Arterial,137CO,VE_Arterial,1,COPD
137CO||ATII,137CO,ATII,1,COPD
138I||B,138I,B,82,IPF
138I||Goblet,138I,Goblet,64,IPF
138I||Macrophage,138I,Macrophage,1889,IPF
138I||Club,138I,Club,21,IPF
138I||VE_Peribronchial,138I,VE_Peribronchial,120,IPF
138I||cMonocyte,138I,cMonocyte,202,IPF
138I||NK,138I,NK,92,IPF
138I||Myofibroblast,138I,Myofibroblast,77,IPF
138I||pDC,138I,pDC,43,IPF
138I||T,138I,T,241,IPF
138I||Fibroblast,138I,Fibroblast,187,IPF
138I||B_Plasma,138I,B_Plasma,6,IPF
138I||T_Regulatory,138I,T_Regulatory,47,IPF
138I||T_Cytotoxic,138I,T_Cytotoxic,64,IPF
138I||Ciliated,138I,Ciliated,85,IPF
138I||VE_Venous,138I,VE_Venous,13,IPF
138I||cDC2,138I,cDC2,113,IPF
138I||VE_Capillary_B,138I,VE_Capillary_B,21,IPF
138I||Pericyte,138I,Pericyte,13,IPF
138I||ncMonocyte,138I,ncMonocyte,5,IPF
138I||VE_Arterial,138I,VE_Arterial,23,IPF
138I||SMC,138I,SMC,59,IPF
138I||Lymphatic,138I,Lymphatic,25,IPF
138I||ATII,138I,ATII,12,IPF
138I||Basal,138I,Basal,45,IPF
138I||Mast,138I,Mast,14,IPF
138I||ILC_A,138I,ILC_A,4,IPF
138I||VE_Capillary_A,138I,VE_Capillary_A,4,IPF
138I||DC_Mature,138I,DC_Mature,11,IPF
138I||Ionocyte,138I,Ionocyte,1,IPF
138I||ILC_B,138I,ILC_B,6,IPF
138I||ATI,138I,ATI,1,IPF
138I||cDC1,138I,cDC1,2,IPF
138I||Macrophage_Alveolar,138I,Macrophage_Alveolar,30,IPF
138I||Aberrant_Basaloid,138I,Aberrant_Basaloid,3,IPF
138I||DC_Langerhans,138I,DC_Langerhans,1,IPF
145I||Macrophage_Alveolar,145I,Macrophage_Alveolar,1337,IPF
145I||cDC2,145I,cDC2,256,IPF
145I||Macrophage,145I,Macrophage,1333,IPF
145I||T,145I,T,233,IPF
145I||DC_Mature,145I,DC_Mature,22,IPF
145I||cMonocyte,145I,cMonocyte,227,IPF
145I||Ciliated,145I,Ciliated,240,IPF
145I||T_Cytotoxic,145I,T_Cytotoxic,642,IPF
145I||ncMonocyte,145I,ncMonocyte,105,IPF
145I||Mesothelial,145I,Mesothelial,3,IPF
145I||Basal,145I,Basal,10,IPF
145I||DC_Langerhans,145I,DC_Langerhans,27,IPF
145I||cDC1,145I,cDC1,39,IPF
145I||NK,145I,NK,56,IPF
145I||B,145I,B,112,IPF
145I||Club,145I,Club,32,IPF
145I||ATI,145I,ATI,12,IPF
145I||VE_Peribronchial,145I,VE_Peribronchial,4,IPF
145I||VE_Venous,145I,VE_Venous,2,IPF
145I||T_Regulatory,145I,T_Regulatory,28,IPF
145I||Lymphatic,145I,Lymphatic,1,IPF
145I||Mast,145I,Mast,15,IPF
145I||VE_Arterial,145I,VE_Arterial,4,IPF
145I||ILC_A,145I,ILC_A,9,IPF
145I||Myofibroblast,145I,Myofibroblast,2,IPF
145I||ATII,145I,ATII,7,IPF
145I||pDC,145I,pDC,24,IPF
145I||ILC_B,145I,ILC_B,10,IPF
145I||Fibroblast,145I,Fibroblast,3,IPF
145I||B_Plasma,145I,B_Plasma,1,IPF
145I||Goblet,145I,Goblet,1,IPF
145I||Aberrant_Basaloid,145I,Aberrant_Basaloid,1,IPF
152CO||Macrophage_Alveolar,152CO,Macrophage_Alveolar,2146,COPD
152CO||NK,152CO,NK,356,COPD
152CO||T,152CO,T,507,COPD
152CO||cMonocyte,152CO,cMonocyte,104,COPD
152CO||Mesothelial,152CO,Mesothelial,28,COPD
152CO||DC_Mature,152CO,DC_Mature,18,COPD
152CO||Macrophage,152CO,Macrophage,541,COPD
152CO||cDC2,152CO,cDC2,134,COPD
152CO||Myofibroblast,152CO,Myofibroblast,99,COPD
152CO||ncMonocyte,152CO,ncMonocyte,116,COPD
152CO||B_Plasma,152CO,B_Plasma,34,COPD
152CO||SMC,152CO,SMC,15,COPD
152CO||Mast,152CO,Mast,51,COPD
152CO||Lymphatic,152CO,Lymphatic,75,COPD
152CO||ATII,152CO,ATII,136,COPD
152CO||T_Cytotoxic,152CO,T_Cytotoxic,112,COPD
152CO||T_Regulatory,152CO,T_Regulatory,14,COPD
152CO||VE_Capillary_B,152CO,VE_Capillary_B,30,COPD
152CO||Fibroblast,152CO,Fibroblast,44,COPD
152CO||B,152CO,B,37,COPD
152CO||VE_Arterial,152CO,VE_Arterial,44,COPD
152CO||ILC_A,152CO,ILC_A,19,COPD
152CO||cDC1,152CO,cDC1,38,COPD
152CO||VE_Peribronchial,152CO,VE_Peribronchial,12,COPD
152CO||Club,152CO,Club,22,COPD
152CO||pDC,152CO,pDC,20,COPD
152CO||VE_Venous,152CO,VE_Venous,10,COPD
152CO||ATI,152CO,ATI,42,COPD
152CO||ILC_B,152CO,ILC_B,15,COPD
152CO||Pericyte,152CO,Pericyte,5,COPD
152CO||DC_Langerhans,152CO,DC_Langerhans,1,COPD
152CO||Ciliated,152CO,Ciliated,9,COPD
152CO||PNEC,152CO,PNEC,1,COPD
152CO||Goblet,152CO,Goblet,5,COPD
152CO||VE_Capillary_A,152CO,VE_Capillary_A,6,COPD
152CO||Basal,152CO,Basal,2,COPD
153CO||Macrophage,153CO,Macrophage,481,COPD
153CO||Macrophage_Alveolar,153CO,Macrophage_Alveolar,2113,COPD
153CO||Fibroblast,153CO,Fibroblast,43,COPD
153CO||cMonocyte,153CO,cMonocyte,34,COPD
153CO||Goblet,153CO,Goblet,4,COPD
153CO||T,153CO,T,63,COPD
153CO||pDC,153CO,pDC,4,COPD
153CO||VE_Arterial,153CO,VE_Arterial,12,COPD
153CO||Ciliated,153CO,Ciliated,39,COPD
153CO||Lymphatic,153CO,Lymphatic,65,COPD
153CO||cDC2,153CO,cDC2,53,COPD
153CO||ATI,153CO,ATI,1,COPD
153CO||NK,153CO,NK,112,COPD
153CO||ncMonocyte,153CO,ncMonocyte,15,COPD
153CO||Pericyte,153CO,Pericyte,2,COPD
153CO||cDC1,153CO,cDC1,24,COPD
153CO||Mesothelial,153CO,Mesothelial,35,COPD
153CO||Club,153CO,Club,20,COPD
153CO||Myofibroblast,153CO,Myofibroblast,11,COPD
153CO||DC_Mature,153CO,DC_Mature,17,COPD
153CO||T_Regulatory,153CO,T_Regulatory,6,COPD
153CO||ATII,153CO,ATII,8,COPD
153CO||SMC,153CO,SMC,4,COPD
153CO||B,153CO,B,15,COPD
153CO||T_Cytotoxic,153CO,T_Cytotoxic,15,COPD
153CO||VE_Peribronchial,153CO,VE_Peribronchial,4,COPD
153CO||VE_Capillary_B,153CO,VE_Capillary_B,9,COPD
153CO||Aberrant_Basaloid,153CO,Aberrant_Basaloid,10,COPD
153CO||VE_Capillary_A,153CO,VE_Capillary_A,3,COPD
153CO||PNEC,153CO,PNEC,2,COPD
153CO||ILC_B,153CO,ILC_B,5,COPD
153CO||Basal,153CO,Basal,1,COPD
153CO||Mast,153CO,Mast,8,COPD
153CO||VE_Venous,153CO,VE_Venous,7,COPD
153CO||B_Plasma,153CO,B_Plasma,7,COPD
153CO||ILC_A,153CO,ILC_A,1,COPD
153CO||DC_Langerhans,153CO,DC_Langerhans,2,COPD
157I||Macrophage,157I,Macrophage,3222,IPF
157I||Club,157I,Club,217,IPF
157I||Macrophage_Alveolar,157I,Macrophage_Alveolar,825,IPF
157I||T,157I,T,271,IPF
157I||cMonocyte,157I,cMonocyte,108,IPF
157I||B,157I,B,397,IPF
157I||Ciliated,157I,Ciliated,373,IPF
157I||Goblet,157I,Goblet,82,IPF
157I||T_Cytotoxic,157I,T_Cytotoxic,296,IPF
157I||NK,157I,NK,235,IPF
157I||cDC1,157I,cDC1,20,IPF
157I||T_Regulatory,157I,T_Regulatory,75,IPF
157I||B_Plasma,157I,B_Plasma,20,IPF
157I||Basal,157I,Basal,65,IPF
157I||ATII,157I,ATII,43,IPF
157I||cDC2,157I,cDC2,291,IPF
157I||Mast,157I,Mast,32,IPF
157I||ncMonocyte,157I,ncMonocyte,88,IPF
157I||DC_Mature,157I,DC_Mature,44,IPF
157I||Lymphatic,157I,Lymphatic,21,IPF
157I||VE_Capillary_B,157I,VE_Capillary_B,6,IPF
157I||pDC,157I,pDC,28,IPF
157I||Aberrant_Basaloid,157I,Aberrant_Basaloid,33,IPF
157I||VE_Peribronchial,157I,VE_Peribronchial,36,IPF
157I||Myofibroblast,157I,Myofibroblast,14,IPF
157I||VE_Venous,157I,VE_Venous,18,IPF
157I||DC_Langerhans,157I,DC_Langerhans,19,IPF
157I||SMC,157I,SMC,2,IPF
157I||ILC_A,157I,ILC_A,19,IPF
157I||Pericyte,157I,Pericyte,4,IPF
157I||ILC_B,157I,ILC_B,9,IPF
157I||VE_Capillary_A,157I,VE_Capillary_A,3,IPF
157I||Fibroblast,157I,Fibroblast,26,IPF
157I||ATI,157I,ATI,4,IPF
157I||Mesothelial,157I,Mesothelial,2,IPF
157I||VE_Arterial,157I,VE_Arterial,2,IPF
158I||Macrophage,158I,Macrophage,2453,IPF
158I||Macrophage_Alveolar,158I,Macrophage_Alveolar,1374,IPF
158I||T,158I,T,411,IPF
158I||cDC2,158I,cDC2,93,IPF
158I||pDC,158I,pDC,22,IPF
158I||ncMonocyte,158I,ncMonocyte,95,IPF
158I||T_Cytotoxic,158I,T_Cytotoxic,862,IPF
158I||Ciliated,158I,Ciliated,231,IPF
158I||Basal,158I,Basal,55,IPF
158I||VE_Capillary_B,158I,VE_Capillary_B,10,IPF
158I||ATII,158I,ATII,123,IPF
158I||SMC,158I,SMC,17,IPF
158I||DC_Mature,158I,DC_Mature,10,IPF
158I||B,158I,B,14,IPF
158I||VE_Peribronchial,158I,VE_Peribronchial,26,IPF
158I||NK,158I,NK,85,IPF
158I||cDC1,158I,cDC1,18,IPF
158I||T_Regulatory,158I,T_Regulatory,44,IPF
158I||Goblet,158I,Goblet,16,IPF
158I||Myofibroblast,158I,Myofibroblast,16,IPF
158I||PNEC,158I,PNEC,2,IPF
158I||Club,158I,Club,58,IPF
158I||cMonocyte,158I,cMonocyte,160,IPF
158I||ATI,158I,ATI,11,IPF
158I||Mesothelial,158I,Mesothelial,6,IPF
158I||Fibroblast,158I,Fibroblast,27,IPF
158I||Mast,158I,Mast,23,IPF
158I||VE_Venous,158I,VE_Venous,19,IPF
158I||ILC_B,158I,ILC_B,7,IPF
158I||Lymphatic,158I,Lymphatic,17,IPF
158I||VE_Arterial,158I,VE_Arterial,12,IPF
158I||Aberrant_Basaloid,158I,Aberrant_Basaloid,2,IPF
158I||DC_Langerhans,158I,DC_Langerhans,5,IPF
158I||VE_Capillary_A,158I,VE_Capillary_A,7,IPF
158I||Pericyte,158I,Pericyte,3,IPF
158I||ILC_A,158I,ILC_A,5,IPF
158I||Ionocyte,158I,Ionocyte,1,IPF
160C||Macrophage,160C,Macrophage,2666,Control
160C||ATII,160C,ATII,55,Control
160C||Macrophage_Alveolar,160C,Macrophage_Alveolar,1141,Control
160C||T_Cytotoxic,160C,T_Cytotoxic,101,Control
160C||cMonocyte,160C,cMonocyte,86,Control
160C||Lymphatic,160C,Lymphatic,17,Control
160C||NK,160C,NK,79,Control
160C||Ciliated,160C,Ciliated,57,Control
160C||ncMonocyte,160C,ncMonocyte,38,Control
160C||T,160C,T,39,Control
160C||Fibroblast,160C,Fibroblast,33,Control
160C||Myofibroblast,160C,Myofibroblast,14,Control
160C||cDC2,160C,cDC2,38,Control
160C||ILC_B,160C,ILC_B,5,Control
160C||B,160C,B,6,Control
160C||SMC,160C,SMC,4,Control
160C||T_Regulatory,160C,T_Regulatory,12,Control
160C||VE_Arterial,160C,VE_Arterial,12,Control
160C||Goblet,160C,Goblet,2,Control
160C||VE_Capillary_A,160C,VE_Capillary_A,9,Control
160C||B_Plasma,160C,B_Plasma,15,Control
160C||Mast,160C,Mast,14,Control
160C||Pericyte,160C,Pericyte,3,Control
160C||ILC_A,160C,ILC_A,2,Control
160C||VE_Capillary_B,160C,VE_Capillary_B,14,Control
160C||Club,160C,Club,9,Control
160C||cDC1,160C,cDC1,4,Control
160C||ATI,160C,ATI,10,Control
160C||DC_Langerhans,160C,DC_Langerhans,1,Control
160C||Basal,160C,Basal,2,Control
160C||VE_Venous,160C,VE_Venous,3,Control
160C||VE_Peribronchial,160C,VE_Peribronchial,3,Control
166I||Macrophage,166I,Macrophage,2495,IPF
166I||Myofibroblast,166I,Myofibroblast,49,IPF
166I||Ciliated,166I,Ciliated,202,IPF
166I||cMonocyte,166I,cMonocyte,375,IPF
166I||Macrophage_Alveolar,166I,Macrophage_Alveolar,1361,IPF
166I||ncMonocyte,166I,ncMonocyte,88,IPF
166I||Lymphatic,166I,Lymphatic,33,IPF
166I||pDC,166I,pDC,12,IPF
166I||VE_Venous,166I,VE_Venous,63,IPF
166I||Goblet,166I,Goblet,19,IPF
166I||T_Cytotoxic,166I,T_Cytotoxic,159,IPF
166I||Basal,166I,Basal,17,IPF
166I||B,166I,B,30,IPF
166I||ATII,166I,ATII,34,IPF
166I||T,166I,T,45,IPF
166I||NK,166I,NK,98,IPF
166I||VE_Arterial,166I,VE_Arterial,38,IPF
166I||Fibroblast,166I,Fibroblast,23,IPF
166I||Aberrant_Basaloid,166I,Aberrant_Basaloid,29,IPF
166I||B_Plasma,166I,B_Plasma,6,IPF
166I||VE_Peribronchial,166I,VE_Peribronchial,20,IPF
166I||Mast,166I,Mast,19,IPF
166I||cDC2,166I,cDC2,49,IPF
166I||ATI,166I,ATI,26,IPF
166I||Mesothelial,166I,Mesothelial,21,IPF
166I||DC_Mature,166I,DC_Mature,3,IPF
166I||Pericyte,166I,Pericyte,1,IPF
166I||T_Regulatory,166I,T_Regulatory,4,IPF
166I||Club,166I,Club,21,IPF
166I||VE_Capillary_B,166I,VE_Capillary_B,15,IPF
166I||VE_Capillary_A,166I,VE_Capillary_A,5,IPF
166I||ILC_B,166I,ILC_B,2,IPF
166I||ILC_A,166I,ILC_A,5,IPF
166I||cDC1,166I,cDC1,3,IPF
166I||SMC,166I,SMC,1,IPF
166I||DC_Langerhans,166I,DC_Langerhans,3,IPF
166I||Ionocyte,166I,Ionocyte,3,IPF
174I||Macrophage_Alveolar,174I,Macrophage_Alveolar,1470,IPF
174I||B,174I,B,514,IPF
174I||cMonocyte,174I,cMonocyte,225,IPF
174I||T_Cytotoxic,174I,T_Cytotoxic,155,IPF
174I||Macrophage,174I,Macrophage,1503,IPF
174I||ILC_A,174I,ILC_A,11,IPF
174I||Goblet,174I,Goblet,57,IPF
174I||T,174I,T,407,IPF
174I||cDC2,174I,cDC2,339,IPF
174I||Basal,174I,Basal,56,IPF
174I||DC_Mature,174I,DC_Mature,34,IPF
174I||B_Plasma,174I,B_Plasma,27,IPF
174I||Ciliated,174I,Ciliated,194,IPF
174I||ncMonocyte,174I,ncMonocyte,63,IPF
174I||Lymphatic,174I,Lymphatic,36,IPF
174I||Aberrant_Basaloid,174I,Aberrant_Basaloid,45,IPF
174I||Mast,174I,Mast,45,IPF
174I||Fibroblast,174I,Fibroblast,52,IPF
174I||T_Regulatory,174I,T_Regulatory,54,IPF
174I||VE_Peribronchial,174I,VE_Peribronchial,23,IPF
174I||pDC,174I,pDC,62,IPF
174I||Pericyte,174I,Pericyte,5,IPF
174I||Myofibroblast,174I,Myofibroblast,27,IPF
174I||NK,174I,NK,172,IPF
174I||Club,174I,Club,84,IPF
174I||VE_Arterial,174I,VE_Arterial,8,IPF
174I||DC_Langerhans,174I,DC_Langerhans,17,IPF
174I||cDC1,174I,cDC1,21,IPF
174I||VE_Venous,174I,VE_Venous,14,IPF
174I||ATII,174I,ATII,4,IPF
174I||ILC_B,174I,ILC_B,7,IPF
174I||ATI,174I,ATI,2,IPF
174I||VE_Capillary_A,174I,VE_Capillary_A,4,IPF
174I||Mesothelial,174I,Mesothelial,4,IPF
174I||SMC,174I,SMC,3,IPF
174I||VE_Capillary_B,174I,VE_Capillary_B,2,IPF
177I||Macrophage,177I,Macrophage,1360,IPF
177I||Macrophage_Alveolar,177I,Macrophage_Alveolar,3049,IPF
177I||cDC2,177I,cDC2,193,IPF
177I||cMonocyte,177I,cMonocyte,313,IPF
177I||Aberrant_Basaloid,177I,Aberrant_Basaloid,12,IPF
177I||ncMonocyte,177I,ncMonocyte,207,IPF
177I||NK,177I,NK,205,IPF
177I||T_Cytotoxic,177I,T_Cytotoxic,149,IPF
177I||T,177I,T,182,IPF
177I||Myofibroblast,177I,Myofibroblast,5,IPF
177I||Mesothelial,177I,Mesothelial,54,IPF
177I||VE_Capillary_A,177I,VE_Capillary_A,7,IPF
177I||cDC1,177I,cDC1,38,IPF
177I||Fibroblast,177I,Fibroblast,40,IPF
177I||Goblet,177I,Goblet,59,IPF
177I||Ciliated,177I,Ciliated,108,IPF
177I||Mast,177I,Mast,3,IPF
177I||Club,177I,Club,72,IPF
177I||Lymphatic,177I,Lymphatic,23,IPF
177I||ILC_A,177I,ILC_A,10,IPF
177I||VE_Peribronchial,177I,VE_Peribronchial,5,IPF
177I||pDC,177I,pDC,47,IPF
177I||VE_Capillary_B,177I,VE_Capillary_B,6,IPF
177I||DC_Langerhans,177I,DC_Langerhans,15,IPF
177I||ATII,177I,ATII,10,IPF
177I||DC_Mature,177I,DC_Mature,29,IPF
177I||Basal,177I,Basal,14,IPF
177I||ILC_B,177I,ILC_B,6,IPF
177I||VE_Venous,177I,VE_Venous,5,IPF
177I||B_Plasma,177I,B_Plasma,1,IPF
177I||ATI,177I,ATI,8,IPF
177I||VE_Arterial,177I,VE_Arterial,6,IPF
177I||T_Regulatory,177I,T_Regulatory,9,IPF
177I||SMC,177I,SMC,2,IPF
177I||B,177I,B,2,IPF
178CO||Macrophage_Alveolar,178CO,Macrophage_Alveolar,6349,COPD
178CO||T_Cytotoxic,178CO,T_Cytotoxic,361,COPD
178CO||Macrophage,178CO,Macrophage,400,COPD
178CO||cMonocyte,178CO,cMonocyte,126,COPD
178CO||ncMonocyte,178CO,ncMonocyte,125,COPD
178CO||B_Plasma,178CO,B_Plasma,110,COPD
178CO||pDC,178CO,pDC,34,COPD
178CO||T,178CO,T,171,COPD
178CO||DC_Mature,178CO,DC_Mature,32,COPD
178CO||Mesothelial,178CO,Mesothelial,33,COPD
178CO||NK,178CO,NK,157,COPD
178CO||Basal,178CO,Basal,9,COPD
178CO||cDC2,178CO,cDC2,99,COPD
178CO||cDC1,178CO,cDC1,124,COPD
178CO||B,178CO,B,82,COPD
178CO||Ciliated,178CO,Ciliated,28,COPD
178CO||PNEC,178CO,PNEC,1,COPD
178CO||ATII,178CO,ATII,30,COPD
178CO||ATI,178CO,ATI,24,COPD
178CO||ILC_A,178CO,ILC_A,7,COPD
178CO||Goblet,178CO,Goblet,28,COPD
178CO||Mast,178CO,Mast,20,COPD
178CO||T_Regulatory,178CO,T_Regulatory,12,COPD
178CO||Club,178CO,Club,45,COPD
178CO||VE_Capillary_B,178CO,VE_Capillary_B,7,COPD
178CO||Lymphatic,178CO,Lymphatic,5,COPD
178CO||DC_Langerhans,178CO,DC_Langerhans,5,COPD
178CO||VE_Arterial,178CO,VE_Arterial,9,COPD
178CO||Fibroblast,178CO,Fibroblast,5,COPD
178CO||ILC_B,178CO,ILC_B,3,COPD
178CO||Aberrant_Basaloid,178CO,Aberrant_Basaloid,1,COPD
178CO||Myofibroblast,178CO,Myofibroblast,1,COPD
179I||T,179I,T,186,IPF
179I||Basal,179I,Basal,11,IPF
179I||Macrophage_Alveolar,179I,Macrophage_Alveolar,707,IPF
179I||Macrophage,179I,Macrophage,2283,IPF
179I||Ciliated,179I,Ciliated,38,IPF
179I||T_Cytotoxic,179I,T_Cytotoxic,134,IPF
179I||B,179I,B,123,IPF
179I||Club,179I,Club,24,IPF
179I||cMonocyte,179I,cMonocyte,122,IPF
179I||VE_Arterial,179I,VE_Arterial,15,IPF
179I||Myofibroblast,179I,Myofibroblast,14,IPF
179I||NK,179I,NK,254,IPF
179I||cDC2,179I,cDC2,230,IPF
179I||cDC1,179I,cDC1,25,IPF
179I||DC_Mature,179I,DC_Mature,28,IPF
179I||pDC,179I,pDC,38,IPF
179I||ncMonocyte,179I,ncMonocyte,35,IPF
179I||T_Regulatory,179I,T_Regulatory,54,IPF
179I||VE_Capillary_B,179I,VE_Capillary_B,4,IPF
179I||DC_Langerhans,179I,DC_Langerhans,20,IPF
179I||ILC_B,179I,ILC_B,15,IPF
179I||Lymphatic,179I,Lymphatic,13,IPF
179I||VE_Peribronchial,179I,VE_Peribronchial,6,IPF
179I||Mast,179I,Mast,19,IPF
179I||ATI,179I,ATI,3,IPF
179I||PNEC,179I,PNEC,8,IPF
179I||Aberrant_Basaloid,179I,Aberrant_Basaloid,2,IPF
179I||Goblet,179I,Goblet,8,IPF
179I||Fibroblast,179I,Fibroblast,5,IPF
179I||Mesothelial,179I,Mesothelial,3,IPF
179I||VE_Venous,179I,VE_Venous,5,IPF
179I||VE_Capillary_A,179I,VE_Capillary_A,2,IPF
179I||ILC_A,179I,ILC_A,20,IPF
179I||B_Plasma,179I,B_Plasma,8,IPF
179I||Pericyte,179I,Pericyte,1,IPF
179I||ATII,179I,ATII,1,IPF
184CO||NK,184CO,NK,658,COPD
184CO||T,184CO,T,832,COPD
184CO||Ciliated,184CO,Ciliated,102,COPD
184CO||T_Cytotoxic,184CO,T_Cytotoxic,570,COPD
184CO||ncMonocyte,184CO,ncMonocyte,578,COPD
184CO||Macrophage_Alveolar,184CO,Macrophage_Alveolar,1029,COPD
184CO||ATII,184CO,ATII,27,COPD
184CO||B,184CO,B,110,COPD
184CO||cMonocyte,184CO,cMonocyte,749,COPD
184CO||Macrophage,184CO,Macrophage,774,COPD
184CO||VE_Capillary_B,184CO,VE_Capillary_B,15,COPD
184CO||ATI,184CO,ATI,12,COPD
184CO||Club,184CO,Club,26,COPD
184CO||DC_Mature,184CO,DC_Mature,46,COPD
184CO||Basal,184CO,Basal,12,COPD
184CO||T_Regulatory,184CO,T_Regulatory,69,COPD
184CO||cDC2,184CO,cDC2,373,COPD
184CO||VE_Peribronchial,184CO,VE_Peribronchial,5,COPD
184CO||ILC_B,184CO,ILC_B,48,COPD
184CO||ILC_A,184CO,ILC_A,63,COPD
184CO||B_Plasma,184CO,B_Plasma,16,COPD
184CO||VE_Arterial,184CO,VE_Arterial,26,COPD
184CO||cDC1,184CO,cDC1,53,COPD
184CO||Myofibroblast,184CO,Myofibroblast,15,COPD
184CO||Mesothelial,184CO,Mesothelial,8,COPD
184CO||Mast,184CO,Mast,39,COPD
184CO||Lymphatic,184CO,Lymphatic,30,COPD
184CO||PNEC,184CO,PNEC,21,COPD
184CO||Goblet,184CO,Goblet,15,COPD
184CO||pDC,184CO,pDC,16,COPD
184CO||VE_Venous,184CO,VE_Venous,10,COPD
184CO||Fibroblast,184CO,Fibroblast,23,COPD
184CO||DC_Langerhans,184CO,DC_Langerhans,6,COPD
184CO||SMC,184CO,SMC,2,COPD
184CO||Pericyte,184CO,Pericyte,1,COPD
186CO||ncMonocyte,186CO,ncMonocyte,66,COPD
186CO||cDC2,186CO,cDC2,27,COPD
186CO||NK,186CO,NK,193,COPD
186CO||Macrophage,186CO,Macrophage,688,COPD
186CO||Macrophage_Alveolar,186CO,Macrophage_Alveolar,1722,COPD
186CO||cMonocyte,186CO,cMonocyte,133,COPD
186CO||B_Plasma,186CO,B_Plasma,10,COPD
186CO||T,186CO,T,209,COPD
186CO||T_Cytotoxic,186CO,T_Cytotoxic,281,COPD
186CO||Ciliated,186CO,Ciliated,44,COPD
186CO||ILC_A,186CO,ILC_A,8,COPD
186CO||Mesothelial,186CO,Mesothelial,19,COPD
186CO||VE_Arterial,186CO,VE_Arterial,9,COPD
186CO||Mast,186CO,Mast,13,COPD
186CO||VE_Capillary_B,186CO,VE_Capillary_B,6,COPD
186CO||DC_Mature,186CO,DC_Mature,8,COPD
186CO||cDC1,186CO,cDC1,19,COPD
186CO||B,186CO,B,19,COPD
186CO||Lymphatic,186CO,Lymphatic,24,COPD
186CO||T_Regulatory,186CO,T_Regulatory,17,COPD
186CO||Myofibroblast,186CO,Myofibroblast,5,COPD
186CO||ILC_B,186CO,ILC_B,5,COPD
186CO||Pericyte,186CO,Pericyte,1,COPD
186CO||Fibroblast,186CO,Fibroblast,10,COPD
186CO||VE_Venous,186CO,VE_Venous,4,COPD
186CO||ATI,186CO,ATI,3,COPD
186CO||VE_Capillary_A,186CO,VE_Capillary_A,1,COPD
186CO||Basal,186CO,Basal,1,COPD
186CO||Goblet,186CO,Goblet,2,COPD
186CO||VE_Peribronchial,186CO,VE_Peribronchial,1,COPD
186CO||pDC,186CO,pDC,2,COPD
186CO||ATII,186CO,ATII,1,COPD
192C||Macrophage_Alveolar,192C,Macrophage_Alveolar,287,Control
192C||Macrophage,192C,Macrophage,2797,Control
192C||B_Plasma,192C,B_Plasma,2,Control
192C||ATII,192C,ATII,87,Control
192C||Mast,192C,Mast,40,Control
192C||Fibroblast,192C,Fibroblast,111,Control
192C||B,192C,B,31,Control
192C||T,192C,T,67,Control
192C||Club,192C,Club,12,Control
192C||T_Cytotoxic,192C,T_Cytotoxic,45,Control
192C||ncMonocyte,192C,ncMonocyte,4,Control
192C||NK,192C,NK,135,Control
192C||Ciliated,192C,Ciliated,64,Control
192C||cDC2,192C,cDC2,47,Control
192C||cMonocyte,192C,cMonocyte,18,Control
192C||ATI,192C,ATI,24,Control
192C||Lymphatic,192C,Lymphatic,125,Control
192C||ILC_A,192C,ILC_A,24,Control
192C||cDC1,192C,cDC1,2,Control
192C||VE_Arterial,192C,VE_Arterial,14,Control
192C||VE_Capillary_B,192C,VE_Capillary_B,11,Control
192C||VE_Peribronchial,192C,VE_Peribronchial,3,Control
192C||T_Regulatory,192C,T_Regulatory,3,Control
192C||Myofibroblast,192C,Myofibroblast,5,Control
192C||Goblet,192C,Goblet,5,Control
192C||DC_Mature,192C,DC_Mature,3,Control
192C||SMC,192C,SMC,2,Control
192C||VE_Venous,192C,VE_Venous,12,Control
192C||VE_Capillary_A,192C,VE_Capillary_A,3,Control
192C||ILC_B,192C,ILC_B,3,Control
192C||Basal,192C,Basal,1,Control
192C||PNEC,192C,PNEC,3,Control
192CO||Macrophage_Alveolar,192CO,Macrophage_Alveolar,2554,COPD
192CO||T_Cytotoxic,192CO,T_Cytotoxic,1114,COPD
192CO||NK,192CO,NK,253,COPD
192CO||cDC2,192CO,cDC2,182,COPD
192CO||Macrophage,192CO,Macrophage,411,COPD
192CO||cDC1,192CO,cDC1,46,COPD
192CO||ncMonocyte,192CO,ncMonocyte,151,COPD
192CO||T,192CO,T,1348,COPD
192CO||Ciliated,192CO,Ciliated,93,COPD
192CO||ATI,192CO,ATI,35,COPD
192CO||DC_Mature,192CO,DC_Mature,31,COPD
192CO||Mesothelial,192CO,Mesothelial,22,COPD
192CO||Lymphatic,192CO,Lymphatic,6,COPD
192CO||cMonocyte,192CO,cMonocyte,157,COPD
192CO||ILC_A,192CO,ILC_A,16,COPD
192CO||B_Plasma,192CO,B_Plasma,20,COPD
192CO||ILC_B,192CO,ILC_B,20,COPD
192CO||Mast,192CO,Mast,16,COPD
192CO||B,192CO,B,191,COPD
192CO||Club,192CO,Club,37,COPD
192CO||pDC,192CO,pDC,8,COPD
192CO||T_Regulatory,192CO,T_Regulatory,34,COPD
192CO||VE_Venous,192CO,VE_Venous,2,COPD
192CO||Goblet,192CO,Goblet,18,COPD
192CO||ATII,192CO,ATII,12,COPD
192CO||Fibroblast,192CO,Fibroblast,7,COPD
192CO||Aberrant_Basaloid,192CO,Aberrant_Basaloid,6,COPD
192CO||Basal,192CO,Basal,4,COPD
192CO||Myofibroblast,192CO,Myofibroblast,1,COPD
192CO||DC_Langerhans,192CO,DC_Langerhans,1,COPD
192CO||PNEC,192CO,PNEC,1,COPD
193CO||ncMonocyte,193CO,ncMonocyte,791,COPD
193CO||T,193CO,T,633,COPD
193CO||Macrophage_Alveolar,193CO,Macrophage_Alveolar,1616,COPD
193CO||cMonocyte,193CO,cMonocyte,464,COPD
193CO||T_Cytotoxic,193CO,T_Cytotoxic,807,COPD
193CO||NK,193CO,NK,1166,COPD
193CO||Macrophage,193CO,Macrophage,295,COPD
193CO||Ciliated,193CO,Ciliated,162,COPD
193CO||Goblet,193CO,Goblet,14,COPD
193CO||Mesothelial,193CO,Mesothelial,28,COPD
193CO||DC_Mature,193CO,DC_Mature,31,COPD
193CO||cDC2,193CO,cDC2,142,COPD
193CO||B,193CO,B,121,COPD
193CO||pDC,193CO,pDC,37,COPD
193CO||ATI,193CO,ATI,37,COPD
193CO||VE_Capillary_B,193CO,VE_Capillary_B,6,COPD
193CO||Fibroblast,193CO,Fibroblast,5,COPD
193CO||Club,193CO,Club,104,COPD
193CO||Lymphatic,193CO,Lymphatic,24,COPD
193CO||ILC_B,193CO,ILC_B,10,COPD
193CO||Basal,193CO,Basal,10,COPD
193CO||ATII,193CO,ATII,26,COPD
193CO||ILC_A,193CO,ILC_A,34,COPD
193CO||Mast,193CO,Mast,53,COPD
193CO||cDC1,193CO,cDC1,20,COPD
193CO||Myofibroblast,193CO,Myofibroblast,1,COPD
193CO||T_Regulatory,193CO,T_Regulatory,16,COPD
193CO||DC_Langerhans,193CO,DC_Langerhans,1,COPD
193CO||VE_Arterial,193CO,VE_Arterial,2,COPD
193CO||Aberrant_Basaloid,193CO,Aberrant_Basaloid,1,COPD
193CO||VE_Capillary_A,193CO,VE_Capillary_A,1,COPD
193CO||VE_Venous,193CO,VE_Venous,2,COPD
193CO||B_Plasma,193CO,B_Plasma,1,COPD
193CO||VE_Peribronchial,193CO,VE_Peribronchial,1,COPD
194CO||cDC1,194CO,cDC1,65,COPD
194CO||Macrophage,194CO,Macrophage,1137,COPD
194CO||T_Cytotoxic,194CO,T_Cytotoxic,294,COPD
194CO||B,194CO,B,107,COPD
194CO||T,194CO,T,295,COPD
194CO||cDC2,194CO,cDC2,183,COPD
194CO||pDC,194CO,pDC,25,COPD
194CO||NK,194CO,NK,223,COPD
194CO||cMonocyte,194CO,cMonocyte,289,COPD
194CO||DC_Mature,194CO,DC_Mature,26,COPD
194CO||T_Regulatory,194CO,T_Regulatory,40,COPD
194CO||Ciliated,194CO,Ciliated,78,COPD
194CO||ATI,194CO,ATI,13,COPD
194CO||Mesothelial,194CO,Mesothelial,2,COPD
194CO||Macrophage_Alveolar,194CO,Macrophage_Alveolar,42,COPD
194CO||Club,194CO,Club,8,COPD
194CO||B_Plasma,194CO,B_Plasma,5,COPD
194CO||Aberrant_Basaloid,194CO,Aberrant_Basaloid,4,COPD
194CO||ILC_A,194CO,ILC_A,17,COPD
194CO||ncMonocyte,194CO,ncMonocyte,5,COPD
194CO||Goblet,194CO,Goblet,5,COPD
194CO||ILC_B,194CO,ILC_B,12,COPD
194CO||Basal,194CO,Basal,1,COPD
194CO||Mast,194CO,Mast,5,COPD
194CO||PNEC,194CO,PNEC,1,COPD
194CO||ATII,194CO,ATII,3,COPD
194CO||Fibroblast,194CO,Fibroblast,2,COPD
194CO||VE_Venous,194CO,VE_Venous,1,COPD
207CO||Macrophage,207CO,Macrophage,491,COPD
207CO||cMonocyte,207CO,cMonocyte,378,COPD
207CO||B,207CO,B,390,COPD
207CO||Macrophage_Alveolar,207CO,Macrophage_Alveolar,477,COPD
207CO||Mesothelial,207CO,Mesothelial,38,COPD
207CO||cDC1,207CO,cDC1,14,COPD
207CO||B_Plasma,207CO,B_Plasma,89,COPD
207CO||T_Cytotoxic,207CO,T_Cytotoxic,183,COPD
207CO||T,207CO,T,241,COPD
207CO||T_Regulatory,207CO,T_Regulatory,20,COPD
207CO||NK,207CO,NK,231,COPD
207CO||Fibroblast,207CO,Fibroblast,65,COPD
207CO||Pericyte,207CO,Pericyte,7,COPD
207CO||cDC2,207CO,cDC2,47,COPD
207CO||ATII,207CO,ATII,57,COPD
207CO||Ciliated,207CO,Ciliated,25,COPD
207CO||Goblet,207CO,Goblet,5,COPD
207CO||Mast,207CO,Mast,10,COPD
207CO||VE_Capillary_B,207CO,VE_Capillary_B,22,COPD
207CO||ncMonocyte,207CO,ncMonocyte,79,COPD
207CO||DC_Mature,207CO,DC_Mature,6,COPD
207CO||VE_Capillary_A,207CO,VE_Capillary_A,16,COPD
207CO||Myofibroblast,207CO,Myofibroblast,40,COPD
207CO||Club,207CO,Club,32,COPD
207CO||ILC_B,207CO,ILC_B,5,COPD
207CO||ILC_A,207CO,ILC_A,3,COPD
207CO||Lymphatic,207CO,Lymphatic,8,COPD
207CO||SMC,207CO,SMC,9,COPD
207CO||Basal,207CO,Basal,4,COPD
207CO||pDC,207CO,pDC,14,COPD
207CO||ATI,207CO,ATI,8,COPD
207CO||VE_Peribronchial,207CO,VE_Peribronchial,8,COPD
207CO||VE_Venous,207CO,VE_Venous,5,COPD
207CO||PNEC,207CO,PNEC,1,COPD
207CO||Aberrant_Basaloid,207CO,Aberrant_Basaloid,1,COPD
208C||Macrophage,208C,Macrophage,1407,Control
208C||cMonocyte,208C,cMonocyte,57,Control
208C||Macrophage_Alveolar,208C,Macrophage_Alveolar,340,Control
208C||cDC2,208C,cDC2,27,Control
208C||T,208C,T,31,Control
208C||Ciliated,208C,Ciliated,44,Control
208C||VE_Venous,208C,VE_Venous,3,Control
208C||ILC_B,208C,ILC_B,3,Control
208C||B,208C,B,31,Control
208C||DC_Mature,208C,DC_Mature,12,Control
208C||NK,208C,NK,14,Control
208C||ncMonocyte,208C,ncMonocyte,8,Control
208C||Lymphatic,208C,Lymphatic,18,Control
208C||ILC_A,208C,ILC_A,2,Control
208C||T_Cytotoxic,208C,T_Cytotoxic,12,Control
208C||VE_Capillary_B,208C,VE_Capillary_B,7,Control
208C||ATI,208C,ATI,3,Control
208C||VE_Peribronchial,208C,VE_Peribronchial,1,Control
208C||Mast,208C,Mast,2,Control
208C||T_Regulatory,208C,T_Regulatory,3,Control
208C||Myofibroblast,208C,Myofibroblast,3,Control
208C||Fibroblast,208C,Fibroblast,4,Control
208C||VE_Capillary_A,208C,VE_Capillary_A,2,Control
208C||ATII,208C,ATII,2,Control
208C||Goblet,208C,Goblet,1,Control
209I||Macrophage_Alveolar,209I,Macrophage_Alveolar,591,IPF
209I||Macrophage,209I,Macrophage,2228,IPF
209I||Aberrant_Basaloid,209I,Aberrant_Basaloid,82,IPF
209I||Ciliated,209I,Ciliated,626,IPF
209I||cMonocyte,209I,cMonocyte,187,IPF
209I||Goblet,209I,Goblet,69,IPF
209I||B,209I,B,129,IPF
209I||NK,209I,NK,56,IPF
209I||Basal,209I,Basal,41,IPF
209I||Mesothelial,209I,Mesothelial,27,IPF
209I||Myofibroblast,209I,Myofibroblast,17,IPF
209I||cDC2,209I,cDC2,79,IPF
209I||DC_Langerhans,209I,DC_Langerhans,4,IPF
209I||T_Regulatory,209I,T_Regulatory,8,IPF
209I||T_Cytotoxic,209I,T_Cytotoxic,123,IPF
209I||T,209I,T,59,IPF
209I||Mast,209I,Mast,13,IPF
209I||Club,209I,Club,41,IPF
209I||VE_Venous,209I,VE_Venous,7,IPF
209I||ncMonocyte,209I,ncMonocyte,22,IPF
209I||VE_Peribronchial,209I,VE_Peribronchial,37,IPF
209I||VE_Arterial,209I,VE_Arterial,3,IPF
209I||SMC,209I,SMC,8,IPF
209I||Fibroblast,209I,Fibroblast,16,IPF
209I||Pericyte,209I,Pericyte,11,IPF
209I||DC_Mature,209I,DC_Mature,5,IPF
209I||Lymphatic,209I,Lymphatic,8,IPF
209I||ILC_A,209I,ILC_A,2,IPF
209I||cDC1,209I,cDC1,1,IPF
209I||B_Plasma,209I,B_Plasma,1,IPF
210I||Macrophage,210I,Macrophage,1379,IPF
210I||DC_Mature,210I,DC_Mature,22,IPF
210I||cDC1,210I,cDC1,8,IPF
210I||ILC_B,210I,ILC_B,5,IPF
210I||cDC2,210I,cDC2,153,IPF
210I||B,210I,B,164,IPF
210I||Goblet,210I,Goblet,19,IPF
210I||Macrophage_Alveolar,210I,Macrophage_Alveolar,486,IPF
210I||Ciliated,210I,Ciliated,111,IPF
210I||T,210I,T,85,IPF
210I||cMonocyte,210I,cMonocyte,54,IPF
210I||Club,210I,Club,39,IPF
210I||T_Cytotoxic,210I,T_Cytotoxic,70,IPF
210I||Basal,210I,Basal,25,IPF
210I||DC_Langerhans,210I,DC_Langerhans,16,IPF
210I||T_Regulatory,210I,T_Regulatory,21,IPF
210I||ncMonocyte,210I,ncMonocyte,38,IPF
210I||ATI,210I,ATI,1,IPF
210I||NK,210I,NK,21,IPF
210I||ILC_A,210I,ILC_A,5,IPF
210I||Mesothelial,210I,Mesothelial,1,IPF
210I||Lymphatic,210I,Lymphatic,2,IPF
210I||ATII,210I,ATII,1,IPF
210I||SMC,210I,SMC,2,IPF
210I||Myofibroblast,210I,Myofibroblast,1,IPF
210I||pDC,210I,pDC,3,IPF
210I||Fibroblast,210I,Fibroblast,1,IPF
210I||Mast,210I,Mast,2,IPF
210I||Aberrant_Basaloid,210I,Aberrant_Basaloid,3,IPF
210I||VE_Venous,210I,VE_Venous,1,IPF
210I||Pericyte,210I,Pericyte,1,IPF
210I||VE_Peribronchial,210I,VE_Peribronchial,1,IPF
212I||Club,212I,Club,236,IPF
212I||Macrophage,212I,Macrophage,1788,IPF
212I||Ciliated,212I,Ciliated,827,IPF
212I||T_Cytotoxic,212I,T_Cytotoxic,251,IPF
212I||Macrophage_Alveolar,212I,Macrophage_Alveolar,596,IPF
212I||B,212I,B,155,IPF
212I||Goblet,212I,Goblet,45,IPF
212I||T,212I,T,73,IPF
212I||cDC2,212I,cDC2,57,IPF
212I||cMonocyte,212I,cMonocyte,112,IPF
212I||Myofibroblast,212I,Myofibroblast,8,IPF
212I||Basal,212I,Basal,44,IPF
212I||Aberrant_Basaloid,212I,Aberrant_Basaloid,3,IPF
212I||NK,212I,NK,77,IPF
212I||T_Regulatory,212I,T_Regulatory,24,IPF
212I||VE_Arterial,212I,VE_Arterial,2,IPF
212I||Mast,212I,Mast,8,IPF
212I||DC_Mature,212I,DC_Mature,7,IPF
212I||Ionocyte,212I,Ionocyte,6,IPF
212I||VE_Peribronchial,212I,VE_Peribronchial,6,IPF
212I||ATII,212I,ATII,1,IPF
212I||cDC1,212I,cDC1,3,IPF
212I||ATI,212I,ATI,1,IPF
212I||DC_Langerhans,212I,DC_Langerhans,6,IPF
212I||ILC_B,212I,ILC_B,1,IPF
212I||Lymphatic,212I,Lymphatic,1,IPF
212I||VE_Venous,212I,VE_Venous,3,IPF
212I||ncMonocyte,212I,ncMonocyte,7,IPF
212I||B_Plasma,212I,B_Plasma,2,IPF
212I||Mesothelial,212I,Mesothelial,1,IPF
212I||SMC,212I,SMC,1,IPF
212I||ILC_A,212I,ILC_A,1,IPF
214I||Macrophage,214I,Macrophage,560,IPF
214I||Ciliated,214I,Ciliated,267,IPF
214I||NK,214I,NK,4,IPF
214I||Club,214I,Club,11,IPF
214I||Mesothelial,214I,Mesothelial,6,IPF
214I||Aberrant_Basaloid,214I,Aberrant_Basaloid,4,IPF
214I||VE_Arterial,214I,VE_Arterial,5,IPF
214I||VE_Peribronchial,214I,VE_Peribronchial,8,IPF
214I||Macrophage_Alveolar,214I,Macrophage_Alveolar,18,IPF
214I||Basal,214I,Basal,11,IPF
214I||cMonocyte,214I,cMonocyte,12,IPF
214I||Fibroblast,214I,Fibroblast,3,IPF
214I||Goblet,214I,Goblet,4,IPF
214I||Lymphatic,214I,Lymphatic,2,IPF
214I||Mast,214I,Mast,3,IPF
214I||T,214I,T,5,IPF
214I||VE_Venous,214I,VE_Venous,2,IPF
214I||ATII,214I,ATII,2,IPF
214I||B,214I,B,4,IPF
214I||T_Cytotoxic,214I,T_Cytotoxic,4,IPF
214I||cDC1,214I,cDC1,3,IPF
214I||ncMonocyte,214I,ncMonocyte,2,IPF
214I||SMC,214I,SMC,1,IPF
214I||cDC2,214I,cDC2,6,IPF
214I||pDC,214I,pDC,1,IPF
214I||Myofibroblast,214I,Myofibroblast,3,IPF
214I||VE_Capillary_B,214I,VE_Capillary_B,2,IPF
217CO||NK,217CO,NK,319,COPD
217CO||T,217CO,T,295,COPD
217CO||B,217CO,B,89,COPD
217CO||T_Cytotoxic,217CO,T_Cytotoxic,297,COPD
217CO||Club,217CO,Club,45,COPD
217CO||cMonocyte,217CO,cMonocyte,692,COPD
217CO||Ciliated,217CO,Ciliated,77,COPD
217CO||Macrophage,217CO,Macrophage,172,COPD
217CO||Macrophage_Alveolar,217CO,Macrophage_Alveolar,221,COPD
217CO||ATII,217CO,ATII,29,COPD
217CO||ncMonocyte,217CO,ncMonocyte,91,COPD
217CO||Myofibroblast,217CO,Myofibroblast,6,COPD
217CO||SMC,217CO,SMC,8,COPD
217CO||VE_Venous,217CO,VE_Venous,4,COPD
217CO||ATI,217CO,ATI,15,COPD
217CO||Basal,217CO,Basal,16,COPD
217CO||Goblet,217CO,Goblet,9,COPD
217CO||Mesothelial,217CO,Mesothelial,7,COPD
217CO||Lymphatic,217CO,Lymphatic,15,COPD
217CO||VE_Arterial,217CO,VE_Arterial,4,COPD
217CO||B_Plasma,217CO,B_Plasma,4,COPD
217CO||cDC2,217CO,cDC2,38,COPD
217CO||ILC_A,217CO,ILC_A,8,COPD
217CO||ILC_B,217CO,ILC_B,2,COPD
217CO||T_Regulatory,217CO,T_Regulatory,4,COPD
217CO||Mast,217CO,Mast,9,COPD
217CO||Pericyte,217CO,Pericyte,2,COPD
217CO||VE_Capillary_B,217CO,VE_Capillary_B,22,COPD
217CO||PNEC,217CO,PNEC,2,COPD
217CO||VE_Capillary_A,217CO,VE_Capillary_A,9,COPD
217CO||Fibroblast,217CO,Fibroblast,4,COPD
217CO||cDC1,217CO,cDC1,3,COPD
217CO||pDC,217CO,pDC,2,COPD
218C||Macrophage,218C,Macrophage,3659,Control
218C||Ciliated,218C,Ciliated,160,Control
218C||Macrophage_Alveolar,218C,Macrophage_Alveolar,160,Control
218C||B,218C,B,60,Control
218C||cDC2,218C,cDC2,21,Control
218C||T_Cytotoxic,218C,T_Cytotoxic,111,Control
218C||T,218C,T,202,Control
218C||NK,218C,NK,189,Control
218C||ncMonocyte,218C,ncMonocyte,15,Control
218C||ATII,218C,ATII,43,Control
218C||Lymphatic,218C,Lymphatic,22,Control
218C||Fibroblast,218C,Fibroblast,32,Control
218C||Myofibroblast,218C,Myofibroblast,12,Control
218C||Mast,218C,Mast,8,Control
218C||cMonocyte,218C,cMonocyte,36,Control
218C||ILC_A,218C,ILC_A,13,Control
218C||DC_Mature,218C,DC_Mature,16,Control
218C||Club,218C,Club,5,Control
218C||VE_Venous,218C,VE_Venous,6,Control
218C||B_Plasma,218C,B_Plasma,5,Control
218C||Basal,218C,Basal,2,Control
218C||cDC1,218C,cDC1,2,Control
218C||T_Regulatory,218C,T_Regulatory,11,Control
218C||ATI,218C,ATI,3,Control
218C||ILC_B,218C,ILC_B,5,Control
218C||Goblet,218C,Goblet,8,Control
218C||VE_Arterial,218C,VE_Arterial,3,Control
218C||VE_Capillary_B,218C,VE_Capillary_B,1,Control
221I||Macrophage_Alveolar,221I,Macrophage_Alveolar,575,IPF
221I||Macrophage,221I,Macrophage,2746,IPF
221I||Ciliated,221I,Ciliated,390,IPF
221I||NK,221I,NK,269,IPF
221I||Club,221I,Club,70,IPF
221I||B,221I,B,288,IPF
221I||cDC2,221I,cDC2,112,IPF
221I||cMonocyte,221I,cMonocyte,241,IPF
221I||Goblet,221I,Goblet,42,IPF
221I||ncMonocyte,221I,ncMonocyte,102,IPF
221I||T_Cytotoxic,221I,T_Cytotoxic,81,IPF
221I||Fibroblast,221I,Fibroblast,16,IPF
221I||T,221I,T,96,IPF
221I||VE_Capillary_A,221I,VE_Capillary_A,1,IPF
221I||Aberrant_Basaloid,221I,Aberrant_Basaloid,6,IPF
221I||ILC_A,221I,ILC_A,6,IPF
221I||VE_Venous,221I,VE_Venous,3,IPF
221I||T_Regulatory,221I,T_Regulatory,11,IPF
221I||DC_Mature,221I,DC_Mature,9,IPF
221I||Mast,221I,Mast,22,IPF
221I||DC_Langerhans,221I,DC_Langerhans,16,IPF
221I||Myofibroblast,221I,Myofibroblast,5,IPF
221I||Lymphatic,221I,Lymphatic,6,IPF
221I||Basal,221I,Basal,36,IPF
221I||pDC,221I,pDC,9,IPF
221I||ATII,221I,ATII,3,IPF
221I||VE_Peribronchial,221I,VE_Peribronchial,8,IPF
221I||Pericyte,221I,Pericyte,1,IPF
221I||ILC_B,221I,ILC_B,7,IPF
221I||PNEC,221I,PNEC,1,IPF
221I||cDC1,221I,cDC1,5,IPF
221I||VE_Arterial,221I,VE_Arterial,3,IPF
221I||SMC,221I,SMC,1,IPF
221I||B_Plasma,221I,B_Plasma,3,IPF
221I||Ionocyte,221I,Ionocyte,1,IPF
222I||Macrophage,222I,Macrophage,3723,IPF
222I||Club,222I,Club,164,IPF
222I||Macrophage_Alveolar,222I,Macrophage_Alveolar,824,IPF
222I||Goblet,222I,Goblet,84,IPF
222I||Myofibroblast,222I,Myofibroblast,49,IPF
222I||cMonocyte,222I,cMonocyte,464,IPF
222I||B,222I,B,376,IPF
222I||cDC2,222I,cDC2,195,IPF
222I||T_Cytotoxic,222I,T_Cytotoxic,542,IPF
222I||T,222I,T,465,IPF
222I||Ciliated,222I,Ciliated,551,IPF
222I||ncMonocyte,222I,ncMonocyte,188,IPF
222I||Basal,222I,Basal,76,IPF
222I||T_Regulatory,222I,T_Regulatory,52,IPF
222I||Lymphatic,222I,Lymphatic,29,IPF
222I||NK,222I,NK,350,IPF
222I||Mesothelial,222I,Mesothelial,12,IPF
222I||VE_Arterial,222I,VE_Arterial,15,IPF
222I||Mast,222I,Mast,63,IPF
222I||ILC_A,222I,ILC_A,22,IPF
222I||VE_Venous,222I,VE_Venous,8,IPF
222I||ATII,222I,ATII,11,IPF
222I||Aberrant_Basaloid,222I,Aberrant_Basaloid,25,IPF
222I||Fibroblast,222I,Fibroblast,44,IPF
222I||DC_Mature,222I,DC_Mature,16,IPF
222I||VE_Peribronchial,222I,VE_Peribronchial,15,IPF
222I||VE_Capillary_B,222I,VE_Capillary_B,10,IPF
222I||cDC1,222I,cDC1,21,IPF
222I||B_Plasma,222I,B_Plasma,6,IPF
222I||ATI,222I,ATI,4,IPF
222I||pDC,222I,pDC,12,IPF
222I||SMC,222I,SMC,4,IPF
222I||DC_Langerhans,222I,DC_Langerhans,26,IPF
222I||ILC_B,222I,ILC_B,8,IPF
222I||Pericyte,222I,Pericyte,3,IPF
222I||Ionocyte,222I,Ionocyte,4,IPF
225I||Macrophage_Alveolar,225I,Macrophage_Alveolar,2893,IPF
225I||Macrophage,225I,Macrophage,5193,IPF
225I||cDC2,225I,cDC2,341,IPF
225I||VE_Peribronchial,225I,VE_Peribronchial,181,IPF
225I||Mast,225I,Mast,90,IPF
225I||SMC,225I,SMC,116,IPF
225I||Lymphatic,225I,Lymphatic,41,IPF
225I||ncMonocyte,225I,ncMonocyte,192,IPF
225I||Myofibroblast,225I,Myofibroblast,572,IPF
225I||T_Cytotoxic,225I,T_Cytotoxic,112,IPF
225I||T,225I,T,138,IPF
225I||Ciliated,225I,Ciliated,568,IPF
225I||cMonocyte,225I,cMonocyte,390,IPF
225I||NK,225I,NK,278,IPF
225I||VE_Capillary_B,225I,VE_Capillary_B,89,IPF
225I||Pericyte,225I,Pericyte,130,IPF
225I||VE_Arterial,225I,VE_Arterial,36,IPF
225I||Goblet,225I,Goblet,21,IPF
225I||Fibroblast,225I,Fibroblast,36,IPF
225I||ATII,225I,ATII,60,IPF
225I||B,225I,B,49,IPF
225I||Aberrant_Basaloid,225I,Aberrant_Basaloid,9,IPF
225I||DC_Mature,225I,DC_Mature,14,IPF
225I||ATI,225I,ATI,3,IPF
225I||pDC,225I,pDC,30,IPF
225I||ILC_B,225I,ILC_B,15,IPF
225I||Mesothelial,225I,Mesothelial,8,IPF
225I||Basal,225I,Basal,18,IPF
225I||DC_Langerhans,225I,DC_Langerhans,33,IPF
225I||T_Regulatory,225I,T_Regulatory,17,IPF
225I||cDC1,225I,cDC1,16,IPF
225I||VE_Capillary_A,225I,VE_Capillary_A,30,IPF
225I||ILC_A,225I,ILC_A,14,IPF
225I||VE_Venous,225I,VE_Venous,59,IPF
225I||Club,225I,Club,13,IPF
225I||B_Plasma,225I,B_Plasma,1,IPF
226C||Macrophage,226C,Macrophage,9042,Control
226C||VE_Arterial,226C,VE_Arterial,2,Control
226C||T,226C,T,255,Control
226C||NK,226C,NK,87,Control
226C||Club,226C,Club,7,Control
226C||ATII,226C,ATII,133,Control
226C||cDC2,226C,cDC2,141,Control
226C||T_Cytotoxic,226C,T_Cytotoxic,266,Control
226C||ncMonocyte,226C,ncMonocyte,10,Control
226C||B,226C,B,151,Control
226C||ILC_A,226C,ILC_A,30,Control
226C||Macrophage_Alveolar,226C,Macrophage_Alveolar,225,Control
226C||Mast,226C,Mast,5,Control
226C||Fibroblast,226C,Fibroblast,28,Control
226C||cDC1,226C,cDC1,27,Control
226C||Ciliated,226C,Ciliated,104,Control
226C||T_Regulatory,226C,T_Regulatory,16,Control
226C||VE_Venous,226C,VE_Venous,7,Control
226C||cMonocyte,226C,cMonocyte,68,Control
226C||ATI,226C,ATI,5,Control
226C||B_Plasma,226C,B_Plasma,5,Control
226C||Goblet,226C,Goblet,5,Control
226C||ILC_B,226C,ILC_B,13,Control
226C||DC_Mature,226C,DC_Mature,12,Control
226C||pDC,226C,pDC,7,Control
226C||Lymphatic,226C,Lymphatic,4,Control
226C||Myofibroblast,226C,Myofibroblast,4,Control
226C||PNEC,226C,PNEC,1,Control
226C||VE_Capillary_B,226C,VE_Capillary_B,1,Control
228I||cMonocyte,228I,cMonocyte,42,IPF
228I||Macrophage,228I,Macrophage,2032,IPF
228I||Macrophage_Alveolar,228I,Macrophage_Alveolar,183,IPF
228I||Myofibroblast,228I,Myofibroblast,185,IPF
228I||B,228I,B,85,IPF
228I||NK,228I,NK,124,IPF
228I||T,228I,T,23,IPF
228I||Ciliated,228I,Ciliated,60,IPF
228I||VE_Peribronchial,228I,VE_Peribronchial,63,IPF
228I||Pericyte,228I,Pericyte,11,IPF
228I||T_Cytotoxic,228I,T_Cytotoxic,134,IPF
228I||VE_Arterial,228I,VE_Arterial,11,IPF
228I||Fibroblast,228I,Fibroblast,55,IPF
228I||Goblet,228I,Goblet,3,IPF
228I||cDC2,228I,cDC2,5,IPF
228I||ncMonocyte,228I,ncMonocyte,5,IPF
228I||T_Regulatory,228I,T_Regulatory,29,IPF
228I||VE_Capillary_A,228I,VE_Capillary_A,7,IPF
228I||SMC,228I,SMC,30,IPF
228I||Mesothelial,228I,Mesothelial,16,IPF
228I||Lymphatic,228I,Lymphatic,14,IPF
228I||Mast,228I,Mast,26,IPF
228I||VE_Capillary_B,228I,VE_Capillary_B,10,IPF
228I||ATII,228I,ATII,4,IPF
228I||Club,228I,Club,4,IPF
228I||VE_Venous,228I,VE_Venous,12,IPF
228I||Aberrant_Basaloid,228I,Aberrant_Basaloid,5,IPF
228I||DC_Mature,228I,DC_Mature,2,IPF
228I||ILC_A,228I,ILC_A,2,IPF
228I||pDC,228I,pDC,1,IPF
228I||Basal,228I,Basal,5,IPF
228I||B_Plasma,228I,B_Plasma,2,IPF
228I||ILC_B,228I,ILC_B,1,IPF
228I||cDC1,228I,cDC1,1,IPF
228I||DC_Langerhans,228I,DC_Langerhans,1,IPF
235CO||Macrophage_Alveolar,235CO,Macrophage_Alveolar,1787,COPD
235CO||B,235CO,B,213,COPD
235CO||Macrophage,235CO,Macrophage,420,COPD
235CO||cMonocyte,235CO,cMonocyte,108,COPD
235CO||Mast,235CO,Mast,116,COPD
235CO||VE_Peribronchial,235CO,VE_Peribronchial,20,COPD
235CO||cDC2,235CO,cDC2,57,COPD
235CO||Myofibroblast,235CO,Myofibroblast,76,COPD
235CO||T_Cytotoxic,235CO,T_Cytotoxic,207,COPD
235CO||B_Plasma,235CO,B_Plasma,121,COPD
235CO||NK,235CO,NK,184,COPD
235CO||pDC,235CO,pDC,19,COPD
235CO||ILC_A,235CO,ILC_A,12,COPD
235CO||ATII,235CO,ATII,175,COPD
235CO||Fibroblast,235CO,Fibroblast,39,COPD
235CO||Pericyte,235CO,Pericyte,12,COPD
235CO||Club,235CO,Club,86,COPD
235CO||T,235CO,T,114,COPD
235CO||Mesothelial,235CO,Mesothelial,10,COPD
235CO||ncMonocyte,235CO,ncMonocyte,55,COPD
235CO||VE_Arterial,235CO,VE_Arterial,13,COPD
235CO||ATI,235CO,ATI,1,COPD
235CO||cDC1,235CO,cDC1,28,COPD
235CO||Ciliated,235CO,Ciliated,71,COPD
235CO||Basal,235CO,Basal,21,COPD
235CO||Lymphatic,235CO,Lymphatic,36,COPD
235CO||DC_Mature,235CO,DC_Mature,11,COPD
235CO||SMC,235CO,SMC,7,COPD
235CO||Aberrant_Basaloid,235CO,Aberrant_Basaloid,6,COPD
235CO||ILC_B,235CO,ILC_B,16,COPD
235CO||Goblet,235CO,Goblet,16,COPD
235CO||VE_Capillary_B,235CO,VE_Capillary_B,7,COPD
235CO||T_Regulatory,235CO,T_Regulatory,12,COPD
235CO||VE_Venous,235CO,VE_Venous,3,COPD
235CO||DC_Langerhans,235CO,DC_Langerhans,1,COPD
237CO||Macrophage_Alveolar,237CO,Macrophage_Alveolar,163,COPD
237CO||Macrophage,237CO,Macrophage,690,COPD
237CO||B,237CO,B,527,COPD
237CO||Mast,237CO,Mast,224,COPD
237CO||B_Plasma,237CO,B_Plasma,94,COPD
237CO||ncMonocyte,237CO,ncMonocyte,232,COPD
237CO||cDC2,237CO,cDC2,181,COPD
237CO||Lymphatic,237CO,Lymphatic,40,COPD
237CO||NK,237CO,NK,147,COPD
237CO||cMonocyte,237CO,cMonocyte,446,COPD
237CO||cDC1,237CO,cDC1,49,COPD
237CO||VE_Capillary_B,237CO,VE_Capillary_B,28,COPD
237CO||pDC,237CO,pDC,17,COPD
237CO||Myofibroblast,237CO,Myofibroblast,29,COPD
237CO||VE_Peribronchial,237CO,VE_Peribronchial,18,COPD
237CO||Ciliated,237CO,Ciliated,48,COPD
237CO||Pericyte,237CO,Pericyte,17,COPD
237CO||T,237CO,T,184,COPD
237CO||ATII,237CO,ATII,71,COPD
237CO||Fibroblast,237CO,Fibroblast,40,COPD
237CO||T_Cytotoxic,237CO,T_Cytotoxic,84,COPD
237CO||ATI,237CO,ATI,33,COPD
237CO||T_Regulatory,237CO,T_Regulatory,18,COPD
237CO||SMC,237CO,SMC,11,COPD
237CO||Mesothelial,237CO,Mesothelial,36,COPD
237CO||Club,237CO,Club,14,COPD
237CO||VE_Venous,237CO,VE_Venous,6,COPD
237CO||VE_Arterial,237CO,VE_Arterial,10,COPD
237CO||VE_Capillary_A,237CO,VE_Capillary_A,21,COPD
237CO||ILC_A,237CO,ILC_A,10,COPD
237CO||Basal,237CO,Basal,10,COPD
237CO||DC_Mature,237CO,DC_Mature,9,COPD
237CO||ILC_B,237CO,ILC_B,9,COPD
237CO||Aberrant_Basaloid,237CO,Aberrant_Basaloid,1,COPD
237CO||PNEC,237CO,PNEC,1,COPD
238CO||T_Cytotoxic,238CO,T_Cytotoxic,114,COPD
238CO||Macrophage,238CO,Macrophage,399,COPD
238CO||Macrophage_Alveolar,238CO,Macrophage_Alveolar,630,COPD
238CO||Pericyte,238CO,Pericyte,7,COPD
238CO||Mast,238CO,Mast,67,COPD
238CO||VE_Capillary_A,238CO,VE_Capillary_A,1,COPD
238CO||ILC_A,238CO,ILC_A,9,COPD
238CO||T,238CO,T,192,COPD
238CO||cDC2,238CO,cDC2,71,COPD
238CO||ncMonocyte,238CO,ncMonocyte,61,COPD
238CO||T_Regulatory,238CO,T_Regulatory,10,COPD
238CO||cDC1,238CO,cDC1,29,COPD
238CO||B,238CO,B,95,COPD
238CO||DC_Mature,238CO,DC_Mature,9,COPD
238CO||Fibroblast,238CO,Fibroblast,25,COPD
238CO||Mesothelial,238CO,Mesothelial,3,COPD
238CO||ATII,238CO,ATII,47,COPD
238CO||pDC,238CO,pDC,4,COPD
238CO||Myofibroblast,238CO,Myofibroblast,25,COPD
238CO||Ciliated,238CO,Ciliated,15,COPD
238CO||NK,238CO,NK,26,COPD
238CO||VE_Arterial,238CO,VE_Arterial,2,COPD
238CO||VE_Capillary_B,238CO,VE_Capillary_B,6,COPD
238CO||B_Plasma,238CO,B_Plasma,23,COPD
238CO||ATI,238CO,ATI,10,COPD
238CO||SMC,238CO,SMC,5,COPD
238CO||cMonocyte,238CO,cMonocyte,29,COPD
238CO||Club,238CO,Club,9,COPD
238CO||Lymphatic,238CO,Lymphatic,7,COPD
238CO||ILC_B,238CO,ILC_B,4,COPD
238CO||VE_Venous,238CO,VE_Venous,3,COPD
238CO||DC_Langerhans,238CO,DC_Langerhans,2,COPD
23CO||Macrophage_Alveolar,23CO,Macrophage_Alveolar,913,COPD
23CO||T_Cytotoxic,23CO,T_Cytotoxic,55,COPD
23CO||cMonocyte,23CO,cMonocyte,199,COPD
23CO||B,23CO,B,59,COPD
23CO||ncMonocyte,23CO,ncMonocyte,27,COPD
23CO||Macrophage,23CO,Macrophage,219,COPD
23CO||NK,23CO,NK,58,COPD
23CO||T,23CO,T,140,COPD
23CO||Myofibroblast,23CO,Myofibroblast,14,COPD
23CO||cDC2,23CO,cDC2,30,COPD
23CO||ATI,23CO,ATI,16,COPD
23CO||Ciliated,23CO,Ciliated,7,COPD
23CO||VE_Capillary_B,23CO,VE_Capillary_B,16,COPD
23CO||B_Plasma,23CO,B_Plasma,9,COPD
23CO||T_Regulatory,23CO,T_Regulatory,5,COPD
23CO||Club,23CO,Club,3,COPD
23CO||Mesothelial,23CO,Mesothelial,2,COPD
23CO||DC_Mature,23CO,DC_Mature,3,COPD
23CO||Mast,23CO,Mast,7,COPD
23CO||ILC_B,23CO,ILC_B,2,COPD
23CO||Lymphatic,23CO,Lymphatic,4,COPD
23CO||VE_Arterial,23CO,VE_Arterial,3,COPD
23CO||SMC,23CO,SMC,4,COPD
23CO||VE_Venous,23CO,VE_Venous,7,COPD
23CO||ATII,23CO,ATII,3,COPD
23CO||Aberrant_Basaloid,23CO,Aberrant_Basaloid,3,COPD
23CO||ILC_A,23CO,ILC_A,4,COPD
23CO||VE_Capillary_A,23CO,VE_Capillary_A,5,COPD
23CO||VE_Peribronchial,23CO,VE_Peribronchial,4,COPD
23CO||Fibroblast,23CO,Fibroblast,6,COPD
23CO||Pericyte,23CO,Pericyte,2,COPD
23CO||Basal,23CO,Basal,1,COPD
23CO||cDC1,23CO,cDC1,4,COPD
23CO||Goblet,23CO,Goblet,2,COPD
23CO||PNEC,23CO,PNEC,1,COPD
23CO||pDC,23CO,pDC,2,COPD
244C||B,244C,B,12,Control
244C||NK,244C,NK,8,Control
244C||Ciliated,244C,Ciliated,17,Control
244C||Macrophage,244C,Macrophage,24,Control
244C||Lymphatic,244C,Lymphatic,1,Control
244C||Pericyte,244C,Pericyte,2,Control
244C||ATI,244C,ATI,61,Control
244C||Fibroblast,244C,Fibroblast,4,Control
244C||Macrophage_Alveolar,244C,Macrophage_Alveolar,5,Control
244C||VE_Capillary_A,244C,VE_Capillary_A,7,Control
244C||T_Cytotoxic,244C,T_Cytotoxic,15,Control
244C||VE_Capillary_B,244C,VE_Capillary_B,3,Control
244C||Myofibroblast,244C,Myofibroblast,2,Control
244C||VE_Venous,244C,VE_Venous,1,Control
244C||SMC,244C,SMC,1,Control
244C||cMonocyte,244C,cMonocyte,1,Control
244C||T,244C,T,1,Control
253C||Macrophage_Alveolar,253C,Macrophage_Alveolar,124,Control
253C||cDC1,253C,cDC1,14,Control
253C||T_Regulatory,253C,T_Regulatory,4,Control
253C||Macrophage,253C,Macrophage,226,Control
253C||VE_Capillary_B,253C,VE_Capillary_B,16,Control
253C||cMonocyte,253C,cMonocyte,312,Control
253C||T_Cytotoxic,253C,T_Cytotoxic,49,Control
253C||VE_Arterial,253C,VE_Arterial,15,Control
253C||Fibroblast,253C,Fibroblast,11,Control
253C||Mast,253C,Mast,3,Control
253C||B,253C,B,5,Control
253C||NK,253C,NK,29,Control
253C||T,253C,T,9,Control
253C||Myofibroblast,253C,Myofibroblast,12,Control
253C||B_Plasma,253C,B_Plasma,1,Control
253C||ncMonocyte,253C,ncMonocyte,21,Control
253C||cDC2,253C,cDC2,35,Control
253C||VE_Venous,253C,VE_Venous,8,Control
253C||Lymphatic,253C,Lymphatic,16,Control
253C||SMC,253C,SMC,3,Control
253C||Ciliated,253C,Ciliated,5,Control
253C||ILC_A,253C,ILC_A,4,Control
253C||DC_Langerhans,253C,DC_Langerhans,1,Control
253C||DC_Mature,253C,DC_Mature,4,Control
253C||ATII,253C,ATII,3,Control
253C||Goblet,253C,Goblet,1,Control
253C||PNEC,253C,PNEC,3,Control
253C||ATI,253C,ATI,2,Control
253C||VE_Capillary_A,253C,VE_Capillary_A,4,Control
253C||ILC_B,253C,ILC_B,1,Control
296C||Macrophage_Alveolar,296C,Macrophage_Alveolar,1276,Control
296C||cMonocyte,296C,cMonocyte,548,Control
296C||Macrophage,296C,Macrophage,636,Control
296C||Ciliated,296C,Ciliated,14,Control
296C||NK,296C,NK,83,Control
296C||VE_Capillary_A,296C,VE_Capillary_A,34,Control
296C||ATII,296C,ATII,88,Control
296C||VE_Capillary_B,296C,VE_Capillary_B,141,Control
296C||T,296C,T,115,Control
296C||Lymphatic,296C,Lymphatic,81,Control
296C||T_Cytotoxic,296C,T_Cytotoxic,82,Control
296C||VE_Venous,296C,VE_Venous,9,Control
296C||VE_Arterial,296C,VE_Arterial,11,Control
296C||ncMonocyte,296C,ncMonocyte,31,Control
296C||ILC_A,296C,ILC_A,2,Control
296C||Mast,296C,Mast,5,Control
296C||SMC,296C,SMC,10,Control
296C||Fibroblast,296C,Fibroblast,15,Control
296C||T_Regulatory,296C,T_Regulatory,6,Control
296C||Basal,296C,Basal,4,Control
296C||Myofibroblast,296C,Myofibroblast,11,Control
296C||VE_Peribronchial,296C,VE_Peribronchial,15,Control
296C||Club,296C,Club,11,Control
296C||DC_Mature,296C,DC_Mature,1,Control
296C||ATI,296C,ATI,7,Control
296C||cDC1,296C,cDC1,3,Control
296C||B_Plasma,296C,B_Plasma,2,Control
296C||Goblet,296C,Goblet,1,Control
296C||Mesothelial,296C,Mesothelial,2,Control
296C||B,296C,B,7,Control
296C||cDC2,296C,cDC2,7,Control
296C||ILC_B,296C,ILC_B,2,Control
296C||Pericyte,296C,Pericyte,1,Control
29I||cDC2,29I,cDC2,30,IPF
29I||B,29I,B,12,IPF
29I||Ciliated,29I,Ciliated,85,IPF
29I||Macrophage,29I,Macrophage,463,IPF
29I||cMonocyte,29I,cMonocyte,58,IPF
29I||Macrophage_Alveolar,29I,Macrophage_Alveolar,451,IPF
29I||ATII,29I,ATII,4,IPF
29I||T_Cytotoxic,29I,T_Cytotoxic,19,IPF
29I||T,29I,T,16,IPF
29I||NK,29I,NK,8,IPF
29I||Goblet,29I,Goblet,13,IPF
29I||pDC,29I,pDC,5,IPF
29I||ncMonocyte,29I,ncMonocyte,6,IPF
29I||DC_Mature,29I,DC_Mature,4,IPF
29I||Pericyte,29I,Pericyte,3,IPF
29I||cDC1,29I,cDC1,8,IPF
29I||VE_Peribronchial,29I,VE_Peribronchial,17,IPF
29I||Aberrant_Basaloid,29I,Aberrant_Basaloid,8,IPF
29I||T_Regulatory,29I,T_Regulatory,2,IPF
29I||VE_Venous,29I,VE_Venous,2,IPF
29I||Basal,29I,Basal,4,IPF
29I||Fibroblast,29I,Fibroblast,5,IPF
29I||SMC,29I,SMC,5,IPF
29I||VE_Capillary_A,29I,VE_Capillary_A,3,IPF
29I||ATI,29I,ATI,1,IPF
29I||Club,29I,Club,8,IPF
29I||DC_Langerhans,29I,DC_Langerhans,7,IPF
29I||ILC_A,29I,ILC_A,1,IPF
29I||ILC_B,29I,ILC_B,2,IPF
29I||VE_Capillary_B,29I,VE_Capillary_B,2,IPF
29I||Mast,29I,Mast,1,IPF
29I||Ionocyte,29I,Ionocyte,1,IPF
388C||Macrophage,388C,Macrophage,811,Control
388C||Macrophage_Alveolar,388C,Macrophage_Alveolar,953,Control
388C||NK,388C,NK,55,Control
388C||T_Cytotoxic,388C,T_Cytotoxic,19,Control
388C||Myofibroblast,388C,Myofibroblast,12,Control
388C||VE_Venous,388C,VE_Venous,10,Control
388C||T,388C,T,44,Control
388C||B_Plasma,388C,B_Plasma,30,Control
388C||ncMonocyte,388C,ncMonocyte,24,Control
388C||Basal,388C,Basal,4,Control
388C||VE_Arterial,388C,VE_Arterial,19,Control
388C||ATI,388C,ATI,11,Control
388C||B,388C,B,29,Control
388C||cMonocyte,388C,cMonocyte,30,Control
388C||cDC2,388C,cDC2,26,Control
388C||Ciliated,388C,Ciliated,33,Control
388C||PNEC,388C,PNEC,2,Control
388C||VE_Capillary_B,388C,VE_Capillary_B,30,Control
388C||Lymphatic,388C,Lymphatic,21,Control
388C||DC_Mature,388C,DC_Mature,5,Control
388C||Mesothelial,388C,Mesothelial,21,Control
388C||Fibroblast,388C,Fibroblast,32,Control
388C||ILC_A,388C,ILC_A,5,Control
388C||ILC_B,388C,ILC_B,4,Control
388C||ATII,388C,ATII,7,Control
388C||VE_Capillary_A,388C,VE_Capillary_A,4,Control
388C||Pericyte,388C,Pericyte,2,Control
388C||Club,388C,Club,11,Control
388C||cDC1,388C,cDC1,4,Control
388C||SMC,388C,SMC,6,Control
388C||Mast,388C,Mast,3,Control
388C||T_Regulatory,388C,T_Regulatory,2,Control
388C||VE_Peribronchial,388C,VE_Peribronchial,3,Control
396C||Macrophage_Alveolar,396C,Macrophage_Alveolar,587,Control
396C||Macrophage,396C,Macrophage,368,Control
396C||Basal,396C,Basal,3,Control
396C||ATII,396C,ATII,170,Control
396C||Club,396C,Club,9,Control
396C||ATI,396C,ATI,7,Control
396C||cMonocyte,396C,cMonocyte,8,Control
396C||Goblet,396C,Goblet,2,Control
396C||Lymphatic,396C,Lymphatic,16,Control
396C||NK,396C,NK,2,Control
396C||cDC2,396C,cDC2,19,Control
396C||Mesothelial,396C,Mesothelial,2,Control
396C||Ciliated,396C,Ciliated,15,Control
396C||ncMonocyte,396C,ncMonocyte,3,Control
396C||T_Regulatory,396C,T_Regulatory,1,Control
396C||VE_Venous,396C,VE_Venous,4,Control
396C||SMC,396C,SMC,1,Control
396C||B_Plasma,396C,B_Plasma,5,Control
396C||B,396C,B,2,Control
396C||Myofibroblast,396C,Myofibroblast,1,Control
396C||VE_Capillary_B,396C,VE_Capillary_B,2,Control
396C||VE_Arterial,396C,VE_Arterial,3,Control
396C||Fibroblast,396C,Fibroblast,3,Control
396C||T,396C,T,3,Control
396C||DC_Langerhans,396C,DC_Langerhans,1,Control
396C||VE_Peribronchial,396C,VE_Peribronchial,2,Control
396C||ILC_A,396C,ILC_A,1,Control
439C||Macrophage_Alveolar,439C,Macrophage_Alveolar,2474,Control
439C||NK,439C,NK,319,Control
439C||T,439C,T,1371,Control
439C||cMonocyte,439C,cMonocyte,397,Control
439C||Macrophage,439C,Macrophage,1129,Control
439C||ILC_B,439C,ILC_B,13,Control
439C||T_Cytotoxic,439C,T_Cytotoxic,586,Control
439C||ATII,439C,ATII,19,Control
439C||Club,439C,Club,15,Control
439C||DC_Mature,439C,DC_Mature,4,Control
439C||ncMonocyte,439C,ncMonocyte,389,Control
439C||Lymphatic,439C,Lymphatic,27,Control
439C||Fibroblast,439C,Fibroblast,18,Control
439C||cDC2,439C,cDC2,60,Control
439C||Ciliated,439C,Ciliated,53,Control
439C||VE_Venous,439C,VE_Venous,13,Control
439C||B_Plasma,439C,B_Plasma,20,Control
439C||ILC_A,439C,ILC_A,49,Control
439C||T_Regulatory,439C,T_Regulatory,37,Control
439C||Mast,439C,Mast,5,Control
439C||VE_Arterial,439C,VE_Arterial,5,Control
439C||B,439C,B,45,Control
439C||VE_Capillary_B,439C,VE_Capillary_B,12,Control
439C||Goblet,439C,Goblet,3,Control
439C||Myofibroblast,439C,Myofibroblast,12,Control
439C||ATI,439C,ATI,8,Control
439C||cDC1,439C,cDC1,9,Control
439C||VE_Peribronchial,439C,VE_Peribronchial,1,Control
439C||SMC,439C,SMC,1,Control
439C||VE_Capillary_A,439C,VE_Capillary_A,10,Control
439C||Pericyte,439C,Pericyte,1,Control
439C||Mesothelial,439C,Mesothelial,2,Control
454C||ATII,454C,ATII,89,Control
454C||Macrophage,454C,Macrophage,467,Control
454C||Lymphatic,454C,Lymphatic,43,Control
454C||cMonocyte,454C,cMonocyte,68,Control
454C||VE_Arterial,454C,VE_Arterial,8,Control
454C||Macrophage_Alveolar,454C,Macrophage_Alveolar,61,Control
454C||ncMonocyte,454C,ncMonocyte,84,Control
454C||T_Cytotoxic,454C,T_Cytotoxic,95,Control
454C||NK,454C,NK,21,Control
454C||cDC2,454C,cDC2,61,Control
454C||B,454C,B,7,Control
454C||ATI,454C,ATI,50,Control
454C||T,454C,T,24,Control
454C||SMC,454C,SMC,5,Control
454C||VE_Venous,454C,VE_Venous,7,Control
454C||DC_Mature,454C,DC_Mature,10,Control
454C||Club,454C,Club,8,Control
454C||Fibroblast,454C,Fibroblast,4,Control
454C||cDC1,454C,cDC1,11,Control
454C||B_Plasma,454C,B_Plasma,6,Control
454C||Myofibroblast,454C,Myofibroblast,3,Control
454C||pDC,454C,pDC,7,Control
454C||VE_Capillary_A,454C,VE_Capillary_A,4,Control
454C||Goblet,454C,Goblet,1,Control
454C||DC_Langerhans,454C,DC_Langerhans,1,Control
454C||VE_Capillary_B,454C,VE_Capillary_B,5,Control
454C||Ciliated,454C,Ciliated,1,Control
454C||Basal,454C,Basal,1,Control
454C||ILC_A,454C,ILC_A,1,Control
465C||Macrophage_Alveolar,465C,Macrophage_Alveolar,822,Control
465C||T_Cytotoxic,465C,T_Cytotoxic,450,Control
465C||NK,465C,NK,146,Control
465C||ncMonocyte,465C,ncMonocyte,11,Control
465C||Macrophage,465C,Macrophage,183,Control
465C||T,465C,T,518,Control
465C||B_Plasma,465C,B_Plasma,11,Control
465C||B,465C,B,189,Control
465C||ATII,465C,ATII,24,Control
465C||cDC2,465C,cDC2,40,Control
465C||cDC1,465C,cDC1,5,Control
465C||Fibroblast,465C,Fibroblast,29,Control
465C||cMonocyte,465C,cMonocyte,31,Control
465C||ILC_B,465C,ILC_B,19,Control
465C||Mesothelial,465C,Mesothelial,8,Control
465C||ILC_A,465C,ILC_A,11,Control
465C||Lymphatic,465C,Lymphatic,26,Control
465C||T_Regulatory,465C,T_Regulatory,39,Control
465C||Myofibroblast,465C,Myofibroblast,3,Control
465C||VE_Arterial,465C,VE_Arterial,10,Control
465C||Mast,465C,Mast,6,Control
465C||SMC,465C,SMC,2,Control
465C||Ciliated,465C,Ciliated,11,Control
465C||VE_Venous,465C,VE_Venous,9,Control
465C||Club,465C,Club,1,Control
465C||Basal,465C,Basal,5,Control
465C||ATI,465C,ATI,1,Control
47I||cDC2,47I,cDC2,36,IPF
47I||Macrophage_Alveolar,47I,Macrophage_Alveolar,850,IPF
47I||VE_Venous,47I,VE_Venous,2,IPF
47I||Macrophage,47I,Macrophage,975,IPF
47I||cMonocyte,47I,cMonocyte,47,IPF
47I||NK,47I,NK,77,IPF
47I||B,47I,B,87,IPF
47I||T_Cytotoxic,47I,T_Cytotoxic,103,IPF
47I||Myofibroblast,47I,Myofibroblast,23,IPF
47I||Lymphatic,47I,Lymphatic,25,IPF
47I||VE_Arterial,47I,VE_Arterial,4,IPF
47I||Goblet,47I,Goblet,6,IPF
47I||VE_Peribronchial,47I,VE_Peribronchial,13,IPF
47I||Mast,47I,Mast,2,IPF
47I||Ciliated,47I,Ciliated,66,IPF
47I||Mesothelial,47I,Mesothelial,7,IPF
47I||DC_Langerhans,47I,DC_Langerhans,4,IPF
47I||ncMonocyte,47I,ncMonocyte,29,IPF
47I||Basal,47I,Basal,11,IPF
47I||Fibroblast,47I,Fibroblast,20,IPF
47I||B_Plasma,47I,B_Plasma,2,IPF
47I||T,47I,T,32,IPF
47I||VE_Capillary_B,47I,VE_Capillary_B,1,IPF
47I||DC_Mature,47I,DC_Mature,4,IPF
47I||T_Regulatory,47I,T_Regulatory,4,IPF
47I||SMC,47I,SMC,5,IPF
47I||Club,47I,Club,5,IPF
47I||ILC_A,47I,ILC_A,4,IPF
47I||VE_Capillary_A,47I,VE_Capillary_A,2,IPF
47I||cDC1,47I,cDC1,1,IPF
47I||ATI,47I,ATI,2,IPF
47I||pDC,47I,pDC,2,IPF
483C||Macrophage_Alveolar,483C,Macrophage_Alveolar,1141,Control
483C||T,483C,T,33,Control
483C||cMonocyte,483C,cMonocyte,77,Control
483C||Macrophage,483C,Macrophage,690,Control
483C||ncMonocyte,483C,ncMonocyte,46,Control
483C||ATII,483C,ATII,28,Control
483C||Lymphatic,483C,Lymphatic,36,Control
483C||Club,483C,Club,8,Control
483C||T_Cytotoxic,483C,T_Cytotoxic,17,Control
483C||Fibroblast,483C,Fibroblast,5,Control
483C||Ciliated,483C,Ciliated,15,Control
483C||VE_Capillary_B,483C,VE_Capillary_B,5,Control
483C||NK,483C,NK,3,Control
483C||ATI,483C,ATI,6,Control
483C||T_Regulatory,483C,T_Regulatory,9,Control
483C||cDC2,483C,cDC2,20,Control
483C||B_Plasma,483C,B_Plasma,3,Control
483C||ILC_A,483C,ILC_A,2,Control
483C||Goblet,483C,Goblet,2,Control
483C||cDC1,483C,cDC1,1,Control
483C||Basal,483C,Basal,5,Control
483C||DC_Langerhans,483C,DC_Langerhans,4,Control
483C||Mast,483C,Mast,1,Control
483C||ILC_B,483C,ILC_B,1,Control
483C||VE_Arterial,483C,VE_Arterial,1,Control
484C||Macrophage,484C,Macrophage,276,Control
484C||T_Cytotoxic,484C,T_Cytotoxic,250,Control
484C||Macrophage_Alveolar,484C,Macrophage_Alveolar,273,Control
484C||B_Plasma,484C,B_Plasma,39,Control
484C||T_Regulatory,484C,T_Regulatory,11,Control
484C||cDC2,484C,cDC2,90,Control
484C||NK,484C,NK,49,Control
484C||T,484C,T,46,Control
484C||B,484C,B,24,Control
484C||cMonocyte,484C,cMonocyte,18,Control
484C||cDC1,484C,cDC1,6,Control
484C||ncMonocyte,484C,ncMonocyte,5,Control
484C||ILC_B,484C,ILC_B,2,Control
484C||DC_Mature,484C,DC_Mature,1,Control
484C||ILC_A,484C,ILC_A,1,Control
484C||Fibroblast,484C,Fibroblast,1,Control
484C||Myofibroblast,484C,Myofibroblast,1,Control
484C||Mesothelial,484C,Mesothelial,1,Control
484C||Club,484C,Club,1,Control
484C||Ciliated,484C,Ciliated,1,Control
484C||VE_Peribronchial,484C,VE_Peribronchial,1,Control
484C||Basal,484C,Basal,1,Control
484C||ATII,484C,ATII,1,Control
484C||DC_Langerhans,484C,DC_Langerhans,3,Control
49I||Myofibroblast,49I,Myofibroblast,78,IPF
49I||Macrophage,49I,Macrophage,1896,IPF
49I||B,49I,B,356,IPF
49I||Macrophage_Alveolar,49I,Macrophage_Alveolar,563,IPF
49I||Ciliated,49I,Ciliated,253,IPF
49I||NK,49I,NK,148,IPF
49I||T,49I,T,226,IPF
49I||ILC_B,49I,ILC_B,13,IPF
49I||T_Cytotoxic,49I,T_Cytotoxic,299,IPF
49I||cMonocyte,49I,cMonocyte,85,IPF
49I||cDC2,49I,cDC2,110,IPF
49I||VE_Venous,49I,VE_Venous,16,IPF
49I||ncMonocyte,49I,ncMonocyte,65,IPF
49I||VE_Capillary_B,49I,VE_Capillary_B,26,IPF
49I||Basal,49I,Basal,45,IPF
49I||DC_Mature,49I,DC_Mature,7,IPF
49I||Mesothelial,49I,Mesothelial,11,IPF
49I||VE_Capillary_A,49I,VE_Capillary_A,18,IPF
49I||Pericyte,49I,Pericyte,32,IPF
49I||VE_Peribronchial,49I,VE_Peribronchial,84,IPF
49I||T_Regulatory,49I,T_Regulatory,54,IPF
49I||Goblet,49I,Goblet,16,IPF
49I||ILC_A,49I,ILC_A,14,IPF
49I||cDC1,49I,cDC1,20,IPF
49I||Lymphatic,49I,Lymphatic,43,IPF
49I||SMC,49I,SMC,16,IPF
49I||B_Plasma,49I,B_Plasma,9,IPF
49I||DC_Langerhans,49I,DC_Langerhans,7,IPF
49I||Club,49I,Club,16,IPF
49I||Fibroblast,49I,Fibroblast,25,IPF
49I||pDC,49I,pDC,5,IPF
49I||VE_Arterial,49I,VE_Arterial,11,IPF
49I||Mast,49I,Mast,2,IPF
49I||Aberrant_Basaloid,49I,Aberrant_Basaloid,2,IPF
49I||ATII,49I,ATII,1,IPF
49I||ATI,49I,ATI,2,IPF
59I||NK,59I,NK,164,IPF
59I||Basal,59I,Basal,12,IPF
59I||Macrophage,59I,Macrophage,266,IPF
59I||VE_Peribronchial,59I,VE_Peribronchial,117,IPF
59I||cMonocyte,59I,cMonocyte,27,IPF
59I||Lymphatic,59I,Lymphatic,13,IPF
59I||Club,59I,Club,4,IPF
59I||Fibroblast,59I,Fibroblast,22,IPF
59I||VE_Arterial,59I,VE_Arterial,10,IPF
59I||T,59I,T,126,IPF
59I||ncMonocyte,59I,ncMonocyte,11,IPF
59I||Pericyte,59I,Pericyte,15,IPF
59I||B,59I,B,63,IPF
59I||VE_Capillary_A,59I,VE_Capillary_A,5,IPF
59I||T_Cytotoxic,59I,T_Cytotoxic,59,IPF
59I||SMC,59I,SMC,21,IPF
59I||B_Plasma,59I,B_Plasma,3,IPF
59I||VE_Venous,59I,VE_Venous,14,IPF
59I||Ciliated,59I,Ciliated,53,IPF
59I||Macrophage_Alveolar,59I,Macrophage_Alveolar,77,IPF
59I||Myofibroblast,59I,Myofibroblast,30,IPF
59I||cDC2,59I,cDC2,7,IPF
59I||T_Regulatory,59I,T_Regulatory,14,IPF
59I||cDC1,59I,cDC1,1,IPF
59I||Goblet,59I,Goblet,5,IPF
59I||ILC_A,59I,ILC_A,6,IPF
59I||ILC_B,59I,ILC_B,2,IPF
59I||VE_Capillary_B,59I,VE_Capillary_B,3,IPF
59I||DC_Langerhans,59I,DC_Langerhans,3,IPF
59I||ATII,59I,ATII,2,IPF
59I||Mast,59I,Mast,3,IPF
59I||ATI,59I,ATI,1,IPF
59I||DC_Mature,59I,DC_Mature,1,IPF
59I||pDC,59I,pDC,2,IPF
8CO||T_Regulatory,8CO,T_Regulatory,4,COPD
8CO||Myofibroblast,8CO,Myofibroblast,7,COPD
8CO||T,8CO,T,53,COPD
8CO||Macrophage,8CO,Macrophage,63,COPD
8CO||Lymphatic,8CO,Lymphatic,3,COPD
8CO||Macrophage_Alveolar,8CO,Macrophage_Alveolar,86,COPD
8CO||B,8CO,B,8,COPD
8CO||cMonocyte,8CO,cMonocyte,95,COPD
8CO||B_Plasma,8CO,B_Plasma,18,COPD
8CO||ATI,8CO,ATI,11,COPD
8CO||Fibroblast,8CO,Fibroblast,6,COPD
8CO||VE_Capillary_B,8CO,VE_Capillary_B,15,COPD
8CO||T_Cytotoxic,8CO,T_Cytotoxic,18,COPD
8CO||ncMonocyte,8CO,ncMonocyte,9,COPD
8CO||ILC_A,8CO,ILC_A,5,COPD
8CO||ATII,8CO,ATII,18,COPD
8CO||NK,8CO,NK,10,COPD
8CO||VE_Arterial,8CO,VE_Arterial,2,COPD
8CO||Mast,8CO,Mast,6,COPD
8CO||VE_Capillary_A,8CO,VE_Capillary_A,4,COPD
8CO||SMC,8CO,SMC,2,COPD
8CO||VE_Venous,8CO,VE_Venous,3,COPD
8CO||Pericyte,8CO,Pericyte,2,COPD
8CO||VE_Peribronchial,8CO,VE_Peribronchial,1,COPD
