module,beta_adams,p_adams,fdr_adams,beta_hab,p_hab,fdr_hab
Muscle contraction,-0.1854749212222935,0.0066193138377057,0.0397158830262344,0.38057764439789643,0.14617255024886167,0.7870792278456504
Respiration,-0.0173286451737932,0.901472027042535,0.964191417860268,-0.10005733466100551,0.6505242434919326,0.8576280285147755
Chromatin modification (1),0.2060704691276037,0.1478061122196192,0.3547346693270862,0.05179077859289406,0.8203398533619591,0.8576280285147755
Heme metabolism,0.0689547288104882,0.2686146515704458,0.5372293031408917,0.12222363322326524,0.0001905606809256094,0.004382895661289016
VEGF signaling,-0.2682244257604445,3.721675752515843e-05,0.0004466010903019,-0.07689954301887128,0.2664879376843704,0.7870792278456504
Protein processing in ER,-0.0071067079883649,0.6435366466772146,0.9147967134564172,0.060205679692241464,0.2879330569927625,0.7870792278456504
Lipid met,0.3113315814572074,0.0034920845654522,0.0279366765236178,-0.10107087903206052,0.39584785919940657,0.7870792278456504
Cholesterol met (darkred),0.0383121779080069,0.5079845958759139,0.8127753534014623,0.0819630773218136,0.1284582792573097,0.7870792278456504
Cell cycle,0.2513274495096148,0.060590550775484,0.1817716523264523,0.09665695060410662,0.5866628988371057,0.8576280285147755
ECM organization,0.0270031892643281,0.7482926404324857,0.9147967134564172,-0.061329176181214085,0.7450761983317116,0.8576280285147755
Apoptosis,0.0996003831000563,0.2918258443446654,0.5387554049439978,0.07132714239930509,0.4106500319194698,0.7870792278456504
Interferon signaling,-0.3320614520595986,1.66565477156026e-07,3.997571451744624e-06,0.044689725665310764,0.5545531218682698,0.8576280285147755
Nrf2 signaling,0.1376090755059834,0.2216216319800958,0.483538106138391,-0.12132725644481804,0.5345725258164842,0.8576280285147755
Amino acid met,0.0046369515679709,0.964191417860268,0.964191417860268,0.04240470926382209,0.7974139175683282,0.8576280285147755
mRNA splicing,0.0059563301272462,0.9419755810434076,0.964191417860268,0.03143286244400943,0.8135755455483868,0.8576280285147755
Fatty acid met,0.0597235511054402,0.6929015858865001,0.9147967134564172,-0.17433667401250258,0.24771131813071268,0.7870792278456504
Adaptive immunity,0.4135516080562168,0.0343644565971245,0.1178209940472841,0.08089925693171544,0.7038442399493355,0.8576280285147755
Translation,0.2732955563416167,0.0136524302793963,0.0546097211175852,0.11298186624483075,0.38949120354273403,0.7870792278456504
Cholesterol met (salmon),0.2276274655513705,0.1042796989850314,0.2780791972934172,-0.08117921185852238,0.6528522434724304,0.8576280285147755
Heat stress response,0.1487182552520135,0.0084890804748306,0.0407475862791872,0.1006232192894379,0.31880925772782387,0.7870792278456504
OxPhos,0.1059196972276332,0.4475262313944225,0.7671878252475813,0.25779850686238326,0.2315718244991477,0.7870792278456504
Innate immunity,-0.0414317755890528,0.6884472917274642,0.9147967134564172,0.007454258558854704,0.9600148173556787,0.9600148173556787
Chromatin modification (2),0.0146140580808157,0.9152813766417488,0.964191417860268,-0.10106095819531152,0.3936916054215218,0.7870792278456504
