celltype,group,marker,pole,rho
Macrophage,IPF,SPP1,A,0.5493557164621171
Macrophage,IPF,FCN1,A,0.4588831569328528
Macrophage,IPF,VCAN,A,0.3519490902806335
Macrophage,IPF,CTHRC1,A,0.025474048379058322
Macrophage,IPF,INHBA,A,-0.5050408662706481
Macrophage,IPF,MERTK,A,0.5391467418367584
Macrophage,IPF,SPARC,A,0.3467604805132224
Macrophage,IPF,FABP4,B,-0.5466935715555058
Macrophage,IPF,MARCO,B,-0.3512516195930103
Macrophage,IPF,MRC1,B,-0.16764317476715088
Macrophage,IPF,PPARG,B,-0.4499003771417693
Macrophage,Control,SPP1,A,0.14125677983598772
Macrophage,Control,FCN1,A,0.22013950259344722
Macrophage,Control,VCAN,A,0.11178840283831677
Macrophage,Control,CTHRC1,A,-0.033213201968509826
Macrophage,Control,INHBA,A,-0.23975724538325183
Macrophage,Control,MERTK,A,0.18766245751681493
Macrophage,Control,SPARC,A,0.008006544657878327
Macrophage,Control,FABP4,B,-0.2033269570342603
Macrophage,Control,MARCO,B,-0.11638211664029222
Macrophage,Control,MRC1,B,0.07458776641220703
Macrophage,Control,PPARG,B,-0.20801303305606234
Monocyte,IPF,S100A8,A,-0.5172803410990545
Monocyte,IPF,S100A9,A,-0.5299188109714306
Monocyte,IPF,S100A12,A,-0.542098749274462
Monocyte,IPF,FCN1,A,-0.298174702113439
Monocyte,IPF,VCAN,A,-0.5388647509363935
Monocyte,IPF,CD14,A,-0.49691900899130037
Monocyte,IPF,FCGR3A,B,0.6520751552586262
Monocyte,IPF,CX3CR1,B,0.3478352877745752
Monocyte,IPF,LST1,B,0.31042877612794545
Monocyte,Control,S100A8,A,0.028882737745049347
Monocyte,Control,S100A9,A,0.005245752081477017
Monocyte,Control,S100A12,A,-0.036649594656932405
Monocyte,Control,FCN1,A,0.10819104490571967
Monocyte,Control,VCAN,A,0.02819850921268278
Monocyte,Control,CD14,A,0.07898692709243754
Monocyte,Control,FCGR3A,B,0.0131869498965193
Monocyte,Control,CX3CR1,B,-0.16101804648324367
Monocyte,Control,LST1,B,0.11404845582673649
Tcell,IPF,GZMB,A,0.07561572865440268
Tcell,IPF,GZMK,A,0.025629334994713964
Tcell,IPF,GNLY,A,0.014253462467306462
Tcell,IPF,NKG7,A,-0.010426406006516504
Tcell,IPF,PRF1,A,0.010159269827778114
Tcell,IPF,CCL5,A,-0.0028413575374901336
Tcell,IPF,CCR7,B,-0.00983438370335128
Tcell,IPF,SELL,B,0.12749751538449838
Tcell,IPF,TCF7,B,-0.12256086454981481
Tcell,IPF,IL7R,B,-0.09582296156881791
Tcell,IPF,LEF1,B,0.07585681748596655
Tcell,Control,GZMB,A,0.04767649808184387
Tcell,Control,GZMK,A,-0.005602778408962166
Tcell,Control,GNLY,A,0.16917902211373878
Tcell,Control,NKG7,A,0.18773921816964323
Tcell,Control,PRF1,A,0.11287033577109915
Tcell,Control,CCL5,A,0.19558533069983453
Tcell,Control,CCR7,B,0.003284962400283374
Tcell,Control,SELL,B,0.04066757176343502
Tcell,Control,TCF7,B,0.010729728286980194
Tcell,Control,IL7R,B,-0.14204879090375275
Tcell,Control,LEF1,B,-0.1224840484339141
NK,IPF,GNLY,A,0.007104795745309116
NK,IPF,GZMB,A,0.11478085558806822
NK,IPF,PRF1,A,-0.02539484425181434
NK,IPF,NKG7,A,-0.09077816725932121
NK,IPF,FGFBP2,A,-0.044548989538154456
NK,IPF,FCGR3A,A,-0.005808650575556778
NK,IPF,XCL1,B,0.12854402861156244
NK,IPF,GZMK,B,0.03977499610709146
NK,IPF,SELL,B,0.11765765480229534
NK,IPF,IL7R,B,-0.03115259173074758
NK,Control,GNLY,A,0.04039805190786621
NK,Control,GZMB,A,-0.16687034506666343
NK,Control,PRF1,A,0.04709722634484904
NK,Control,NKG7,A,-0.06272863336447566
NK,Control,FGFBP2,A,-0.00649616915101366
NK,Control,FCGR3A,A,-0.08587123596496184
NK,Control,XCL1,B,-0.16159220763146484
NK,Control,GZMK,B,0.17346946981553465
NK,Control,SELL,B,-0.12031758957654726
NK,Control,IL7R,B,-0.09307066977757936
