seed,group,n,sep_pooled,auroc_annotation,sep_within_Macrophage,n_Macrophage,sep_within_Macrophage_Alveolar,n_Macrophage_Alveolar
0,IPF,1465,0.5918241032420177,0.9138129640255247,-0.020532312078886512,1009,0.16862450814441216,456
0,Control,1079,0.1463532183262493,0.6344832669910069,-0.07219088173548836,680,0.09049077194931053,399
1,IPF,1465,0.525208288788716,0.8756259454384225,-0.04539844558741319,1009,0.18931209502089533,456
1,Control,1079,0.06694002251140531,0.5647832817337461,-0.021340709855202374,680,-0.08175598414573318,399
2,IPF,1465,0.4847397580279737,0.8623680733051657,-0.05072296151670107,1009,0.0016365541133379902,456
2,Control,1079,0.10562756942291916,0.5513968745392894,0.06311037640987503,680,0.008837082511169408,399
3,IPF,1465,0.539578003448151,0.8905703927807627,-0.04441806666900823,1009,0.1272559266960961,456
3,Control,1079,0.13243978060568895,0.6078357658853015,-0.035960210829376865,680,0.05830168518759992,399
4,IPF,1465,0.5996744155875392,0.9033674995218473,0.053670856068145235,1009,0.020056540442090882,456
4,Control,1079,0.09972912771619909,0.525390682588825,0.0668168207515267,680,0.05046256071301936,399
5,IPF,1465,0.4727187815003764,0.8431919739884896,-0.03934141752613124,1009,0.19641833304859518,456
5,Control,1079,0.12456930841245822,0.5948400412796697,-0.006503947720630947,680,0.012167813458284098,399
6,IPF,1465,0.4199452048110436,0.8192843357154035,-0.05837329501974379,1009,-0.0056201929088639385,456
6,Control,1079,0.09530682353936303,0.5601356332006486,0.01788397636536626,680,-0.007963875257466654,399
7,IPF,1465,0.5639022632797281,0.9097095439291986,-0.058885333589008534,1009,0.13871585548291004,456
7,Control,1079,0.06263637752789282,0.5462516585581602,-0.06074046640662154,680,0.06847819895683567,399
8,IPF,1465,0.5186036537622041,0.872398414271556,-0.02488622096448016,1009,0.07406431374439172,456
8,Control,1079,-0.01806683708117019,0.5184210526315789,-0.024499863994199823,680,0.03308866674544785,399
9,IPF,1465,0.5229806761717667,0.878714377618973,-0.032146825318839826,1009,0.05568202830757315,456
9,Control,1079,0.04724639906381365,0.5524546660769571,-0.05751925761222329,680,0.01897076631053677,399
