regime,p_s,seed,pool,bag_auc,att_auroc
substate,0.05,0,attention,0.6831955922865014,0.6766568454651631
substate,0.05,0,mean,0.6115702479338843,
substate,0.05,1,attention,0.6134067952249771,0.6560289908041709
substate,0.05,1,mean,0.588613406795225,
substate,0.05,2,attention,0.6437098255280074,0.47820186742577997
substate,0.05,2,mean,0.581267217630854,
substate,0.05,3,attention,0.6418732782369146,0.15528758899951461
substate,0.05,3,mean,0.6152433425160697,
substate,0.05,4,attention,0.5775941230486685,0.5442540443779451
substate,0.05,4,mean,0.544536271808999,
substate,0.05,5,attention,0.7116620752984391,0.8407254316248999
substate,0.05,5,mean,0.6253443526170799,
substate,0.05,6,attention,0.5996326905417815,0.5853791263171076
substate,0.05,6,mean,0.5968778696051423,
substate,0.05,7,attention,0.6877869605142333,0.7207527098240248
substate,0.05,7,mean,0.6795224977043158,
substate,0.1,0,attention,0.731864095500459,0.6890169269648362
substate,0.1,0,mean,0.6492194674012857,
substate,0.1,1,attention,0.6179981634527087,0.6587219728688598
substate,0.1,1,mean,0.5996326905417815,
substate,0.1,2,attention,0.628099173553719,0.225813802132372
substate,0.1,2,mean,0.5876951331496787,
substate,0.1,3,attention,0.6510560146923783,0.3568376591246651
substate,0.1,3,mean,0.6290174471992654,
substate,0.1,4,attention,0.591368227731864,0.5392939229533881
substate,0.1,4,mean,0.549127640036731,
substate,0.1,5,attention,0.847566574839302,0.9253464327817775
substate,0.1,5,mean,0.6657483930211203,
substate,0.1,6,attention,0.6014692378328741,0.5191121941085856
substate,0.1,6,mean,0.6042240587695132,
substate,0.1,7,attention,0.8044077134986226,0.7972786884382397
substate,0.1,7,mean,0.6932966023875115,
substate,0.2,0,attention,0.8246097337006428,0.7641962170026806
substate,0.2,0,mean,0.6932966023875115,
substate,0.2,1,attention,0.8585858585858586,0.8803163206385284
substate,0.2,1,mean,0.682277318640955,
substate,0.2,2,attention,0.7786960514233242,0.766772421735657
substate,0.2,2,mean,0.6179981634527089,
substate,0.2,3,attention,0.783287419651056,0.5985473890260414
substate,0.2,3,mean,0.6648301193755739,
substate,0.2,4,attention,0.6464646464646465,0.4639255149848692
substate,0.2,4,mean,0.5463728191000918,
substate,0.2,5,attention,0.9127640036730946,0.8894771109226877
substate,0.2,5,mean,0.7199265381083564,
substate,0.2,6,attention,0.7741046831955922,0.738758308753128
substate,0.2,6,mean,0.6014692378328742,
substate,0.2,7,attention,0.9614325068870524,0.9180934589076106
substate,0.2,7,mean,0.6978879706152433,
substate,0.35,0,attention,0.921028466483012,0.90065093967792
substate,0.35,0,mean,0.7924701561065197,
substate,0.35,1,attention,0.9348025711662076,0.9526654147735047
substate,0.35,1,mean,0.8191000918273647,
substate,0.35,2,attention,0.8356290174471993,0.8143250866902458
substate,0.35,2,mean,0.6675849403122129,
substate,0.35,3,attention,0.8475665748393022,0.7874180493862618
substate,0.35,3,mean,0.7190082644628099,
substate,0.35,4,attention,0.8512396694214875,0.737773831334266
substate,0.35,4,mean,0.610651974288338,
substate,0.35,5,attention,0.9228650137741048,0.9078469829658189
substate,0.35,5,mean,0.8181818181818181,
substate,0.35,6,attention,0.8347107438016529,0.7804940683165943
substate,0.35,6,mean,0.6510560146923783,
substate,0.35,7,attention,0.9660238751147843,0.985320740491585
substate,0.35,7,mean,0.7832874196510561,
substate,0.5,0,attention,0.9366391184573004,0.9191502053019311
substate,0.5,0,mean,0.8824609733700642,
substate,0.5,1,attention,0.9412304866850322,0.9478352502005967
substate,0.5,1,mean,0.8934802571166207,
substate,0.5,2,attention,0.8815426997245179,0.8337999137029057
substate,0.5,2,mean,0.7566574839302113,
substate,0.5,3,attention,0.8925619834710744,0.771122021466868
substate,0.5,3,mean,0.7676767676767677,
substate,0.5,4,attention,0.8494031221303948,0.7074433028714007
substate,0.5,4,mean,0.6464646464646465,
substate,0.5,5,attention,0.9412304866850322,0.8849473924597241
substate,0.5,5,mean,0.9035812672176309,
substate,0.5,6,attention,0.8898071625344353,0.8915753213198575
substate,0.5,6,mean,0.7768595041322315,
substate,0.5,7,attention,0.9696969696969696,0.9966002011456556
substate,0.5,7,mean,0.8824609733700642,
diffuse,0.1,0,attention,0.660238751147842,0.6095590554060749
diffuse,0.1,0,mean,0.6446280991735537,
diffuse,0.1,1,attention,0.6400367309458218,0.7416565342541768
diffuse,0.1,1,mean,0.6088154269972452,
diffuse,0.1,2,attention,0.6685032139577595,0.6246152718152492
diffuse,0.1,2,mean,0.613406795224977,
diffuse,0.1,3,attention,0.6914600550964187,0.7605416904822719
diffuse,0.1,3,mean,0.6326905417814508,
diffuse,0.1,4,attention,0.6033057851239669,0.5160312531659781
diffuse,0.1,4,mean,0.556473829201102,
diffuse,0.1,5,attention,0.6703397612488522,0.5975409823487249
diffuse,0.1,5,mean,0.6262626262626263,
diffuse,0.1,6,attention,0.6244260789715335,0.6895263436334951
diffuse,0.1,6,mean,0.6124885215794306,
diffuse,0.1,7,attention,0.7685950413223142,0.7792843289654917
diffuse,0.1,7,mean,0.6831955922865014,
diffuse,0.2,0,attention,0.736455463728191,0.6810180073526383
diffuse,0.2,0,mean,0.6767676767676768,
diffuse,0.2,1,attention,0.7741046831955922,0.776485093614406
diffuse,0.2,1,mean,0.6932966023875115,
diffuse,0.2,2,attention,0.6629935720844812,0.8118636829242313
diffuse,0.2,2,mean,0.6262626262626263,
diffuse,0.2,3,attention,0.761248852157943,0.8439460353494008
diffuse,0.2,3,mean,0.6574839302112029,
diffuse,0.2,4,attention,0.6051423324150597,0.5731676159449622
diffuse,0.2,4,mean,0.5647382920110193,
diffuse,0.2,5,attention,0.7842056932966024,0.7682422878239114
diffuse,0.2,5,mean,0.6712580348943985,
diffuse,0.2,6,attention,0.7346189164370983,0.6505520148719025
diffuse,0.2,6,mean,0.628099173553719,
diffuse,0.2,7,attention,0.8053259871441689,0.8246249391535083
diffuse,0.2,7,mean,0.6978879706152433,
diffuse,0.35,0,attention,0.7704315886134069,0.7105967780586857
diffuse,0.35,0,mean,0.7456382001836548,
diffuse,0.35,1,attention,0.8879706152433424,0.8531529339177221
diffuse,0.35,1,mean,0.7649219467401286,
diffuse,0.35,2,attention,0.7741046831955923,0.8164567912475253
diffuse,0.35,2,mean,0.6593204775022956,
diffuse,0.35,3,attention,0.7786960514233242,0.8588554169248246
diffuse,0.35,3,mean,0.6914600550964187,
diffuse,0.35,4,attention,0.6584022038567493,0.6158561822659839
diffuse,0.35,4,mean,0.5702479338842976,
diffuse,0.35,5,attention,0.8135904499540862,0.8051222301493228
diffuse,0.35,5,mean,0.72910927456382,
diffuse,0.35,6,attention,0.8135904499540864,0.7966274174874868
diffuse,0.35,6,mean,0.6813590449954087,
diffuse,0.35,7,attention,0.8815426997245179,0.841929254928367
diffuse,0.35,7,mean,0.7043158861340679,
