group,donor,celltype,substate,Disease_Identity,n_cells
001C|Monocyte|monoHi,001C,Monocyte,monoHi,Control,300
001C|Macrophage|monoHi,001C,Macrophage,monoHi,Control,431
001C|Monocyte|resHi,001C,Monocyte,resHi,Control,318
001C|Macrophage|resHi,001C,Macrophage,resHi,Control,439
002C|Macrophage|monoHi,002C,Macrophage,monoHi,Control,289
002C|Macrophage|resHi,002C,Macrophage,resHi,Control,289
002C|Monocyte|monoHi,002C,Monocyte,monoHi,Control,13
002C|Monocyte|resHi,002C,Monocyte,resHi,Control,10
003C|Macrophage|resHi,003C,Macrophage,resHi,Control,1027
003C|Macrophage|monoHi,003C,Macrophage,monoHi,Control,1023
003C|Monocyte|resHi,003C,Monocyte,resHi,Control,253
003C|Monocyte|monoHi,003C,Monocyte,monoHi,Control,276
010I|Macrophage|monoHi,010I,Macrophage,monoHi,IPF,1401
010I|Monocyte|monoHi,010I,Monocyte,monoHi,IPF,82
010I|Macrophage|resHi,010I,Macrophage,resHi,IPF,1401
010I|Monocyte|resHi,010I,Monocyte,resHi,IPF,98
021I|Macrophage|resHi,021I,Macrophage,resHi,IPF,429
021I|Monocyte|resHi,021I,Monocyte,resHi,IPF,141
021I|Macrophage|monoHi,021I,Macrophage,monoHi,IPF,393
021I|Monocyte|monoHi,021I,Monocyte,monoHi,IPF,129
222C|Macrophage|monoHi,222C,Macrophage,monoHi,Control,2730
222C|Monocyte|monoHi,222C,Monocyte,monoHi,Control,755
222C|Macrophage|resHi,222C,Macrophage,resHi,Control,2632
222C|Monocyte|resHi,222C,Monocyte,resHi,Control,752
022I|Macrophage|resHi,022I,Macrophage,resHi,IPF,1103
022I|Monocyte|monoHi,022I,Monocyte,monoHi,IPF,137
022I|Macrophage|monoHi,022I,Macrophage,monoHi,IPF,1121
022I|Monocyte|resHi,022I,Monocyte,resHi,IPF,134
025I|Macrophage|resHi,025I,Macrophage,resHi,IPF,1303
025I|Macrophage|monoHi,025I,Macrophage,monoHi,IPF,1303
025I|Monocyte|monoHi,025I,Monocyte,monoHi,IPF,31
025I|Monocyte|resHi,025I,Monocyte,resHi,IPF,19
034C|Monocyte|resHi,034C,Monocyte,resHi,Control,6
034C|Macrophage|resHi,034C,Macrophage,resHi,Control,317
034C|Macrophage|monoHi,034C,Macrophage,monoHi,Control,284
034C|Monocyte|monoHi,034C,Monocyte,monoHi,Control,9
034I|Macrophage|monoHi,034I,Macrophage,monoHi,IPF,816
034I|Macrophage|resHi,034I,Macrophage,resHi,IPF,861
034I|Monocyte|monoHi,034I,Monocyte,monoHi,IPF,48
034I|Monocyte|resHi,034I,Monocyte,resHi,IPF,27
040I|Macrophage|monoHi,040I,Macrophage,monoHi,IPF,1737
040I|Macrophage|resHi,040I,Macrophage,resHi,IPF,1602
040I|Monocyte|resHi,040I,Monocyte,resHi,IPF,59
040I|Monocyte|monoHi,040I,Monocyte,monoHi,IPF,67
041I|Monocyte|monoHi,041I,Monocyte,monoHi,IPF,79
041I|Macrophage|monoHi,041I,Macrophage,monoHi,IPF,1164
041I|Macrophage|resHi,041I,Macrophage,resHi,IPF,1204
041I|Monocyte|resHi,041I,Monocyte,resHi,IPF,86
051I|Macrophage|resHi,051I,Macrophage,resHi,IPF,2119
051I|Macrophage|monoHi,051I,Macrophage,monoHi,IPF,2075
051I|Monocyte|resHi,051I,Monocyte,resHi,IPF,139
051I|Monocyte|monoHi,051I,Monocyte,monoHi,IPF,115
053I|Macrophage|monoHi,053I,Macrophage,monoHi,IPF,1124
053I|Macrophage|resHi,053I,Macrophage,resHi,IPF,1108
053I|Monocyte|resHi,053I,Monocyte,resHi,IPF,48
053I|Monocyte|monoHi,053I,Monocyte,monoHi,IPF,58
063I|Macrophage|resHi,063I,Macrophage,resHi,IPF,1303
063I|Macrophage|monoHi,063I,Macrophage,monoHi,IPF,1288
063I|Monocyte|monoHi,063I,Monocyte,monoHi,IPF,24
063I|Monocyte|resHi,063I,Monocyte,resHi,IPF,24
065C|Macrophage|monoHi,065C,Macrophage,monoHi,Control,754
065C|Macrophage|resHi,065C,Macrophage,resHi,Control,735
065C|Monocyte|monoHi,065C,Monocyte,monoHi,Control,88
065C|Monocyte|resHi,065C,Monocyte,resHi,Control,82
081C|Macrophage|resHi,081C,Macrophage,resHi,Control,417
081C|Monocyte|resHi,081C,Monocyte,resHi,Control,42
081C|Macrophage|monoHi,081C,Macrophage,monoHi,Control,428
081C|Monocyte|monoHi,081C,Monocyte,monoHi,Control,32
084C|Macrophage|monoHi,084C,Macrophage,monoHi,Control,175
084C|Macrophage|resHi,084C,Macrophage,resHi,Control,173
084C|Monocyte|monoHi,084C,Monocyte,monoHi,Control,29
084C|Monocyte|resHi,084C,Monocyte,resHi,Control,26
092C|Macrophage|monoHi,092C,Macrophage,monoHi,Control,1991
092C|Macrophage|resHi,092C,Macrophage,resHi,Control,1987
092C|Monocyte|resHi,092C,Monocyte,resHi,Control,109
092C|Monocyte|monoHi,092C,Monocyte,monoHi,Control,100
098C|Macrophage|monoHi,098C,Macrophage,monoHi,Control,2725
098C|Macrophage|resHi,098C,Macrophage,resHi,Control,2768
098C|Monocyte|resHi,098C,Monocyte,resHi,Control,242
098C|Monocyte|monoHi,098C,Monocyte,monoHi,Control,282
123I|Macrophage|monoHi,123I,Macrophage,monoHi,IPF,487
123I|Macrophage|resHi,123I,Macrophage,resHi,IPF,510
123I|Monocyte|resHi,123I,Monocyte,resHi,IPF,60
123I|Monocyte|monoHi,123I,Monocyte,monoHi,IPF,67
133C|Macrophage|resHi,133C,Macrophage,resHi,Control,2710
133C|Monocyte|monoHi,133C,Monocyte,monoHi,Control,141
133C|Macrophage|monoHi,133C,Macrophage,monoHi,Control,2765
133C|Monocyte|resHi,133C,Monocyte,resHi,Control,157
135I|Macrophage|monoHi,135I,Macrophage,monoHi,IPF,2049
135I|Macrophage|resHi,135I,Macrophage,resHi,IPF,1938
135I|Monocyte|resHi,135I,Monocyte,resHi,IPF,156
135I|Monocyte|monoHi,135I,Monocyte,monoHi,IPF,161
1372C|Macrophage|resHi,1372C,Macrophage,resHi,Control,1283
1372C|Macrophage|monoHi,1372C,Macrophage,monoHi,Control,1335
1372C|Monocyte|resHi,1372C,Monocyte,resHi,Control,318
1372C|Monocyte|monoHi,1372C,Monocyte,monoHi,Control,330
137C|Macrophage|monoHi,137C,Macrophage,monoHi,Control,349
137C|Macrophage|resHi,137C,Macrophage,resHi,Control,346
137C|Monocyte|resHi,137C,Monocyte,resHi,Control,21
137C|Monocyte|monoHi,137C,Monocyte,monoHi,Control,29
138I|Macrophage|monoHi,138I,Macrophage,monoHi,IPF,964
138I|Macrophage|resHi,138I,Macrophage,resHi,IPF,955
138I|Monocyte|monoHi,138I,Monocyte,monoHi,IPF,105
138I|Monocyte|resHi,138I,Monocyte,resHi,IPF,102
145I|Macrophage|monoHi,145I,Macrophage,monoHi,IPF,1317
145I|Macrophage|resHi,145I,Macrophage,resHi,IPF,1353
145I|Monocyte|resHi,145I,Monocyte,resHi,IPF,156
145I|Monocyte|monoHi,145I,Monocyte,monoHi,IPF,176
157I|Macrophage|resHi,157I,Macrophage,resHi,IPF,2041
157I|Macrophage|monoHi,157I,Macrophage,monoHi,IPF,2006
157I|Monocyte|monoHi,157I,Monocyte,monoHi,IPF,102
157I|Monocyte|resHi,157I,Monocyte,resHi,IPF,94
158I|Macrophage|monoHi,158I,Macrophage,monoHi,IPF,1879
158I|Macrophage|resHi,158I,Macrophage,resHi,IPF,1948
158I|Monocyte|monoHi,158I,Monocyte,monoHi,IPF,119
158I|Monocyte|resHi,158I,Monocyte,resHi,IPF,136
160C|Macrophage|resHi,160C,Macrophage,resHi,Control,1892
160C|Macrophage|monoHi,160C,Macrophage,monoHi,Control,1915
160C|Monocyte|resHi,160C,Monocyte,resHi,Control,62
160C|Monocyte|monoHi,160C,Monocyte,monoHi,Control,62
166I|Macrophage|resHi,166I,Macrophage,resHi,IPF,1952
166I|Monocyte|monoHi,166I,Monocyte,monoHi,IPF,232
166I|Macrophage|monoHi,166I,Macrophage,monoHi,IPF,1904
166I|Monocyte|resHi,166I,Monocyte,resHi,IPF,231
174I|Macrophage|monoHi,174I,Macrophage,monoHi,IPF,1504
174I|Monocyte|monoHi,174I,Monocyte,monoHi,IPF,148
174I|Macrophage|resHi,174I,Macrophage,resHi,IPF,1469
174I|Monocyte|resHi,174I,Monocyte,resHi,IPF,140
177I|Macrophage|monoHi,177I,Macrophage,monoHi,IPF,2163
177I|Monocyte|monoHi,177I,Monocyte,monoHi,IPF,247
177I|Macrophage|resHi,177I,Macrophage,resHi,IPF,2246
177I|Monocyte|resHi,177I,Monocyte,resHi,IPF,273
179I|Macrophage|monoHi,179I,Macrophage,monoHi,IPF,1498
179I|Macrophage|resHi,179I,Macrophage,resHi,IPF,1492
179I|Monocyte|monoHi,179I,Monocyte,monoHi,IPF,80
179I|Monocyte|resHi,179I,Monocyte,resHi,IPF,77
192C|Macrophage|resHi,192C,Macrophage,resHi,Control,1574
192C|Macrophage|monoHi,192C,Macrophage,monoHi,Control,1510
192C|Monocyte|resHi,192C,Monocyte,resHi,Control,10
192C|Monocyte|monoHi,192C,Monocyte,monoHi,Control,12
208C|Macrophage|resHi,208C,Macrophage,resHi,Control,859
208C|Monocyte|monoHi,208C,Monocyte,monoHi,Control,24
208C|Macrophage|monoHi,208C,Macrophage,monoHi,Control,888
208C|Monocyte|resHi,208C,Monocyte,resHi,Control,41
209I|Macrophage|monoHi,209I,Macrophage,monoHi,IPF,1424
209I|Macrophage|resHi,209I,Macrophage,resHi,IPF,1395
209I|Monocyte|resHi,209I,Monocyte,resHi,IPF,112
209I|Monocyte|monoHi,209I,Monocyte,monoHi,IPF,97
210I|Macrophage|monoHi,210I,Macrophage,monoHi,IPF,932
210I|Macrophage|resHi,210I,Macrophage,resHi,IPF,933
210I|Monocyte|resHi,210I,Monocyte,resHi,IPF,44
210I|Monocyte|monoHi,210I,Monocyte,monoHi,IPF,48
212I|Macrophage|monoHi,212I,Macrophage,monoHi,IPF,1155
212I|Macrophage|resHi,212I,Macrophage,resHi,IPF,1229
212I|Monocyte|monoHi,212I,Monocyte,monoHi,IPF,60
212I|Monocyte|resHi,212I,Monocyte,resHi,IPF,59
214I|Macrophage|monoHi,214I,Macrophage,monoHi,IPF,297
214I|Macrophage|resHi,214I,Macrophage,resHi,IPF,281
214I|Monocyte|monoHi,214I,Monocyte,monoHi,IPF,7
214I|Monocyte|resHi,214I,Monocyte,resHi,IPF,7
218C|Macrophage|resHi,218C,Macrophage,resHi,Control,1935
218C|Macrophage|monoHi,218C,Macrophage,monoHi,Control,1884
218C|Monocyte|monoHi,218C,Monocyte,monoHi,Control,22
218C|Monocyte|resHi,218C,Monocyte,resHi,Control,29
221I|Macrophage|resHi,221I,Macrophage,resHi,IPF,1660
221I|Macrophage|monoHi,221I,Macrophage,monoHi,IPF,1661
221I|Monocyte|resHi,221I,Monocyte,resHi,IPF,194
221I|Monocyte|monoHi,221I,Monocyte,monoHi,IPF,149
222I|Macrophage|monoHi,222I,Macrophage,monoHi,IPF,2242
222I|Macrophage|resHi,222I,Macrophage,resHi,IPF,2305
222I|Monocyte|resHi,222I,Monocyte,resHi,IPF,300
222I|Monocyte|monoHi,222I,Monocyte,monoHi,IPF,352
225I|Macrophage|resHi,225I,Macrophage,resHi,IPF,4001
225I|Macrophage|monoHi,225I,Macrophage,monoHi,IPF,4085
225I|Monocyte|monoHi,225I,Monocyte,monoHi,IPF,296
225I|Monocyte|resHi,225I,Monocyte,resHi,IPF,286
226C|Macrophage|resHi,226C,Macrophage,resHi,Control,4669
226C|Macrophage|monoHi,226C,Macrophage,monoHi,Control,4598
226C|Monocyte|monoHi,226C,Monocyte,monoHi,Control,36
226C|Monocyte|resHi,226C,Monocyte,resHi,Control,42
228I|Monocyte|monoHi,228I,Monocyte,monoHi,IPF,26
228I|Macrophage|resHi,228I,Macrophage,resHi,IPF,1115
228I|Macrophage|monoHi,228I,Macrophage,monoHi,IPF,1100
228I|Monocyte|resHi,228I,Monocyte,resHi,IPF,21
244C|Macrophage|resHi,244C,Macrophage,resHi,Control,13
244C|Macrophage|monoHi,244C,Macrophage,monoHi,Control,16
244C|Monocyte|monoHi,244C,Monocyte,monoHi,Control,1
253C|Macrophage|monoHi,253C,Macrophage,monoHi,Control,171
253C|Macrophage|resHi,253C,Macrophage,resHi,Control,179
253C|Monocyte|resHi,253C,Monocyte,resHi,Control,159
253C|Monocyte|monoHi,253C,Monocyte,monoHi,Control,174
296C|Macrophage|monoHi,296C,Macrophage,monoHi,Control,894
296C|Monocyte|monoHi,296C,Monocyte,monoHi,Control,277
296C|Monocyte|resHi,296C,Monocyte,resHi,Control,302
296C|Macrophage|resHi,296C,Macrophage,resHi,Control,1018
29I|Macrophage|resHi,29I,Macrophage,resHi,IPF,454
29I|Monocyte|resHi,29I,Monocyte,resHi,IPF,34
29I|Macrophage|monoHi,29I,Macrophage,monoHi,IPF,460
29I|Monocyte|monoHi,29I,Monocyte,monoHi,IPF,30
388C|Macrophage|resHi,388C,Macrophage,resHi,Control,874
388C|Macrophage|monoHi,388C,Macrophage,monoHi,Control,890
388C|Monocyte|resHi,388C,Monocyte,resHi,Control,26
388C|Monocyte|monoHi,388C,Monocyte,monoHi,Control,28
396C|Macrophage|resHi,396C,Macrophage,resHi,Control,491
396C|Macrophage|monoHi,396C,Macrophage,monoHi,Control,464
396C|Monocyte|monoHi,396C,Monocyte,monoHi,Control,4
396C|Monocyte|resHi,396C,Monocyte,resHi,Control,7
439C|Macrophage|monoHi,439C,Macrophage,monoHi,Control,1794
439C|Macrophage|resHi,439C,Macrophage,resHi,Control,1809
439C|Monocyte|resHi,439C,Monocyte,resHi,Control,419
439C|Monocyte|monoHi,439C,Monocyte,monoHi,Control,367
454C|Macrophage|monoHi,454C,Macrophage,monoHi,Control,243
454C|Macrophage|resHi,454C,Macrophage,resHi,Control,285
454C|Monocyte|resHi,454C,Monocyte,resHi,Control,87
454C|Monocyte|monoHi,454C,Monocyte,monoHi,Control,65
465C|Macrophage|resHi,465C,Macrophage,resHi,Control,491
465C|Macrophage|monoHi,465C,Macrophage,monoHi,Control,514
465C|Monocyte|monoHi,465C,Monocyte,monoHi,Control,20
465C|Monocyte|resHi,465C,Monocyte,resHi,Control,22
47I|Macrophage|monoHi,47I,Macrophage,monoHi,IPF,924
47I|Macrophage|resHi,47I,Macrophage,resHi,IPF,901
47I|Monocyte|monoHi,47I,Monocyte,monoHi,IPF,32
47I|Monocyte|resHi,47I,Monocyte,resHi,IPF,44
483C|Macrophage|resHi,483C,Macrophage,resHi,Control,903
483C|Macrophage|monoHi,483C,Macrophage,monoHi,Control,928
483C|Monocyte|monoHi,483C,Monocyte,monoHi,Control,61
483C|Monocyte|resHi,483C,Monocyte,resHi,Control,62
484C|Macrophage|monoHi,484C,Macrophage,monoHi,Control,271
484C|Macrophage|resHi,484C,Macrophage,resHi,Control,278
484C|Monocyte|resHi,484C,Monocyte,resHi,Control,8
484C|Monocyte|monoHi,484C,Monocyte,monoHi,Control,15
49I|Macrophage|monoHi,49I,Macrophage,monoHi,IPF,1262
49I|Macrophage|resHi,49I,Macrophage,resHi,IPF,1197
49I|Monocyte|monoHi,49I,Monocyte,monoHi,IPF,75
49I|Monocyte|resHi,49I,Monocyte,resHi,IPF,75
59I|Macrophage|monoHi,59I,Macrophage,monoHi,IPF,168
59I|Macrophage|resHi,59I,Macrophage,resHi,IPF,175
59I|Monocyte|resHi,59I,Monocyte,resHi,IPF,21
59I|Monocyte|monoHi,59I,Monocyte,monoHi,IPF,17
