group,marker,class,rho,p
IPF,SPP1,mono-derived,0.5493557164621171,2.8427469007185935e-116
IPF,FCN1,mono-derived,0.4588831569328528,3.466132812985621e-77
IPF,VCAN,mono-derived,0.3519490902806335,5.757759806011707e-44
IPF,CTHRC1,mono-derived,0.025474048379058322,0.32988121712237056
IPF,INHBA,mono-derived,-0.5050408662706481,1.1724812853032333e-95
IPF,MERTK,mono-derived,0.5391467418367584,3.007763608074524e-111
IPF,FABP4,resident,-0.5466935715555058,6.035273221642726e-115
IPF,MARCO,resident,-0.3512516195930103,8.687564602937386e-44
IPF,MRC1,resident,-0.16764317476715088,1.0689394243913874e-10
Control,SPP1,mono-derived,0.14125677983598772,3.1926829247077814e-06
Control,FCN1,mono-derived,0.22013950259344722,2.6186806918117776e-13
Control,VCAN,mono-derived,0.11178840283831677,0.00023385465519431775
Control,CTHRC1,mono-derived,-0.033213201968509826,0.2757008470363043
Control,INHBA,mono-derived,-0.23975724538325183,1.4262323976674206e-15
Control,MERTK,mono-derived,0.18766245751681493,5.215140376505651e-10
Control,FABP4,resident,-0.2033269570342603,1.5652961578676094e-11
Control,MARCO,resident,-0.11638211664029222,0.0001273481499574218
Control,MRC1,resident,0.07458776641220703,0.014260113688733908
