celltype,score,beta,std_effect
B,Muscle contraction,-0.9670819351747645,-2.631321889352738
B,Respiration,-0.2811160377397027,-0.6573172169789313
B,Chromatin modification (1),-0.371385898498203,-0.5737321526984377
B,Heme metabolism,0.20813207699966782,1.2334349388654458
B,VEGF signaling,-0.2585683365455353,-0.5113975586094976
B,Protein processing in ER,0.01112306633591065,0.09044454271884979
B,Lipid met,0.35043190942437497,0.8075013959573063
B,Cholesterol met (darkred),0.03271587811592888,0.1365524169824611
B,Cell cycle,0.38089106306145504,0.2705832248664784
B,ECM organization,-0.014532072705178124,-0.03196375532580629
B,Apoptosis,0.01238438406426351,0.03915169406434917
B,Interferon signaling,0.1023394623695673,0.26035142250697774
B,Nrf2 signaling,-0.015454735994755806,-0.028237077663002888
B,Amino acid met,0.30462126501729014,0.6674430293177073
B,mRNA splicing,-0.506535664344808,-1.2161747660399649
B,Fatty acid met,0.008010870046845562,0.021110132670397925
B,Adaptive immunity,0.8649761430681633,0.516376559653591
B,Translation,0.05943724804016009,0.07708524367618683
B,Cholesterol met (salmon),-0.12014044149263292,-0.2592813590045974
B,Heat stress response,0.010852617653820822,0.028258348850181508
B,OxPhos,-0.3363242430981395,-0.6780348215939361
B,Innate immunity,-0.11075706863744098,-0.2079121732930639
B,Chromatin modification (2),-0.60944259414729,-1.4541359088689736
B,Composite,0.014768639377099227,0.03825191510588455
Ciliated,Muscle contraction,-0.015700258979834167,-0.14269814199582906
Ciliated,Respiration,0.4979907512596098,1.038644085218027
Ciliated,Chromatin modification (1),-0.5113833077403234,-0.6737458707069057
Ciliated,Heme metabolism,-0.15528540785845707,-0.7178561895089894
Ciliated,VEGF signaling,-0.17961912596836582,-0.45341310490474096
Ciliated,Protein processing in ER,0.22503956475467918,1.897822624313955
Ciliated,Lipid met,0.10903791895734063,0.26248455834147316
Ciliated,Cholesterol met (darkred),0.20353324801156975,1.5845098999653486
Ciliated,Cell cycle,0.4749082804721623,0.6522801161769547
Ciliated,ECM organization,-0.26325135202930705,-0.8849154487459099
Ciliated,Apoptosis,0.25349743876505526,1.2198292885957107
Ciliated,Interferon signaling,-0.14489956554238168,-0.49001657212472166
Ciliated,Nrf2 signaling,0.26991945866288136,0.5436003796697741
Ciliated,Amino acid met,0.16548578575913309,0.2160377771990469
Ciliated,mRNA splicing,0.20713777246789783,0.8402109356357581
Ciliated,Fatty acid met,-0.08667133842327712,-0.18956806259417286
Ciliated,Adaptive immunity,0.1019474439987767,0.09641255099588372
Ciliated,Translation,-0.31619863571886164,-0.29053904419395116
Ciliated,Cholesterol met (salmon),0.06912399117681026,0.20723755561764312
Ciliated,Heat stress response,0.09005411939896503,0.4030232556960883
Ciliated,OxPhos,0.012973100299784171,0.03097390500712072
Ciliated,Innate immunity,-0.46355604837957387,-0.7922492834718311
Ciliated,Chromatin modification (2),0.1576271583929612,0.35671795925966865
Ciliated,Composite,-0.47567748173568936,-1.0569124654663198
Fibroblast,Muscle contraction,-0.15080781328190426,-0.59126959914921
Fibroblast,Respiration,-0.16839819065541242,-0.4068191400116912
Fibroblast,Chromatin modification (1),1.0250103563566342,1.8064379435156317
Fibroblast,Heme metabolism,0.020312000006672354,0.11390858532150774
Fibroblast,VEGF signaling,0.22121878327004468,1.1387716676200048
Fibroblast,Protein processing in ER,0.053078889825668024,0.5846659923210497
Fibroblast,Lipid met,-0.30220348259067426,-0.5181880614520786
Fibroblast,Cholesterol met (darkred),-0.02325959650494445,-0.1878960645447254
Fibroblast,Cell cycle,-0.5978261565198445,-1.1095253130263198
Fibroblast,ECM organization,-0.16176289494938323,-0.46284920684713565
Fibroblast,Apoptosis,0.16916135762052545,0.3422807160480068
Fibroblast,Interferon signaling,0.37309889898963383,1.3417090266460485
Fibroblast,Nrf2 signaling,-0.3513038630227415,-0.9779015017932301
Fibroblast,Amino acid met,-0.261419378266044,-0.40394400749457704
Fibroblast,mRNA splicing,-0.08523494111885764,-0.26533166443015327
Fibroblast,Fatty acid met,-0.48499937392600145,-1.7807170518068554
Fibroblast,Adaptive immunity,0.25077905472688855,0.41831760979448745
Fibroblast,Translation,-0.695908085619689,-0.8436927113855307
Fibroblast,Cholesterol met (salmon),-0.5811259791434071,-1.0298533256227143
Fibroblast,Heat stress response,0.016912468272321388,0.04538059659394886
Fibroblast,OxPhos,0.1552397416673919,0.27940677089630195
Fibroblast,Innate immunity,-0.32508868920279466,-0.6184584783146084
Fibroblast,Chromatin modification (2),-0.66405544705925,-1.2839373228312327
Fibroblast,Composite,-0.2399151967856466,-0.6116242262315345
Macrophage,Muscle contraction,-0.41963135656735573,-1.149057407877829
Macrophage,Respiration,-0.21706580855192162,-0.49232646582375006
Macrophage,Chromatin modification (1),0.2598251988846596,0.5200604124106462
Macrophage,Heme metabolism,0.0576318931614024,0.4504692724272367
Macrophage,VEGF signaling,-0.7887530322995049,-2.1441712896539684
Macrophage,Protein processing in ER,-0.05517628711158683,-1.1802400827411645
Macrophage,Lipid met,0.07694958941667307,0.29934900097004663
Macrophage,Cholesterol met (darkred),0.08096166876426086,0.32709422640417185
Macrophage,Cell cycle,0.18367324512850625,0.43625396452588777
Macrophage,ECM organization,-0.18975835629890223,-0.578843231266326
Macrophage,Apoptosis,0.3897415846830543,1.696673579199806
Macrophage,Interferon signaling,-0.4269965817146795,-1.7165744828113982
Macrophage,Nrf2 signaling,0.26441179006491033,0.9198719427785912
Macrophage,Amino acid met,0.03142054899740469,0.06318234779450763
Macrophage,mRNA splicing,-0.0005104220469333218,-0.0022639730034653013
Macrophage,Fatty acid met,0.0631616180544382,0.18933370508873948
Macrophage,Adaptive immunity,0.4239245671055354,0.8476084656277221
Macrophage,Translation,0.4564345148167063,1.2572839710749608
Macrophage,Cholesterol met (salmon),0.4340128002150772,1.2902608592892677
Macrophage,Heat stress response,0.24702468765423446,1.0953465846532366
Macrophage,OxPhos,0.12167577598326154,0.2741253326916979
Macrophage,Innate immunity,-0.323814029062427,-0.8552808465720289
Macrophage,Chromatin modification (2),0.05360405523274085,0.10256106327553756
Macrophage,Composite,-0.017028837227775696,-0.05743198482144417
Macrophage_Alveolar,Muscle contraction,-0.4552007783084828,-1.1186960354528355
Macrophage_Alveolar,Respiration,-0.27680458837141203,-0.47466035153010944
Macrophage_Alveolar,Chromatin modification (1),-0.20463917417684938,-0.3012446171362043
Macrophage_Alveolar,Heme metabolism,0.009974545444707175,0.06552743381030866
Macrophage_Alveolar,VEGF signaling,-0.573182328323212,-1.7379678361908664
Macrophage_Alveolar,Protein processing in ER,-0.07558537014631889,-1.4090510063423718
Macrophage_Alveolar,Lipid met,0.31083987279973696,1.1135596360879776
Macrophage_Alveolar,Cholesterol met (darkred),0.06787649572797601,0.2776921096030131
Macrophage_Alveolar,Cell cycle,-0.014104228311322221,-0.026089438210961904
Macrophage_Alveolar,ECM organization,-0.29327541003160756,-0.6889909507219691
Macrophage_Alveolar,Apoptosis,-0.016395377565723346,-0.058006465974023536
Macrophage_Alveolar,Interferon signaling,-0.3635204194496834,-1.5561963040163433
Macrophage_Alveolar,Nrf2 signaling,0.004594900395860434,0.017477084016602494
Macrophage_Alveolar,Amino acid met,-0.5374355744889925,-1.068751461552547
Macrophage_Alveolar,mRNA splicing,-0.030062698138840334,-0.10038582348170177
Macrophage_Alveolar,Fatty acid met,0.08976229516719161,0.24097602513903985
Macrophage_Alveolar,Adaptive immunity,-0.2190252392702077,-0.35909823800328483
Macrophage_Alveolar,Translation,-0.15806381764733313,-0.3475609933153581
Macrophage_Alveolar,Cholesterol met (salmon),0.3285449884730184,0.8271697135489272
Macrophage_Alveolar,Heat stress response,0.03850373591937847,0.1838576171651027
Macrophage_Alveolar,OxPhos,-0.08771370990532815,-0.1588044419363483
Macrophage_Alveolar,Innate immunity,-0.3963048157322776,-0.9322541845759756
Macrophage_Alveolar,Chromatin modification (2),-0.2911304290565295,-0.5165647375638719
Macrophage_Alveolar,Composite,-0.1416454336748743,-0.546737638780411
NK,Muscle contraction,0.3563111638862053,0.9850542312919788
NK,Respiration,0.5696614795282507,0.6628313962977481
NK,Chromatin modification (1),0.8291424637188558,0.9033582350209339
NK,Heme metabolism,0.3127296551623462,1.126687063766768
NK,VEGF signaling,0.1303025122564688,0.2596787863427685
NK,Protein processing in ER,-0.004269110318877743,-0.04699860469932457
NK,Lipid met,0.725493622114492,0.7259652774377406
NK,Cholesterol met (darkred),0.03788712677418467,0.2568885427465077
NK,Cell cycle,0.6895932516554761,1.0757059334961816
NK,ECM organization,0.3471977205448441,1.1206336928750198
NK,Apoptosis,0.047984617805928054,0.06265906832502634
NK,Interferon signaling,-0.03161695708478905,-0.10766299255865838
NK,Nrf2 signaling,0.38190798074630766,0.8097745377584424
NK,Amino acid met,0.11092694018976229,0.15382893256634453
NK,mRNA splicing,0.009218082099304928,0.01807522561980314
NK,Fatty acid met,0.3025211656078505,0.2830890934695415
NK,Adaptive immunity,0.5910873328598312,0.7708726047831259
NK,Translation,0.12025057627768719,0.18207509605945846
NK,Cholesterol met (salmon),0.3535772354146143,0.5759448010965945
NK,Heat stress response,0.11262587044874892,0.45925683538430706
NK,OxPhos,0.6246352308642863,1.3003555243632772
NK,Innate immunity,0.4885692991165249,0.7536160748199434
NK,Chromatin modification (2),0.3751469315385273,0.7848127954810398
NK,Composite,0.1405434636300968,0.39056282253720837
T,Muscle contraction,0.14461542334330665,0.4636462248262771
T,Respiration,-0.17403720782116486,-0.22076585539692842
T,Chromatin modification (1),0.36357266717895376,0.4814812575177068
T,Heme metabolism,-0.11715001484501504,-0.3945040745348113
T,VEGF signaling,-0.4585367929597961,-0.8598692721665496
T,Protein processing in ER,-0.04693618643172427,-0.5461414190874605
T,Lipid met,0.39911197329125514,0.902865343846214
T,Cholesterol met (darkred),-0.04991968873875892,-0.4175075550212016
T,Cell cycle,1.0101833010517027,1.0030534576559218
T,ECM organization,0.18225709751850697,0.5345939458855259
T,Apoptosis,0.2918521594755865,0.5864060899606188
T,Interferon signaling,-0.6988147130731541,-1.0531972973566046
T,Nrf2 signaling,0.13983840497804578,0.3033290711054096
T,Amino acid met,-0.14663840661951572,-0.32420717045576003
T,mRNA splicing,-0.09548930703349907,-0.18045175402584315
T,Fatty acid met,-0.1747665783531797,-0.2964005914119366
T,Adaptive immunity,0.6741255748880819,0.6209600137265295
T,Translation,0.6708080425787877,1.3595028739997854
T,Cholesterol met (salmon),0.19647866932208352,0.3008343476512707
T,Heat stress response,0.03923345686590153,0.14205431210306477
T,OxPhos,0.0593195272132004,0.10970376576848474
T,Innate immunity,0.3532304257427355,0.6483403788933642
T,Chromatin modification (2),0.09907204837354525,0.1703077536207295
T,Composite,0.1356034919051958,0.3676937399472415
T_Cytotoxic,Muscle contraction,0.18184246023206263,0.6718172921993056
T_Cytotoxic,Respiration,-0.25207285156736847,-0.36249332606003376
T_Cytotoxic,Chromatin modification (1),-0.2525182566520173,-0.29525130516565606
T_Cytotoxic,Heme metabolism,0.025297406717072847,0.10619821316600966
T_Cytotoxic,VEGF signaling,-0.3643677872048401,-1.2061296043072827
T_Cytotoxic,Protein processing in ER,-0.06244615804245867,-0.6484728977818346
T_Cytotoxic,Lipid met,0.5582040872236873,1.1934979365171525
T_Cytotoxic,Cholesterol met (darkred),0.0345089807062099,0.2767975405906386
T_Cytotoxic,Cell cycle,0.6978335965025311,0.7604649965597332
T_Cytotoxic,ECM organization,0.11531806390026211,0.2936717305698745
T_Cytotoxic,Apoptosis,0.09286005201228947,0.1486842914342517
T_Cytotoxic,Interferon signaling,-0.04946960464508213,-0.16941002468865873
T_Cytotoxic,Nrf2 signaling,0.12206856528334516,0.19540371111905877
T_Cytotoxic,Amino acid met,-0.34557400316263454,-0.5580831092729166
T_Cytotoxic,mRNA splicing,0.5402798244538133,1.0739667820582481
T_Cytotoxic,Fatty acid met,0.133428069871001,0.19710155722325629
T_Cytotoxic,Adaptive immunity,0.8359195678134174,0.8385449950429497
T_Cytotoxic,Translation,-0.057759898120943884,-0.08405821003829748
T_Cytotoxic,Cholesterol met (salmon),-0.014432396728563501,-0.022580182094974366
T_Cytotoxic,Heat stress response,0.09432894772256352,0.35790793690652806
T_Cytotoxic,OxPhos,0.34894918851194173,0.7081818890851653
T_Cytotoxic,Innate immunity,0.31149258737008334,0.33607122647036086
T_Cytotoxic,Chromatin modification (2),0.1940812043879685,0.4087155221386299
T_Cytotoxic,Composite,0.03587119661086684,0.10967485036706445
cDC2,Muscle contraction,-0.8424495516876399,-1.711573266157355
cDC2,Respiration,0.13956128297772438,0.3936799148324192
cDC2,Chromatin modification (1),-0.2679480604283128,-0.48099954574953807
cDC2,Heme metabolism,0.21072944026520027,1.2445973869521672
cDC2,VEGF signaling,0.15986671615221337,0.7870174189678083
cDC2,Protein processing in ER,-0.05542019882331362,-0.34357451798842886
cDC2,Lipid met,0.21877170554602993,0.7967873617170327
cDC2,Cholesterol met (darkred),0.01517911539662635,0.06087128275666682
cDC2,Cell cycle,0.11754051923807306,0.22135279088082704
cDC2,ECM organization,0.3939170345547666,0.6742249757498261
cDC2,Apoptosis,0.17109683859641053,0.6254734714492322
cDC2,Interferon signaling,-0.8311949277279802,-2.1292731682303083
cDC2,Nrf2 signaling,0.022176366903120488,0.042196742598302237
cDC2,Amino acid met,0.6379705456881161,1.4096725905164282
cDC2,mRNA splicing,0.28370155898154714,0.7236018795237387
cDC2,Fatty acid met,-0.2169285018417938,-0.4129704843625427
cDC2,Adaptive immunity,-0.16556740139149695,-0.159173498020073
cDC2,Translation,1.0023639878631732,1.5543628894781798
cDC2,Cholesterol met (salmon),-0.0953445796510867,-0.22436380636737738
cDC2,Heat stress response,0.028022618192188677,0.21622054332698157
cDC2,OxPhos,-0.062442398737461685,-0.12325255733024437
cDC2,Innate immunity,0.2362062259904562,0.4828178674623711
cDC2,Chromatin modification (2),0.21830629795131967,0.23811755450017413
cDC2,Composite,-0.1282478933324987,-0.5048629203153822
cMonocyte,Muscle contraction,-0.12098222748687781,-0.7638988264045132
cMonocyte,Respiration,0.21157760853225316,0.2816143178238548
cMonocyte,Chromatin modification (1),0.8254157187504321,0.8489624454372988
cMonocyte,Heme metabolism,0.04621660388232127,0.282493121274624
cMonocyte,VEGF signaling,0.06914532126419179,0.2155140954563475
cMonocyte,Protein processing in ER,0.06469169423346022,0.46459181301822583
cMonocyte,Lipid met,0.42043175801999255,0.6771569551670528
cMonocyte,Cholesterol met (darkred),0.02037112180095395,0.054725314150559
cMonocyte,Cell cycle,-0.5304890271571266,-0.4727993506588505
cMonocyte,ECM organization,0.19322440939078958,0.45504380412060824
cMonocyte,Apoptosis,-0.2220331148969281,-0.6614689604778278
cMonocyte,Interferon signaling,-0.03412809403635912,-0.1121058078093464
cMonocyte,Nrf2 signaling,0.13482137014582657,0.27043959162454184
cMonocyte,Amino acid met,0.35662266894234884,0.5604880703437585
cMonocyte,mRNA splicing,-0.21325811633708303,-0.5023433773222119
cMonocyte,Fatty acid met,0.2946719769268368,0.32838649852758295
cMonocyte,Adaptive immunity,1.2423349273409867,1.0135240132190204
cMonocyte,Translation,0.42606643621985274,0.3032184568049382
cMonocyte,Cholesterol met (salmon),0.42039367252866655,0.7943582678903715
cMonocyte,Heat stress response,0.3298332858572868,1.1865919800226659
cMonocyte,OxPhos,0.22117739848065204,0.2561030032508338
cMonocyte,Innate immunity,0.3528079977937748,0.5405165022722684
cMonocyte,Chromatin modification (2),-0.11157786297568029,-0.17732809589102547
cMonocyte,Composite,0.044713709415305,0.11990065966453106
ncMonocyte,Muscle contraction,0.05808842968107187,0.2978197164429216
ncMonocyte,Respiration,0.5152623869896319,1.2926601077107918
ncMonocyte,Chromatin modification (1),0.7775201617666059,1.0096937514479196
ncMonocyte,Heme metabolism,0.24603104001632947,2.1282833587792847
ncMonocyte,VEGF signaling,-0.07078503950029238,-0.32573839216327244
ncMonocyte,Protein processing in ER,0.0025332832433328486,0.062314063071959545
ncMonocyte,Lipid met,-0.1989593934481352,-0.4954082652590255
ncMonocyte,Cholesterol met (darkred),0.011998005468432835,0.0700797592020191
ncMonocyte,Cell cycle,0.13487284411667305,0.177799675076795
ncMonocyte,ECM organization,0.20530498260640964,0.4608797927893934
ncMonocyte,Apoptosis,-0.11617317442420157,-0.43443059327068123
ncMonocyte,Interferon signaling,-0.0684008563411371,-0.12169436667701265
ncMonocyte,Nrf2 signaling,0.23074253672055567,0.6051946529817426
ncMonocyte,Amino acid met,0.6856174883962839,1.5196413902532073
ncMonocyte,mRNA splicing,-0.06394523364931208,-0.1808454484343315
ncMonocyte,Fatty acid met,0.25951175643170793,0.30047108294574354
ncMonocyte,Adaptive immunity,0.21446397184301563,0.2691013636849574
ncMonocyte,Translation,0.8240856877330076,1.0006961157907057
ncMonocyte,Cholesterol met (salmon),0.6670033038215294,1.666956298279714
ncMonocyte,Heat stress response,0.26954078361139294,2.8397519176156947
ncMonocyte,OxPhos,-0.49305928531630155,-0.599788481674546
ncMonocyte,Innate immunity,-0.3460288196237696,-0.48387946046535757
ncMonocyte,Chromatin modification (2),-0.030315855376537044,-0.056705796564210376
ncMonocyte,Composite,-0.009155838306219643,-0.0294556605840078
