celltype,variable,median_IPF,median_Control,ratio,p_mannwhitney,fdr
B,n_cells,135.5,122.0,1.110655737704918,0.32819743974166765,0.40291472742599715
B,lib_size,421816.0,426508.0,0.9889990340157746,0.35397685772498366,0.40291472742599715
Ciliated,n_cells,197.5,92.0,2.1467391304347827,0.01993186286170584,0.10962524573938212
Ciliated,lib_size,1384588.0,648987.5,2.1334586567537897,0.018720176465108054,0.10962524573938212
Fibroblast,n_cells,97.0,144.0,0.6736111111111112,0.22881975844691982,0.40291472742599715
Fibroblast,lib_size,868891.0,1045787.5,0.8308485232420544,0.3736263736263737,0.40291472742599715
Macrophage,n_cells,1747.5,830.0,2.105421686746988,0.016907466053605477,0.10962524573938212
Macrophage,lib_size,12196927.5,5141364.0,2.3723135533683277,0.0007516404285288798,0.016536089427635355
Macrophage_Alveolar,n_cells,707.0,533.5,1.325210871602624,0.3670857199582992,0.40291472742599715
Macrophage_Alveolar,lib_size,7588292.0,3523888.0,2.153386259722216,0.11890586450554126,0.40291472742599715
NK,n_cells,155.0,87.0,1.7816091954022988,0.2690939794092799,0.40291472742599715
NK,lib_size,427382.0,199406.0,2.1432755283191076,0.2691725787177691,0.40291472742599715
T,n_cells,188.5,228.5,0.824945295404814,0.3846004216339064,0.40291472742599715
T,lib_size,547447.5,561626.5,0.9747536841655442,0.5579797252807093,0.5579797252807093
T_Cytotoxic,n_cells,145.5,250.0,0.582,0.293390110156623,0.40291472742599715
T_Cytotoxic,lib_size,390777.0,576697.0,0.677612333686494,0.33375784736264125,0.40291472742599715
cDC2,n_cells,117.0,100.0,1.17,0.20688033659270966,0.40291472742599715
cDC2,lib_size,1054427.0,871031.0,1.2105504855739921,0.3723136168972013,0.40291472742599715
cMonocyte,n_cells,155.0,290.0,0.5344827586206896,0.23802058633610668,0.40291472742599715
cMonocyte,lib_size,583425.5,1279465.0,0.45599176218184945,0.21885276993800962,0.40291472742599715
ncMonocyte,n_cells,98.5,78.0,1.2628205128205128,0.2865917070247751,0.40291472742599715
ncMonocyte,lib_size,482658.5,333177.0,1.4486549191570848,0.2566219470244238,0.40291472742599715
