analysis,n_celltypes,n_tests,fdr10_hits,beta_spearman_vs_main,main_hits_available,main_hits_same_sign,main_hits_p05,main_hits_median_beta_ratio
main,11,253,30,1.0,30,30,30,1.0
age_overlap,10,230,26,0.9608106342110518,30,30,30,1.0226422049951807
tech_covariates,11,253,31,0.8858875348091372,30,30,28,0.9111517796254314
min_cells_30,14,322,21,0.7739025210781459,30,29,26,0.9774020618778796
min_cells_100,9,207,19,0.6937458735158186,28,28,24,0.9950245082024403
cpm,11,253,35,0.9940214983008547,30,30,30,0.9895860571637058
depth_group_matched,11,253,23,0.791203718112311,30,30,23,1.020507132904799
depth_equalized,11,253,14,0.5575760539813946,30,25,13,0.3936707834983999
depth_loss_control,11,253,6,0.5776768022574253,30,24,10,0.5060886823111096
cells_group_matched,11,253,16,0.733658786722806,30,29,22,1.0314634740549464
cells_equalized,11,253,5,0.49052835786831,30,24,10,0.3042693050834781
cells_loss_control,11,253,1,0.5188254630226559,30,24,12,0.49321123830547464
