celltype,donors_Control,donors_IPF,cells_median
AT1,3,0,104.0
AT2,6,8,361.5
B Cells,1,3,112.0
Basal,0,6,220.5
Ciliated,5,12,278.0
Differentiating Ciliated,2,4,170.0
Endothelial Cells,8,11,229.0
Fibroblasts,1,0,57.0
HAS1 High Fibroblasts,0,1,179.0
KRT5-/KRT17+,0,3,110.0
Lymphatic Endothelial Cells,2,1,143.0
MUC5B+,2,6,187.5
Macrophages,9,12,801.0
Mast Cells,1,3,108.5
Monocytes,6,6,296.0
Myofibroblasts,1,5,99.0
NK Cells,5,4,121.0
PLIN2+ Fibroblasts,0,2,540.0
Plasma Cells,2,2,110.0
Proliferating Epithelial Cells,0,1,102.0
Proliferating Macrophages,1,3,88.0
Proliferating T Cells,2,0,138.0
SCGB3A2+,0,8,289.0
SCGB3A2+ SCGB1A1+,1,5,132.0
Smooth Muscle Cells,1,2,86.0
T Cells,4,6,314.5
Transitional AT2,3,1,149.0
cDCs,0,8,129.5
pDCs,0,1,54.0
