dataset,celltype,outcome,module,n,rho,p,rho_adj,p_adj,fdr,fdr_adj
Adams controls,B,Mortality,Muscle contraction,7,0.5225437283634242,0.22887787757609507,-0.8013076556844371,0.19869234431556296,0.9457039070154535,0.8879847131408174
Adams controls,B,Mortality,Respiration,7,0.6126374746329801,0.1435885753012861,0.5647680718925949,0.4352319281074051,0.9457039070154535,0.8879847131408174
Adams controls,B,Mortality,Chromatin modification (1),7,0.7387687194103585,0.057858496895692765,0.4705041082305938,0.5294958917694061,0.9457039070154535,0.8929643502627426
Adams controls,B,Mortality,Heme metabolism,7,-0.198206241793023,0.6700850339168265,0.6113490668852904,0.3886509331147096,0.9869388898965118,0.8879847131408174
Adams controls,B,Mortality,VEGF signaling,7,0.41443123283995714,0.35526894376605234,0.298531612840247,0.7014683871597529,0.9527178198786612,0.9270928399574524
Adams controls,B,Mortality,Protein processing in ER,7,0.8829187134416479,0.008450342381896615,0.970575867362163,0.029424132637837046,0.9457039070154535,0.835053800912162
Adams controls,B,Mortality,Lipid met,7,0.10811249552346709,0.8175332656241182,-0.6053106251697244,0.3946893748302755,0.9869388898965118,0.8879847131408174
Adams controls,B,Mortality,Cholesterol met (darkred),7,0.01801874925391118,0.9694153868031988,0.24835823253096193,0.7516417674690381,0.9919634182110644,0.9278278954440164
Adams controls,B,Mortality,Cell cycle,7,-0.25226248955475655,0.585241090716058,0.2657011065805862,0.7342988934194137,0.9769750465985807,0.9270928399574524
Adams controls,B,Mortality,ECM organization,7,0.01801874925391118,0.9694153868031988,0.9083738508665653,0.0916261491334347,0.9919634182110644,0.8879847131408174
Adams controls,B,Mortality,Apoptosis,7,-0.4865062298556019,0.26824856231783123,-0.029267805180416665,0.9707321948195833,0.9527178198786612,0.9877980982858824
Adams controls,B,Mortality,Interferon signaling,7,-0.12613124477737828,0.7875721594074738,0.3745878895946979,0.6254121104053021,0.9869388898965118,0.9247164775278395
Adams controls,B,Mortality,Nrf2 signaling,7,0.30631873731649006,0.504027008666588,0.4101102916116154,0.5898897083883846,0.9579472094509104,0.8929643502627426
Adams controls,B,Mortality,Amino acid met,7,0.30631873731649006,0.504027008666588,0.8514869236545577,0.14851307634544234,0.9579472094509104,0.8879847131408174
Adams controls,B,Mortality,mRNA splicing,7,0.6666937223947137,0.1019204602461823,0.5738281442019845,0.4261718557980155,0.9457039070154535,0.8879847131408174
Adams controls,B,Mortality,Fatty acid met,7,0.16216874328520064,0.7282995630820221,0.9712008607247716,0.02879913927522836,0.9869388898965118,0.835053800912162
Adams controls,B,Mortality,Adaptive immunity,7,0.6486749731408026,0.11499598135612583,0.5853561036083279,0.41464389639167204,0.9457039070154535,0.8879847131408174
Adams controls,B,Mortality,Translation,7,0.6847124716486249,0.08966645319106842,0.11329398600435656,0.8867060139956434,0.9457039070154535,0.9868179833177322
Adams controls,B,Mortality,Cholesterol met (salmon),7,0.6306562238868914,0.12888769568495795,0.5061768600572379,0.4938231399427621,0.9457039070154535,0.8929643502627426
Adams controls,B,Mortality,Heat stress response,7,-0.12613124477737828,0.7875721594074738,0.6788519716940203,0.32114802830597966,0.9869388898965118,0.8879847131408174
Adams controls,B,Mortality,OxPhos,7,-0.12613124477737828,0.7875721594074738,0.529471959713153,0.470528040286847,0.9869388898965118,0.8879847131408174
Adams controls,B,Mortality,Innate immunity,7,0.21622499104693418,0.6414455093539174,-0.35238976813443307,0.6476102318655669,0.9869388898965118,0.9270928399574524
Adams controls,B,Mortality,Chromatin modification (2),7,0.7387687194103585,0.057858496895692765,0.9955246075099407,0.004475392490059348,0.9457039070154535,0.835053800912162
Adams controls,B,Mortality,Composite,7,0.07207499701564472,0.877959250822513,0.2234240868714927,0.7765759131285073,0.9148857180816651,0.8736479022695707
Adams controls,B,Chrono,Muscle contraction,7,0.702731220902536,0.07823745383207162,0.192575624916784,0.807424375083216,0.9155795044224923,0.9501799006945996
Adams controls,B,Chrono,Respiration,7,0.18018749253911182,0.6990457740939313,0.9025283265687226,0.09747167343127738,0.9564532291249499,0.880568036106782
Adams controls,B,Chrono,Chromatin modification (1),7,0.8829187134416479,0.008450342381896615,0.8115284165987788,0.18847158340122114,0.6303535363452101,0.880568036106782
Adams controls,B,Chrono,Heme metabolism,7,-0.23424374030084535,0.6131550369752419,0.48344734392169586,0.5165526560783041,0.9415705522931056,0.8933039095238806
Adams controls,B,Chrono,VEGF signaling,7,0.396412483586046,0.37863470950041306,-0.66145239707741,0.3385476029225899,0.9355474808581916,0.880568036106782
Adams controls,B,Chrono,Protein processing in ER,7,0.6847124716486249,0.08966645319106842,0.6080276259203681,0.391972374079632,0.9155795044224923,0.891629466313009
Adams controls,B,Chrono,Lipid met,7,0.0,1.0,-0.6511759470494873,0.34882405295051266,1.0,0.880568036106782
Adams controls,B,Chrono,Cholesterol met (darkred),7,-0.07207499701564472,0.877959250822513,0.772248662840452,0.22775133715954793,1.0,0.880568036106782
Adams controls,B,Chrono,Cell cycle,7,-0.09009374626955591,0.8476720796198264,0.09546591985186573,0.9045340801481343,0.9913453134536953,0.9802787909203908
Adams controls,B,Chrono,ECM organization,7,-0.054056247761733546,0.9083652825239955,0.9095246701855347,0.0904753298144653,1.0,0.880568036106782
Adams controls,B,Chrono,Apoptosis,7,-0.12613124477737828,0.7875721594074738,0.529471959713153,0.470528040286847,0.9733218740826687,0.8933039095238806
Adams controls,B,Chrono,Interferon signaling,7,-0.43244998209386837,0.33252677821284443,0.41099335615576604,0.589006643844234,0.9355474808581916,0.8933039095238806
Adams controls,B,Chrono,Nrf2 signaling,7,0.41443123283995714,0.35526894376605234,0.39705895702492117,0.6029410429750789,0.9355474808581916,0.8933039095238806
Adams controls,B,Chrono,Amino acid met,7,0.25226248955475655,0.585241090716058,0.9391400988328356,0.060859901167164464,0.9415705522931056,0.8620135076996135
Adams controls,B,Chrono,mRNA splicing,7,0.702731220902536,0.07823745383207162,0.36649089083953656,0.6335091091604634,0.9155795044224923,0.8933039095238806
Adams controls,B,Chrono,Fatty acid met,7,0.16216874328520064,0.7282995630820221,0.9712008607247716,0.02879913927522836,0.9564532291249499,0.7451777287465339
Adams controls,B,Chrono,Adaptive immunity,7,0.7567874686642696,0.048905099134726356,0.9314364452490661,0.06856355475093388,0.9155795044224923,0.8620135076996135
Adams controls,B,Chrono,Translation,7,0.6306562238868914,0.12888769568495795,0.028203521355674162,0.9717964786443258,0.9155795044224923,0.9802787909203908
Adams controls,B,Chrono,Cholesterol met (salmon),7,0.18018749253911182,0.6990457740939313,0.03350253559396449,0.9664974644060356,0.9564532291249499,0.9802787909203908
Adams controls,B,Chrono,Heat stress response,7,-0.12613124477737828,0.7875721594074738,0.6788519716940203,0.32114802830597966,0.9733218740826687,0.880568036106782
Adams controls,B,Chrono,OxPhos,7,-0.16216874328520064,0.7282995630820221,0.48026315472054887,0.5197368452794512,0.9564532291249499,0.8933039095238806
Adams controls,B,Chrono,Innate immunity,7,0.4865062298556019,0.26824856231783123,-0.18136595527007332,0.8186340447299267,0.9328222909826586,0.9501799006945996
Adams controls,B,Chrono,Chromatin modification (2),7,0.8288624656799143,0.021173515581004283,0.9929296427190901,0.0070703572809098746,0.7304862875446477,0.48785465238278136
Adams controls,B,Chrono,Composite,7,0.12613124477737828,0.7875721594074738,0.32919008469194866,0.6708099153080513,0.9829532868330846,0.8624698911103517
Adams controls,Ciliated,Mortality,Muscle contraction,8,0.2155727271443866,0.6081490663684049,0.41221236587118903,0.4904223790957376,0.9869388898965118,0.8929643502627426
Adams controls,Ciliated,Mortality,Respiration,8,-0.5389318178609664,0.16811803527951477,-0.5902824352172011,0.29469991982219695,0.9457039070154535,0.8879847131408174
Adams controls,Ciliated,Mortality,Chromatin modification (1),8,-0.2155727271443866,0.6081490663684049,-0.5676605197398152,0.3181833448900573,0.9869388898965118,0.8879847131408174
Adams controls,Ciliated,Mortality,Heme metabolism,8,-0.5509080804800991,0.1570184219978913,-0.6281868362158589,0.25643492150916747,0.9457039070154535,0.8879847131408174
Adams controls,Ciliated,Mortality,VEGF signaling,8,0.5748606057183643,0.13605826238809157,0.93668009204092,0.01894417919782075,0.9457039070154535,0.835053800912162
Adams controls,Ciliated,Mortality,Protein processing in ER,8,-0.13173888881045848,0.7558326362593348,0.009583497895134577,0.9877980982858824,0.9869388898965118,0.9877980982858824
Adams controls,Ciliated,Mortality,Lipid met,8,0.0,1.0,0.25049699485690086,0.6844249834272,1.0,0.9270928399574524
Adams controls,Ciliated,Mortality,Cholesterol met (darkred),8,0.07185757571479554,0.8657301238340009,0.21179448600221798,0.732364729400602,0.9869388898965118,0.9270928399574524
Adams controls,Ciliated,Mortality,Cell cycle,8,-0.8263621207201486,0.011442764999941228,-0.8527665892756707,0.06629972512313136,0.9457039070154535,0.8879847131408174
Adams controls,Ciliated,Mortality,ECM organization,8,-0.27545404024004955,0.5090540726550732,0.20975093812682108,0.7349082028652989,0.9579472094509104,0.9270928399574524
Adams controls,Ciliated,Mortality,Apoptosis,8,-0.6107893935757621,0.10772123669287101,0.6093240896473213,0.27530138849088914,0.9457039070154535,0.8879847131408174
Adams controls,Ciliated,Mortality,Interferon signaling,8,-0.023952525238265177,0.9551061898789129,-0.04895463171098472,0.9376939325760804,0.9919634182110644,0.9877980982858824
Adams controls,Ciliated,Mortality,Nrf2 signaling,8,-0.5030030300035688,0.203876682008432,-0.4923457394186403,0.39946363712509586,0.9457039070154535,0.8879847131408174
Adams controls,Ciliated,Mortality,Amino acid met,8,-0.6107893935757621,0.10772123669287101,-0.25547758979787344,0.6782897914408859,0.9457039070154535,0.9270928399574524
Adams controls,Ciliated,Mortality,mRNA splicing,8,-0.08383383833392813,0.8435464923328299,0.4383830541413069,0.460265871325776,0.9869388898965118,0.8879847131408174
Adams controls,Ciliated,Mortality,Fatty acid met,8,0.407192929050508,0.31670918491612826,-0.11334502177369953,0.8559942398083592,0.9527178198786612,0.9733510589124036
Adams controls,Ciliated,Mortality,Adaptive immunity,8,-0.5389318178609664,0.16811803527951477,0.01728036560157693,0.9779990502265412,0.9457039070154535,0.9877980982858824
Adams controls,Ciliated,Mortality,Translation,8,0.6946232319096901,0.055884725588007056,0.6874408211549142,0.19963743826509495,0.9457039070154535,0.8879847131408174
Adams controls,Ciliated,Mortality,Cholesterol met (salmon),8,-0.1197626261913259,0.7775830437712571,0.4891313828909797,0.4030295849068003,0.9869388898965118,0.8879847131408174
Adams controls,Ciliated,Mortality,Heat stress response,8,0.4311454542887732,0.28619573480536037,-0.25698587611537377,0.6764334940029724,0.9527178198786612,0.9270928399574524
Adams controls,Ciliated,Mortality,OxPhos,8,0.38324040381224284,0.34868374112420125,0.6400674573533365,0.24473857742777536,0.9527178198786612,0.8879847131408174
Adams controls,Ciliated,Mortality,Innate immunity,8,0.5988131309566295,0.11675354405796787,0.6304999003240584,0.2541462170331045,0.9457039070154535,0.8879847131408174
Adams controls,Ciliated,Mortality,Chromatin modification (2),8,-0.08383383833392813,0.8435464923328299,-0.8130648194697202,0.09425437771043264,0.9869388898965118,0.8879847131408174
Adams controls,Ciliated,Mortality,Composite,8,0.45509797952703834,0.25719208545877237,-0.08958274458731809,0.8860924481727995,0.7715762563763171,0.8860924481727995
Adams controls,Ciliated,Chrono,Muscle contraction,8,-0.05988131309566295,0.8879906501125184,-0.06532381302350888,0.9168863285127896,1.0,0.9802787909203908
Adams controls,Ciliated,Chrono,Respiration,8,-0.5628843430992317,0.14633153260555073,-0.4813575656502139,0.41168408636397136,0.9155795044224923,0.8923542909352554
Adams controls,Ciliated,Chrono,Chromatin modification (1),8,-0.15569141404872364,0.7127617079991629,-0.5006136072481138,0.39032575860726926,0.9564532291249499,0.891629466313009
Adams controls,Ciliated,Chrono,Heme metabolism,8,-0.5509080804800991,0.1570184219978913,-0.6281868362158589,0.25643492150916747,0.9155795044224923,0.880568036106782
Adams controls,Ciliated,Chrono,VEGF signaling,8,0.5868368683374969,0.12619898553608944,0.9223728879830376,0.025658505962540375,0.9155795044224923,0.7451777287465339
Adams controls,Ciliated,Chrono,Protein processing in ER,8,-0.09581010095306071,0.8214524032504529,-0.5626253421725725,0.32347235245452916,0.986621729669488,0.880568036106782
Adams controls,Ciliated,Chrono,Lipid met,8,0.023952525238265177,0.9551061898789129,0.33173410823545807,0.5855031307895499,1.0,0.8933039095238806
Adams controls,Ciliated,Chrono,Cholesterol met (darkred),8,-0.2155727271443866,0.6081490663684049,-0.1653278130843011,0.7904610126042781,0.9415705522931056,0.9501799006945996
Adams controls,Ciliated,Chrono,Cell cycle,8,-0.5748606057183643,0.13605826238809157,-0.8460785013967027,0.07079337985938855,0.9155795044224923,0.8620135076996135
Adams controls,Ciliated,Chrono,ECM organization,8,-0.5868368683374969,0.12619898553608944,-0.22674207601779287,0.7137962053681733,0.9155795044224923,0.9170922637799085
Adams controls,Ciliated,Chrono,Apoptosis,8,-0.6826469692905576,0.06209269238231715,0.289146285992594,0.637043784436367,0.9155795044224923,0.8933039095238806
Adams controls,Ciliated,Chrono,Interferon signaling,8,-0.13173888881045848,0.7558326362593348,-0.26504667686960975,0.6665259791137516,0.9598610779489711,0.8933039095238806
Adams controls,Ciliated,Chrono,Nrf2 signaling,8,-0.4311454542887732,0.28619573480536037,-0.4701113023843608,0.4242789744610555,0.9355474808581916,0.8923542909352554
Adams controls,Ciliated,Chrono,Amino acid met,8,-0.22754898976351917,0.5878445645010818,0.2060929390478321,0.7394639212791139,0.9415705522931056,0.9276911012410701
Adams controls,Ciliated,Chrono,mRNA splicing,8,-0.17964393928698885,0.6703442772469386,0.4036121832231379,0.5004200006670827,0.9564532291249499,0.8933039095238806
Adams controls,Ciliated,Chrono,Fatty acid met,8,0.5389318178609664,0.16811803527951477,0.4564348463448995,0.43971081002606793,0.9155795044224923,0.8923542909352554
Adams controls,Ciliated,Chrono,Adaptive immunity,8,-0.5389318178609664,0.16811803527951477,0.24815762019518925,0.6873095011583661,0.9155795044224923,0.9061978773234508
Adams controls,Ciliated,Chrono,Translation,8,0.6586944440522925,0.07568968784163853,0.5984213966586992,0.2863661202331925,0.9155795044224923,0.880568036106782
Adams controls,Ciliated,Chrono,Cholesterol met (salmon),8,0.011976262619132589,0.977546654703887,0.6980782474208567,0.18987010620696326,1.0,0.880568036106782
Adams controls,Ciliated,Chrono,Heat stress response,8,0.3113828280974473,0.45279875742633713,-0.6850834623290966,0.20182057763572775,0.9415705522931056,0.880568036106782
Adams controls,Ciliated,Chrono,OxPhos,8,0.4790505047653036,0.22974054535741778,0.4742822432153003,0.4195977164572768,0.9155795044224923,0.8923542909352554
Adams controls,Ciliated,Chrono,Innate immunity,8,0.27545404024004955,0.5090540726550732,0.6969621205079063,0.19088841451487257,0.9415705522931056,0.880568036106782
Adams controls,Ciliated,Chrono,Chromatin modification (2),8,0.467074242146171,0.24326991663399553,-0.17390785017753418,0.7796949011996132,0.9155795044224923,0.9493932032254113
Adams controls,Ciliated,Chrono,Composite,8,0.4431217169079058,0.27150238692257467,-0.03120236530535646,0.9602783620075942,0.9829532868330846,0.996077164492602
Adams controls,Macrophage,Mortality,Muscle contraction,27,0.24778501090011362,0.21270982022000667,0.2910228604484429,0.16768383006528242,0.9457039070154535,0.8879847131408174
Adams controls,Macrophage,Mortality,Respiration,27,-0.22884213707051188,0.2509073032321546,-0.3243099433652757,0.1220793675474607,0.9527178198786612,0.8879847131408174
Adams controls,Macrophage,Mortality,Chromatin modification (1),27,0.12037890788488874,0.5497795230355531,0.19293007945005675,0.3664029059138975,0.9769750465985807,0.8879847131408174
Adams controls,Macrophage,Mortality,Heme metabolism,27,-0.05774521215797963,0.7748065189088813,0.060198945073720166,0.7799201317221555,0.9869388898965118,0.9505059492344949
Adams controls,Macrophage,Mortality,VEGF signaling,27,0.013443329814556104,0.9469391343940056,-0.00835830443015354,0.9690803200035835,0.9919634182110644,0.9877980982858824
Adams controls,Macrophage,Mortality,Protein processing in ER,27,0.275282730975342,0.16460518674806615,0.30732040698376556,0.144067991409351,0.9457039070154535,0.8879847131408174
Adams controls,Macrophage,Mortality,Lipid met,27,-0.18362366405791403,0.35923831656237865,-0.2018408539804125,0.3442446626650372,0.9527178198786612,0.8879847131408174
Adams controls,Macrophage,Mortality,Cholesterol met (darkred),27,0.18820661740378544,0.34715936284667104,0.0598402816074894,0.781200196532268,0.9527178198786612,0.9505059492344949
Adams controls,Macrophage,Mortality,Cell cycle,27,-0.1130461825314945,0.5745148324311369,-0.1787584425294013,0.403297487397951,0.9769750465985807,0.8879847131408174
Adams controls,Macrophage,Mortality,ECM organization,27,-0.19737252409552825,0.3237403435905343,-0.23442246950359316,0.27021114873094426,0.9527178198786612,0.8879847131408174
Adams controls,Macrophage,Mortality,Apoptosis,27,-0.22334259305546617,0.26278790317752015,-0.14880331088271748,0.4877153106696536,0.9527178198786612,0.8929643502627426
Adams controls,Macrophage,Mortality,Interferon signaling,27,0.08738164379461466,0.6647285382869759,0.1452085075804687,0.49840603088206353,0.9869388898965118,0.8929643502627426
Adams controls,Macrophage,Mortality,Nrf2 signaling,27,-0.05194013791987585,0.7969537038024163,-0.15991042676203393,0.4554254803344234,0.9869388898965118,0.8879847131408174
Adams controls,Macrophage,Mortality,Amino acid met,27,0.0769936162106395,0.7026785610875075,0.16665059841866,0.436391759580408,0.9869388898965118,0.8879847131408174
Adams controls,Macrophage,Mortality,mRNA splicing,27,0.12007337766183065,0.5508002395077106,0.13219877268351662,0.5380410602252922,0.9769750465985807,0.8929643502627426
Adams controls,Macrophage,Mortality,Fatty acid met,27,0.012832269368439916,0.9493478758124994,0.03550856897460283,0.8691637157149827,0.9919634182110644,0.9733510589124036
Adams controls,Macrophage,Mortality,Adaptive immunity,27,-0.0678277095188967,0.7367551776713058,-0.10781372362196741,0.6160565799402363,0.9869388898965118,0.9174367773210714
Adams controls,Macrophage,Mortality,Translation,27,-0.17629093870451978,0.37907223583386396,-0.16381261331897837,0.4443535198296318,0.9527178198786612,0.8879847131408174
Adams controls,Macrophage,Mortality,Cholesterol met (salmon),27,-0.23892463443142894,0.23005329742105887,-0.3794532276048122,0.0674319806503557,0.9457039070154535,0.8879847131408174
Adams controls,Macrophage,Mortality,Heat stress response,27,-0.14696003729094284,0.4644866964565509,-0.16622483109384872,0.43758131951516005,0.9527178198786612,0.8879847131408174
Adams controls,Macrophage,Mortality,OxPhos,27,0.28842053056683997,0.14457192957558257,0.31970813396496867,0.1277775860606184,0.9457039070154535,0.8879847131408174
Adams controls,Macrophage,Mortality,Innate immunity,27,0.07760467665675569,0.7004257719085873,0.0035022232584073867,0.9870418201169613,0.9869388898965118,0.9877980982858824
Adams controls,Macrophage,Mortality,Chromatin modification (2),27,0.18392919428097215,0.35842543199660504,0.15679874544925645,0.4643568476670488,0.9527178198786612,0.8879847131408174
Adams controls,Macrophage,Mortality,Composite,27,0.1759854084814617,0.37991211883852444,0.13016111321450202,0.5443792295139372,0.7927352524943955,0.8736479022695707
Adams controls,Macrophage,Chrono,Muscle contraction,27,0.20745502145644532,0.2991256112291881,0.2071300614364438,0.3314772437612698,0.9355474808581916,0.880568036106782
Adams controls,Macrophage,Chrono,Respiration,27,-0.422853828712401,0.027984872097079515,-0.4545112977517041,0.025660671756376912,0.8275526462993514,0.7451777287465339
Adams controls,Macrophage,Chrono,Chromatin modification (1),27,0.15979230665938277,0.4259438412502752,0.2536920354962463,0.2316275641675135,0.9415705522931056,0.880568036106782
Adams controls,Macrophage,Chrono,Heme metabolism,27,0.053773319258224414,0.789942390559847,0.15786552803278903,0.4612847284610572,0.9733218740826687,0.8933039095238806
Adams controls,Macrophage,Chrono,VEGF signaling,27,-0.01527651115290466,0.9397157233924516,0.022775296979374877,0.91587376204058,1.0,0.9802787909203908
Adams controls,Macrophage,Chrono,Protein processing in ER,27,0.32325097599546265,0.10003605957593982,0.377926403370212,0.06863357910434537,0.9155795044224923,0.8620135076996135
Adams controls,Macrophage,Chrono,Lipid met,27,-0.12526739145381824,0.5335681961434245,-0.16002409856779265,0.4551009239708119,0.9415705522931056,0.8933039095238806
Adams controls,Macrophage,Chrono,Cholesterol met (darkred),27,0.2212038814940595,0.2675049171464535,0.09215300844452451,0.668455544411917,0.9328222909826586,0.8933039095238806
Adams controls,Macrophage,Chrono,Cell cycle,27,-0.07363278375700047,0.7151123010755916,-0.14061978777068518,0.5122189021371366,0.9564532291249499,0.8933039095238806
Adams controls,Macrophage,Chrono,ECM organization,27,-0.17995730138121693,0.3690775154491015,-0.23826870047175722,0.26220135829429686,0.9355474808581916,0.880568036106782
Adams controls,Macrophage,Chrono,Apoptosis,27,-0.18331813383485596,0.36005228736726486,-0.09257059879723707,0.6670372674921355,0.9355474808581916,0.8933039095238806
Adams controls,Macrophage,Chrono,Interferon signaling,27,0.17415222714311313,0.3849739187226607,0.2815904361814805,0.1825234989037681,0.9355474808581916,0.880568036106782
Adams controls,Macrophage,Chrono,Nrf2 signaling,27,0.13626647948390957,0.49794360895297773,0.029474462038370376,0.8912554968659794,0.9415705522931056,0.9802787909203908
Adams controls,Macrophage,Chrono,Amino acid met,27,-0.06538346773443196,0.7459280271153581,-0.023774960554634895,0.9121948610982376,0.9564532291249499,0.9802787909203908
Adams controls,Macrophage,Chrono,mRNA splicing,27,0.11029641052397167,0.5839161479279746,0.06817714008424294,0.7515950728802808,0.9415705522931056,0.9316178448276534
Adams controls,Macrophage,Chrono,Fatty acid met,27,-0.02169264583712462,0.9144740605916412,0.028515292816617143,0.8947748283672984,1.0,0.9802787909203908
Adams controls,Macrophage,Chrono,Adaptive immunity,27,-0.12496186123076014,0.5345747188644853,-0.1656666887845932,0.4391433490452328,0.9415705522931056,0.8923542909352554
Adams controls,Macrophage,Chrono,Translation,27,-0.1267950425691087,0.5285491077540762,-0.12343515517347528,0.5655417836830817,0.9415705522931056,0.8933039095238806
Adams controls,Macrophage,Chrono,Cholesterol met (salmon),27,-0.14359920483730382,0.4748732584620526,-0.1448616332127513,0.4994437050472979,0.9415705522931056,0.8933039095238806
Adams controls,Macrophage,Chrono,Heat stress response,27,-0.023220296952415086,0.9084751522421245,-0.04660963799450784,0.8287794967712258,1.0,0.9530964212869096
Adams controls,Macrophage,Chrono,OxPhos,27,0.23648039264696416,0.23499904409615746,0.250126127058567,0.23847709657554678,0.9155795044224923,0.880568036106782
Adams controls,Macrophage,Chrono,Innate immunity,27,0.11243512208537831,0.5765981934015182,0.09802109774931937,0.6486284716751882,0.9415705522931056,0.8933039095238806
Adams controls,Macrophage,Chrono,Chromatin modification (2),27,0.25450667580739167,0.2001592622942416,0.3325811754553443,0.11230540531821487,0.9155795044224923,0.880568036106782
Adams controls,Macrophage,Chrono,Composite,27,-0.05041248680458539,0.8028082603678333,-0.12094935464822322,0.5734549320953672,0.9829532868330846,0.8601823981430509
Adams controls,Macrophage_Alveolar,Mortality,Muscle contraction,26,0.41854915967935136,0.03333422693348292,0.47306957920219667,0.022617473152006674,0.9457039070154535,0.835053800912162
Adams controls,Macrophage_Alveolar,Mortality,Respiration,26,0.02224504936971205,0.9141047944279059,-0.08233328066640352,0.7087972592396021,0.9869388898965118,0.9270928399574524
Adams controls,Macrophage_Alveolar,Mortality,Chromatin modification (1),26,0.21218354783417648,0.2980489175016315,0.1563652022150015,0.4761657157421775,0.9527178198786612,0.8879847131408174
Adams controls,Macrophage_Alveolar,Mortality,Heme metabolism,26,-0.15571534558798433,0.4474952574392344,-0.03615604786349343,0.8699031202840322,0.9527178198786612,0.9733510589124036
Adams controls,Macrophage_Alveolar,Mortality,VEGF signaling,26,0.06502399046531215,0.7523165346194057,0.13112843304457505,0.5509183984552978,0.9869388898965118,0.8929643502627426
Adams controls,Macrophage_Alveolar,Mortality,Protein processing in ER,26,0.16906237520981157,0.4090177394368295,0.276829184685036,0.20098319293910483,0.9527178198786612,0.8879847131408174
Adams controls,Macrophage_Alveolar,Mortality,Lipid met,26,-0.33709805583332875,0.09217508621307956,-0.32201323930509074,0.13401776362648926,0.9457039070154535,0.8879847131408174
Adams controls,Macrophage_Alveolar,Mortality,Cholesterol met (darkred),26,-0.024982901599830458,0.9035787423782069,-0.10456371272714077,0.6349224449324985,0.9869388898965118,0.9270928399574524
Adams controls,Macrophage_Alveolar,Mortality,Cell cycle,26,-0.02190281784094725,0.9154215790344458,-0.1882575939853985,0.38966089872468757,0.9869388898965118,0.8879847131408174
Adams controls,Macrophage_Alveolar,Mortality,ECM organization,26,-0.19096519305075885,0.3500536157050954,-0.2892355055229479,0.18070378725171965,0.9527178198786612,0.8879847131408174
Adams controls,Macrophage_Alveolar,Mortality,Apoptosis,26,0.03559207899153928,0.8629553256132787,-0.044516085206199554,0.840162626907426,0.9869388898965118,0.9720567876272567
Adams controls,Macrophage_Alveolar,Mortality,Interferon signaling,26,0.16358667074957478,0.42457519499800606,0.228120622525041,0.2951447386825128,0.9527178198786612,0.8879847131408174
Adams controls,Macrophage_Alveolar,Mortality,Nrf2 signaling,26,0.036961005106598485,0.8577360354537272,-0.023023317955815806,0.9169536062084715,0.9869388898965118,0.9877980982858824
Adams controls,Macrophage_Alveolar,Mortality,Amino acid met,26,0.006844630575296016,0.9735272839175445,-0.024369441548938303,0.9121158002865482,0.9919634182110644,0.9877980982858824
Adams controls,Macrophage_Alveolar,Mortality,mRNA splicing,26,0.2221082621683557,0.2754806174593364,0.21444169508553643,0.32582014456881536,0.9527178198786612,0.8879847131408174
Adams controls,Macrophage_Alveolar,Mortality,Fatty acid met,26,0.11225194143485465,0.5850966664970226,0.00498378932855621,0.9819944246775076,0.9769750465985807,0.9877980982858824
Adams controls,Macrophage_Alveolar,Mortality,Adaptive immunity,26,-0.12012326659644508,0.5588772573483997,-0.04900474947643223,0.8242785917238926,0.9769750465985807,0.967310730468282
Adams controls,Macrophage_Alveolar,Mortality,Translation,26,-0.05304588695854412,0.7969005820270163,-0.1777097342970137,0.41723616357024074,0.9869388898965118,0.8879847131408174
Adams controls,Macrophage_Alveolar,Mortality,Cholesterol met (salmon),26,-0.07597539938578576,0.7122163082952191,-0.35675932383435316,0.0947113945184234,0.9869388898965118,0.8879847131408174
Adams controls,Macrophage_Alveolar,Mortality,Heat stress response,26,0.02190281784094725,0.9154215790344458,0.02618135133815267,0.9056088071430555,0.9869388898965118,0.9877980982858824
Adams controls,Macrophage_Alveolar,Mortality,OxPhos,26,0.11875434048138588,0.5633985379816879,0.08039718595656906,0.7153647897018018,0.9769750465985807,0.9270928399574524
Adams controls,Macrophage_Alveolar,Mortality,Innate immunity,26,-0.08384672454737618,0.6838407053058577,-0.19196797911270758,0.38021117743313393,0.9869388898965118,0.8879847131408174
Adams controls,Macrophage_Alveolar,Mortality,Chromatin modification (2),26,-0.023613975484771253,0.9088398959176024,-0.16366270885285727,0.45555795551157396,0.9869388898965118,0.8879847131408174
Adams controls,Macrophage_Alveolar,Mortality,Composite,26,0.2631760456201318,0.19394976442757236,0.17424516543783955,0.4265202804417103,0.7715762563763171,0.8736479022695707
Adams controls,Macrophage_Alveolar,Chrono,Muscle contraction,26,0.46509264759136426,0.01666104154791583,0.5129646845429802,0.01231212427955395,0.6897671200837153,0.6371524314669169
Adams controls,Macrophage_Alveolar,Chrono,Respiration,26,0.0431211726243649,0.8343241967104528,-0.06301938303335791,0.7751386437312248,0.9883351016475742,0.9493932032254113
Adams controls,Macrophage_Alveolar,Chrono,Chromatin modification (1),26,0.2724162968967814,0.17818372636077212,0.23304993635925342,0.2845460162766399,0.9155795044224923,0.880568036106782
Adams controls,Macrophage_Alveolar,Chrono,Heme metabolism,26,-0.17043130132487078,0.4051786398003194,-0.03460638042998346,0.8754359989768776,0.9415705522931056,0.9802787909203908
Adams controls,Macrophage_Alveolar,Chrono,VEGF signaling,26,0.10746070003214744,0.6013132642089384,0.2314509648823409,0.2879575404574083,0.9415705522931056,0.880568036106782
Adams controls,Macrophage_Alveolar,Chrono,Protein processing in ER,26,0.4842576132021931,0.012180744663675556,0.5539573552030859,0.006095680312761919,0.6303535363452101,0.48785465238278136
Adams controls,Macrophage_Alveolar,Chrono,Lipid met,26,-0.39219733196446166,0.047514998861083124,-0.409475434861935,0.052341790495172735,0.9155795044224923,0.8620135076996135
Adams controls,Macrophage_Alveolar,Chrono,Cholesterol met (darkred),26,-0.009924714334179222,0.9616218294607255,-0.06698020652002244,0.7613920962842686,1.0,0.938143832921688
Adams controls,Macrophage_Alveolar,Chrono,Cell cycle,26,-0.12491450799915227,0.5431840949575658,-0.35304980923979695,0.09844189259954986,0.9415705522931056,0.880568036106782
Adams controls,Macrophage_Alveolar,Chrono,ECM organization,26,-0.15913766087563236,0.43745016029090406,-0.26229077508823895,0.22663886164212407,0.9415705522931056,0.880568036106782
Adams controls,Macrophage_Alveolar,Chrono,Apoptosis,26,0.04209447803807049,0.8382171872168086,-0.030049733165367663,0.8917366795656478,0.9883351016475742,0.9802787909203908
Adams controls,Macrophage_Alveolar,Chrono,Interferon signaling,26,0.15160856724280672,0.45970952927387576,0.24441658720100928,0.26102779308885987,0.9415705522931056,0.880568036106782
Adams controls,Macrophage_Alveolar,Chrono,Nrf2 signaling,26,0.08350449301861139,0.6850661030164564,0.060072397050332065,0.7854093186510775,0.9564532291249499,0.9501799006945996
Adams controls,Macrophage_Alveolar,Chrono,Amino acid met,26,-0.06981523186801936,0.7346887061643561,-0.12044447246287902,0.5840913041556858,0.9564532291249499,0.8933039095238806
Adams controls,Macrophage_Alveolar,Chrono,mRNA splicing,26,0.24914455294077495,0.21967915342736097,0.19547726091378573,0.3713949397546848,0.9155795044224923,0.891629466313009
Adams controls,Macrophage_Alveolar,Chrono,Fatty acid met,26,0.03353868981895047,0.8707947038796475,-0.07970299559021858,0.7177243803494936,1.0,0.9170922637799085
Adams controls,Macrophage_Alveolar,Chrono,Adaptive immunity,26,-0.20841900101776367,0.3069029182696001,-0.1368609260335839,0.5334815870155516,0.9355474808581916,0.8933039095238806
Adams controls,Macrophage_Alveolar,Chrono,Translation,26,-0.09548259652537942,0.6426581347708994,-0.20991855390065067,0.33637042590410277,0.9564532291249499,0.880568036106782
Adams controls,Macrophage_Alveolar,Chrono,Cholesterol met (salmon),26,0.0,1.0,-0.26287121955938364,0.22557498531844322,1.0,0.880568036106782
Adams controls,Macrophage_Alveolar,Chrono,Heat stress response,26,0.07631763091455056,0.7109744769472198,0.11488857337128497,0.6016747967546329,0.9564532291249499,0.8933039095238806
Adams controls,Macrophage_Alveolar,Chrono,OxPhos,26,0.15742650323180837,0.4424574479593332,0.1433961227258999,0.513924231525044,0.9415705522931056,0.8933039095238806
Adams controls,Macrophage_Alveolar,Chrono,Innate immunity,26,0.16324443922081,0.42555815138359987,0.09882320319818537,0.6537127216798888,0.9415705522931056,0.8933039095238806
Adams controls,Macrophage_Alveolar,Chrono,Chromatin modification (2),26,0.06605068505160655,0.7485286140977869,-0.007195503748367272,0.9740060973764949,0.9564532291249499,0.9802787909203908
Adams controls,Macrophage_Alveolar,Chrono,Composite,26,-0.07460647327072657,0.7171907520769222,-0.0010857259890833472,0.996077164492602,0.9829532868330846,0.996077164492602
Adams controls,NK,Mortality,Muscle contraction,15,0.04472279070219706,0.874250617204303,0.08763406375476845,0.7865311392463724,0.9869388898965118,0.9505059492344949
Adams controls,NK,Mortality,Respiration,15,0.12343490233806388,0.6611904311380086,-0.2033172407252264,0.5262209469360828,0.9869388898965118,0.8929643502627426
Adams controls,NK,Mortality,Chromatin modification (1),15,0.09660122791674566,0.731990060110758,-0.08555463194046527,0.7914967104234684,0.9869388898965118,0.9505059492344949
Adams controls,NK,Mortality,Heme metabolism,15,0.07334537675160317,0.7950407004548103,-0.1276194354020274,0.6926574342667303,0.9869388898965118,0.9270928399574524
Adams controls,NK,Mortality,VEGF signaling,15,-0.10017905117292142,0.7224192507409002,0.017854229686811492,0.9560805263618126,0.9869388898965118,0.9877980982858824
Adams controls,NK,Mortality,Protein processing in ER,15,0.6010743070375286,0.01779109983351872,0.6506891877607052,0.021941686388769623,0.9457039070154535,0.835053800912162
Adams controls,NK,Mortality,Lipid met,15,-0.1735244279245246,0.5362626845904732,-0.27208095182647335,0.392265220449961,0.9769750465985807,0.8879847131408174
Adams controls,NK,Mortality,Cholesterol met (darkred),15,0.11270143256953662,0.6892290163917691,0.29836142911461794,0.3462097724004314,0.9869388898965118,0.8879847131408174
Adams controls,NK,Mortality,Cell cycle,15,-0.11270143256953662,0.6892290163917691,-0.17664858335069827,0.582865551229356,0.9869388898965118,0.8929643502627426
Adams controls,NK,Mortality,ECM organization,15,-0.18962463257731554,0.4984807730286134,0.12166175221480532,0.7064287011960768,0.9579472094509104,0.9270928399574524
Adams controls,NK,Mortality,Apoptosis,15,0.025044762793230355,0.9294030813946743,0.4032730422898542,0.193632080561426,0.9916826693231834,0.8879847131408174
Adams controls,NK,Mortality,Interferon signaling,15,0.5366734884263648,0.03914742299873828,0.3798546900653831,0.22324884361060626,0.9457039070154535,0.8879847131408174
Adams controls,NK,Mortality,Nrf2 signaling,15,-0.15742422327173367,0.5752607588108467,0.10580597600627958,0.743465755714672,0.9769750465985807,0.9270928399574524
Adams controls,NK,Mortality,Amino acid met,15,0.27549239072553394,0.3203102394325529,-0.025774810646346378,0.9366259540386025,0.9527178198786612,0.9877980982858824
Adams controls,NK,Mortality,mRNA splicing,15,0.47227266981520105,0.07547425346742073,0.23905597524179126,0.45428149340810875,0.9457039070154535,0.8879847131408174
Adams controls,NK,Mortality,Fatty acid met,15,0.03756714418984554,0.8942565950591421,0.059418968486647086,0.8544598070653971,0.9869388898965118,0.9733510589124036
Adams controls,NK,Mortality,Adaptive immunity,15,0.33631538608052186,0.22033383336138093,0.2822245617780878,0.37413335271468473,0.9457039070154535,0.8879847131408174
Adams controls,NK,Mortality,Translation,15,0.26297000932891873,0.3436721895944768,-0.1375134102525842,0.6699766454900907,0.9527178198786612,0.9270928399574524
Adams controls,NK,Mortality,Cholesterol met (salmon),15,-0.030411497677494,0.914321900505203,-0.22849752764404266,0.47503335839117283,0.9869388898965118,0.8879847131408174
Adams controls,NK,Mortality,Heat stress response,15,0.2737034790974461,0.3235903825503348,0.07362647296344939,0.8201130868596901,0.9527178198786612,0.967310730468282
Adams controls,NK,Mortality,OxPhos,15,0.1860468093211398,0.5067675694817442,-0.3024961612499842,0.33923996346751023,0.9579472094509104,0.8879847131408174
Adams controls,NK,Mortality,Innate immunity,15,0.27012565584127024,0.33020809306962484,0.16713976061076855,0.6036200980135144,0.9527178198786612,0.9054301470202716
Adams controls,NK,Mortality,Chromatin modification (2),15,0.3488377674771371,0.20254795585087265,0.12124515241338873,0.7073947603819083,0.9457039070154535,0.9270928399574524
Adams controls,NK,Mortality,Composite,15,0.13953510699085483,0.6199142996937591,0.23106542365007962,0.46994655477861463,0.7970326710348331,0.8736479022695707
Adams controls,NK,Chrono,Muscle contraction,15,0.23971415816377628,0.3895056091283665,0.17925454088743686,0.5772270138193877,0.9355474808581916,0.8933039095238806
Adams controls,NK,Chrono,Respiration,15,0.22898068839524896,0.41170684037000904,0.01745061863531087,0.9570725504253121,0.9415705522931056,0.9802787909203908
Adams controls,NK,Chrono,Chromatin modification (1),15,0.10017905117292142,0.7224192507409002,-0.1635846763419834,0.6114505136684791,0.9564532291249499,0.8933039095238806
Adams controls,NK,Chrono,Heme metabolism,15,0.0626119069830759,0.8245679189991374,-0.037122448489814205,0.9088116271143353,0.986621729669488,0.9802787909203908
Adams controls,NK,Chrono,VEGF signaling,15,0.02683367442131824,0.9243733053736936,0.1026432885922282,0.7509161914684,1.0,0.9316178448276534
Adams controls,NK,Chrono,Protein processing in ER,15,0.31305953491537947,0.25589761513710113,0.5782004482783432,0.048920130101057994,0.9328222909826586,0.8620135076996135
Adams controls,NK,Chrono,Lipid met,15,-0.07692320000777894,0.7852534161571674,-0.20331590025874205,0.5262237331808761,0.9733218740826687,0.8933039095238806
Adams controls,NK,Chrono,Cholesterol met (darkred),15,0.008944558140439412,0.9747615143669975,0.24845826401300775,0.4361717108459825,1.0,0.8923542909352554
Adams controls,NK,Chrono,Cell cycle,15,0.039356055817933416,0.8892491030045515,0.051750460144267804,0.8730990169753807,1.0,0.9802787909203908
Adams controls,NK,Chrono,ECM organization,15,-0.1341683721065912,0.6335637188020524,0.14044842041267522,0.6632958839351718,0.9564532291249499,0.8933039095238806
Adams controls,NK,Chrono,Apoptosis,15,0.017889116280878824,0.9495452312876004,0.4545152419011611,0.13768737838952858,1.0,0.880568036106782
Adams controls,NK,Chrono,Interferon signaling,15,0.4955285209803435,0.060334933592167184,0.31502765621496215,0.31858390459744174,0.9155795044224923,0.880568036106782
Adams controls,NK,Chrono,Nrf2 signaling,15,-0.1252238139661518,0.6565565455760843,0.15461546285699881,0.6313712713484655,0.9564532291249499,0.8933039095238806
Adams controls,NK,Chrono,Amino acid met,15,0.1109125209414487,0.693939967029105,-0.206007886711649,0.5206410818895931,0.9564532291249499,0.8933039095238806
Adams controls,NK,Chrono,mRNA splicing,15,0.4239720558568282,0.11526814482274399,0.15990245865049318,0.6196005029710804,0.9155795044224923,0.8933039095238806
Adams controls,NK,Chrono,Fatty acid met,15,0.07334537675160317,0.7950407004548103,0.07298703443961226,0.8216531508421899,0.9738072484860695,0.9501799006945996
Adams controls,NK,Chrono,Adaptive immunity,15,0.27549239072553394,0.3203102394325529,0.27940537928007536,0.3791283045159233,0.9355474808581916,0.891629466313009
Adams controls,NK,Chrono,Translation,15,0.1735244279245246,0.5362626845904732,-0.24313980038295951,0.4463722798765615,0.9415705522931056,0.8933039095238806
Adams controls,NK,Chrono,Cholesterol met (salmon),15,0.0017889116280878825,0.9949515920877439,-0.29993440467436744,0.3435492784439535,1.0,0.880568036106782
Adams controls,NK,Chrono,Heat stress response,15,0.3059038884030279,0.2675047993468755,0.0782927151816295,0.8088925793340437,0.9328222909826586,0.9501799006945996
Adams controls,NK,Chrono,OxPhos,15,0.10912360931336083,0.6986613390567723,-0.2335303395134225,0.4650876785531613,0.9564532291249499,0.8933039095238806
Adams controls,NK,Chrono,Innate immunity,15,0.3255819163119947,0.23633770732178014,0.27388919744542467,0.3890006631511687,0.9155795044224923,0.891629466313009
Adams controls,NK,Chrono,Chromatin modification (2),15,0.3470488558490492,0.20503063480082784,0.02554513016243022,0.9371896961492648,0.9155795044224923,0.9802787909203908
Adams controls,NK,Chrono,Composite,15,0.02683367442131824,0.9243733053736936,0.1858235442576519,0.5631105807119733,0.9829532868330846,0.8601823981430509
Adams controls,T,Mortality,Muscle contraction,10,0.16413449679361747,0.6504731396988412,0.33766963425580565,0.4588683922982621,0.9869388898965118,0.8879847131408174
Adams controls,T,Mortality,Respiration,10,-0.3161108827136336,0.3735613327078875,-0.2141577899569102,0.6447139756659022,0.9527178198786612,0.9270928399574524
Adams controls,T,Mortality,Chromatin modification (1),10,-0.26747843921922837,0.45498600795402727,-0.5210015629095832,0.23050326163173185,0.9527178198786612,0.8879847131408174
Adams controls,T,Mortality,Heme metabolism,10,0.16413449679361747,0.6504731396988412,0.15472497915314604,0.74046352199558,0.9869388898965118,0.9270928399574524
Adams controls,T,Mortality,VEGF signaling,10,-0.09726488698881033,0.7892345325825416,-0.2719322011163823,0.5552312392120038,0.9869388898965118,0.8929643502627426
Adams controls,T,Mortality,Protein processing in ER,10,0.2796365500928297,0.43392583967692916,0.2800554792657017,0.5429861238769592,0.9527178198786612,0.8929643502627426
Adams controls,T,Mortality,Lipid met,10,-0.21276694028802262,0.5550759959985582,-0.2767842617678684,0.5479064604946754,0.9769750465985807,0.8929643502627426
Adams controls,T,Mortality,Cholesterol met (darkred),10,0.41337576970244394,0.23506197663269432,0.4359173141617292,0.32822385035086743,0.9457039070154535,0.8879847131408174
Adams controls,T,Mortality,Cell cycle,10,-0.5835893219328621,0.07653771742823344,-0.5471424493251531,0.20368782932408497,0.9457039070154535,0.8879847131408174
Adams controls,T,Mortality,ECM organization,10,-0.13373921960961418,0.7126222235089889,-0.09433065308435336,0.8405708453395118,0.9869388898965118,0.9720567876272567
Adams controls,T,Mortality,Apoptosis,10,-0.20668788485122197,0.5666951380068742,-0.5956239041068002,0.15820432753432817,0.9769750465985807,0.8879847131408174
Adams controls,T,Mortality,Interferon signaling,10,0.6504589317376691,0.041705451082804046,0.6371695998461517,0.12377236501452232,0.9457039070154535,0.8879847131408174
Adams controls,T,Mortality,Nrf2 signaling,10,-0.2492412729088265,0.48741041561534965,-0.35251456557049476,0.43803242438149753,0.9579472094509104,0.8879847131408174
Adams controls,T,Mortality,Amino acid met,10,-0.5531940447488588,0.09716879095836052,-0.6969647009643214,0.08180516408641597,0.9457039070154535,0.8879847131408174
Adams controls,T,Mortality,mRNA splicing,10,-0.024316221747202584,0.9468397049085097,-0.10236982477497643,0.8271207695308498,0.9919634182110644,0.967310730468282
Adams controls,T,Mortality,Fatty acid met,10,-0.2553203283456271,0.4764934533513361,-0.44305660634156685,0.31943986533435714,0.9527178198786612,0.8879847131408174
Adams controls,T,Mortality,Adaptive immunity,10,-0.36474332620803873,0.3000669694646655,-0.2897916907883263,0.5284289059960269,0.9527178198786612,0.8929643502627426
Adams controls,T,Mortality,Translation,10,0.04255338805760452,0.9070828390046616,-0.16094679969562278,0.7302933138574541,0.9869388898965118,0.9270928399574524
Adams controls,T,Mortality,Cholesterol met (salmon),10,-0.44985010232324774,0.1920756967225873,-0.3626268775332093,0.42405022260375735,0.9457039070154535,0.8879847131408174
Adams controls,T,Mortality,Heat stress response,10,0.6018264882432639,0.06564599213625315,0.7193599600874859,0.06842347251169642,0.9457039070154535,0.8879847131408174
Adams controls,T,Mortality,OxPhos,10,-0.07294866524160776,0.8412712675592938,-0.3732091606740694,0.4096067200451978,0.9869388898965118,0.8879847131408174
Adams controls,T,Mortality,Innate immunity,10,-0.6565379871744699,0.039204386332556775,-0.6678707220034922,0.10109489227394541,0.9457039070154535,0.8879847131408174
Adams controls,T,Mortality,Chromatin modification (2),10,0.2553203283456271,0.4764934533513361,0.2633759501425101,0.5682240752688024,0.9527178198786612,0.8929643502627426
Adams controls,T,Mortality,Composite,10,0.41337576970244394,0.23506197663269432,0.4326115886122116,0.332325694390323,0.7715762563763171,0.8736479022695707
Adams controls,T,Chrono,Muscle contraction,10,0.18237166310401937,0.6140677514955036,0.4199798556860328,0.3481983669446089,0.9415705522931056,0.880568036106782
Adams controls,T,Chrono,Respiration,10,-0.18845071854082002,0.6020947513149707,-0.312710012235246,0.49469808521817327,0.9415705522931056,0.8933039095238806
Adams controls,T,Chrono,Chromatin modification (1),10,-0.3039527718400323,0.3932011151432979,-0.48046858445041174,0.27512339022321547,0.9355474808581916,0.880568036106782
Adams controls,T,Chrono,Heme metabolism,10,0.23708316203522517,0.5095614092618308,0.1787399639380395,0.7013854163435141,0.9415705522931056,0.9161977927963325
Adams controls,T,Chrono,VEGF signaling,10,0.006079055436800646,0.9867025576451146,-0.2647608590780126,0.566114563238295,1.0,0.8933039095238806
Adams controls,T,Chrono,Protein processing in ER,10,-0.3404271044608362,0.33578226309853115,-0.25352307840851207,0.583303029499922,0.9355474808581916,0.8933039095238806
Adams controls,T,Chrono,Lipid met,10,-0.3100318272768329,0.3833197978009886,-0.491597993271995,0.2625120812907098,0.9355474808581916,0.880568036106782
Adams controls,T,Chrono,Cholesterol met (darkred),10,0.6261427099904666,0.05277824501366537,0.6041875936760691,0.15075885761268526,0.9155795044224923,0.880568036106782
Adams controls,T,Chrono,Cell cycle,10,-0.6139845991168652,0.058980962369036986,-0.6142797577712416,0.14221539508584208,0.9155795044224923,0.880568036106782
Adams controls,T,Chrono,ECM organization,10,-0.4559291577600484,0.18539676445371597,-0.593207457091121,0.16033761793575377,0.9155795044224923,0.880568036106782
Adams controls,T,Chrono,Apoptosis,10,-0.04255338805760452,0.9070828390046616,-0.48877152210409014,0.26568948518589947,1.0,0.880568036106782
Adams controls,T,Chrono,Interferon signaling,10,0.4863244349440517,0.15407996514663633,0.5036504558976959,0.24915950905989004,0.9155795044224923,0.880568036106782
Adams controls,T,Chrono,Nrf2 signaling,10,-0.19452977397762067,0.5902067758594245,-0.27833555287696,0.5455713001884991,0.9415705522931056,0.8933039095238806
Adams controls,T,Chrono,Amino acid met,10,-0.6383008208640678,0.04702445252859806,-0.7882867967312768,0.03521290175214973,0.9155795044224923,0.8098967402994438
Adams controls,T,Chrono,mRNA splicing,10,0.0,1.0,-0.0586592195399516,0.9005882553057575,1.0,0.9802787909203908
Adams controls,T,Chrono,Fatty acid met,10,-0.3161108827136336,0.3735613327078875,-0.36400710597460534,0.42215535056459325,0.9355474808581916,0.8923542909352554
Adams controls,T,Chrono,Adaptive immunity,10,-0.2553203283456271,0.4764934533513361,-0.21450417972465968,0.644165977686384,0.9415705522931056,0.8933039095238806
Adams controls,T,Chrono,Translation,10,0.18237166310401937,0.6140677514955036,-0.023673518662904642,0.9598218473404373,0.9415705522931056,0.9802787909203908
Adams controls,T,Chrono,Cholesterol met (salmon),10,-0.36474332620803873,0.3000669694646655,-0.3957170611487334,0.37954869946135006,0.9355474808581916,0.891629466313009
Adams controls,T,Chrono,Heat stress response,10,0.44377104688644714,0.19889344223611463,0.39632021064825773,0.37875593177507655,0.9155795044224923,0.891629466313009
Adams controls,T,Chrono,OxPhos,10,0.08510677611520905,0.8151715445415288,-0.03119758138053683,0.9470631111406488,0.986621729669488,0.9802787909203908
Adams controls,T,Chrono,Innate immunity,10,-0.5106406566912542,0.13150199306594582,-0.4161171098213474,0.3531143575507254,0.9155795044224923,0.8806586989518091
Adams controls,T,Chrono,Chromatin modification (2),10,0.2553203283456271,0.4764934533513361,0.2822537893909273,0.5396878015184449,0.9415705522931056,0.8933039095238806
Adams controls,T,Chrono,Composite,10,0.32218993815043423,0.3639270759675106,0.3154257635270855,0.49075272318815727,0.9829532868330846,0.8601823981430509
Adams controls,T_Cytotoxic,Mortality,Muscle contraction,13,0.36863858808008876,0.21517716251196958,0.4437011385859434,0.1989726527614164,0.9457039070154535,0.8879847131408174
Adams controls,T_Cytotoxic,Mortality,Respiration,13,0.22283377339169544,0.4643133492111078,0.6748860895856676,0.03227261066327196,0.9527178198786612,0.835053800912162
Adams controls,T_Cytotoxic,Mortality,Chromatin modification (1),13,0.24759308154632828,0.41474255787193154,0.4113318021501294,0.23761820872632153,0.9527178198786612,0.8879847131408174
Adams controls,T_Cytotoxic,Mortality,Heme metabolism,13,-0.22283377339169544,0.4643133492111078,-0.1999075494960785,0.5797629353445088,0.9527178198786612,0.8929643502627426
Adams controls,T_Cytotoxic,Mortality,VEGF signaling,13,-0.041265513591054716,0.8935224479193012,-0.00862466454947878,0.9811349496134957,0.9869388898965118,0.9877980982858824
Adams controls,T_Cytotoxic,Mortality,Protein processing in ER,13,-0.21733170491288817,0.47569675882179746,-0.19787903827237963,0.5836942497951484,0.9527178198786612,0.8929643502627426
Adams controls,T_Cytotoxic,Mortality,Lipid met,13,-0.049518616309265656,0.8723702787624735,-0.2894764204153018,0.4172181768812098,0.9869388898965118,0.8879847131408174
Adams controls,T_Cytotoxic,Mortality,Cholesterol met (darkred),13,0.187070328279448,0.5405567214203663,0.1566917789454429,0.6655291155569749,0.9769750465985807,0.9270928399574524
Adams controls,T_Cytotoxic,Mortality,Cell cycle,13,-0.4071530674317398,0.1673371134192111,-0.6532940261797467,0.040526077567613644,0.9457039070154535,0.8879847131408174
Adams controls,T_Cytotoxic,Mortality,ECM organization,13,0.21733170491288817,0.47569675882179746,0.20112102344446034,0.5774159385278822,0.9527178198786612,0.8929643502627426
Adams controls,T_Cytotoxic,Mortality,Apoptosis,13,-0.03301241087284377,0.914739660218673,-0.009592817633346747,0.9790176423397922,0.9869388898965118,0.9877980982858824
Adams controls,T_Cytotoxic,Mortality,Interferon signaling,13,0.01925723967582553,0.9502111586390533,-0.028815981647232147,0.9370173558338925,0.9919634182110644,0.9877980982858824
Adams controls,T_Cytotoxic,Mortality,Nrf2 signaling,13,-0.07427792446389848,0.8094314943075036,-0.06266348011709522,0.8634606296388387,0.9869388898965118,0.9733510589124036
Adams controls,T_Cytotoxic,Mortality,Amino acid met,13,-0.13480067773077872,0.660609697070013,-0.25984046598370636,0.4684460904051427,0.9869388898965118,0.8879847131408174
Adams controls,T_Cytotoxic,Mortality,mRNA splicing,13,-0.43466340982577634,0.13773914869109352,-0.4957240922206289,0.1450930865553711,0.9457039070154535,0.8879847131408174
Adams controls,T_Cytotoxic,Mortality,Fatty acid met,13,0.2448420473069246,0.42011354710149906,0.2918380258541742,0.4132539711436849,0.9527178198786612,0.8879847131408174
Adams controls,T_Cytotoxic,Mortality,Adaptive immunity,13,0.0,1.0,-0.027920025060402708,0.9389725326197299,1.0,0.9877980982858824
Adams controls,T_Cytotoxic,Mortality,Translation,13,0.22008273915229176,0.46998875742238644,0.1349595579301157,0.710094691860619,0.9527178198786612,0.9270928399574524
Adams controls,T_Cytotoxic,Mortality,Cholesterol met (salmon),13,0.09628619837912766,0.7543476386857775,0.20334307305312713,0.5731275314075397,0.9869388898965118,0.8929643502627426
Adams controls,T_Cytotoxic,Mortality,Heat stress response,13,0.4126551359105471,0.16111679314881547,0.4202255619805959,0.2266091531816614,0.9457039070154535,0.8879847131408174
Adams controls,T_Cytotoxic,Mortality,OxPhos,13,-0.09628619837912766,0.7543476386857775,-0.04272586796478158,0.9067075934202751,0.9869388898965118,0.9877980982858824
Adams controls,T_Cytotoxic,Mortality,Innate immunity,13,-0.15130688316720062,0.6217070499879728,-0.28993625604905326,0.41644489650514865,0.9869388898965118,0.8879847131408174
Adams controls,T_Cytotoxic,Mortality,Chromatin modification (2),13,0.3191199717708231,0.2878828323048209,0.3679666721976071,0.29549099934322537,0.9527178198786612,0.8879847131408174
Adams controls,T_Cytotoxic,Mortality,Composite,13,-0.19257239675825533,0.5284901683295969,-0.18343805637277613,0.6119613911152977,0.7927352524943955,0.8736479022695707
Adams controls,T_Cytotoxic,Chrono,Muscle contraction,13,0.27785445817976834,0.358012292478006,0.4012229168292817,0.25048921009444225,0.9355474808581916,0.880568036106782
Adams controls,T_Cytotoxic,Chrono,Respiration,13,-0.13755171197018234,0.6540679569539335,-0.1229272252320191,0.7351234111153996,0.9564532291249499,0.9276911012410701
Adams controls,T_Cytotoxic,Chrono,Chromatin modification (1),13,0.19532343099765895,0.5225013271325196,0.33894092280592253,0.3380327805678305,0.9415705522931056,0.880568036106782
Adams controls,T_Cytotoxic,Chrono,Heme metabolism,13,-0.024759308154632828,0.9360090189501213,0.011181674698251116,0.9755431445874421,1.0,0.9802787909203908
Adams controls,T_Cytotoxic,Chrono,VEGF signaling,13,0.18431929404004438,0.5466338038018768,0.17031791645982233,0.63805034682252,0.9415705522931056,0.8933039095238806
Adams controls,T_Cytotoxic,Chrono,Protein processing in ER,13,0.13480067773077872,0.660609697070013,0.047969801866127336,0.8953071889123774,0.9564532291249499,0.9802787909203908
Adams controls,T_Cytotoxic,Chrono,Lipid met,13,-0.1155434380549532,0.7070030954467381,-0.3713909721235379,0.29067084176041286,0.9564532291249499,0.880568036106782
Adams controls,T_Cytotoxic,Chrono,Cholesterol met (darkred),13,0.3658875538406851,0.21888494597210817,0.36138055307664274,0.3048807185822466,0.9155795044224923,0.880568036106782
Adams controls,T_Cytotoxic,Chrono,Cell cycle,13,-0.3108668690526121,0.30122346485635293,-0.47951421577395736,0.16079638857319764,0.9355474808581916,0.880568036106782
Adams controls,T_Cytotoxic,Chrono,ECM organization,13,0.008253102718210942,0.9786522347721123,-0.029691681760525317,0.9351066760132697,1.0,0.9802787909203908
Adams controls,T_Cytotoxic,Chrono,Apoptosis,13,0.20082549947646627,0.5106140548453252,0.2832845859552553,0.4276960455996064,0.9415705522931056,0.8923542909352554
Adams controls,T_Cytotoxic,Chrono,Interferon signaling,13,-0.041265513591054716,0.8935224479193012,-0.02290099882395331,0.9499303299071681,1.0,0.9802787909203908
Adams controls,T_Cytotoxic,Chrono,Nrf2 signaling,13,0.013755171197018235,0.9644268527583207,0.012498517406301618,0.9726637637143046,1.0,0.9802787909203908
Adams controls,T_Cytotoxic,Chrono,Amino acid met,13,-0.30261376633440124,0.3149094795743659,-0.448136723975052,0.19398322482781813,0.9355474808581916,0.880568036106782
Adams controls,T_Cytotoxic,Chrono,mRNA splicing,13,-0.35213238264366686,0.23800897666669452,-0.4099616189244934,0.23934050784321664,0.9155795044224923,0.880568036106782
Adams controls,T_Cytotoxic,Chrono,Fatty acid met,13,0.21733170491288817,0.47569675882179746,0.24845990263748513,0.48882137767657047,0.9415705522931056,0.8933039095238806
Adams controls,T_Cytotoxic,Chrono,Adaptive immunity,13,0.26409928698275015,0.3832579115059456,0.19446262131596,0.5903376242519457,0.9355474808581916,0.8933039095238806
Adams controls,T_Cytotoxic,Chrono,Translation,13,0.327373074489034,0.27488966062773995,0.2668744216467671,0.4560440602935937,0.9328222909826586,0.8933039095238806
Adams controls,T_Cytotoxic,Chrono,Cholesterol met (salmon),13,0.07427792446389848,0.8094314943075036,0.14693192204593725,0.6854359934808957,0.9856018783626662,0.9061978773234508
Adams controls,T_Cytotoxic,Chrono,Heat stress response,13,0.4649247864592164,0.10942163150825945,0.4522874266489997,0.1893811903510023,0.9155795044224923,0.880568036106782
Adams controls,T_Cytotoxic,Chrono,OxPhos,13,0.10729033533674226,0.727185562647901,0.22218618152784533,0.5372591933403096,0.9564532291249499,0.8933039095238806
Adams controls,T_Cytotoxic,Chrono,Innate immunity,13,-0.08528206142151305,0.7817724078044584,-0.2895741925902245,0.4170537023014579,0.9733218740826687,0.8923542909352554
Adams controls,T_Cytotoxic,Chrono,Chromatin modification (2),13,0.327373074489034,0.27488966062773995,0.3261534776151781,0.35771306153849136,0.9328222909826586,0.8815071873627108
Adams controls,T_Cytotoxic,Chrono,Composite,13,0.13480067773077872,0.660609697070013,0.21498497959614538,0.5508598755292516,0.9829532868330846,0.8601823981430509
Adams controls,cDC2,Mortality,Muscle contraction,9,0.39330888211518983,0.2949902441700331,0.7075972099791031,0.11574895709178727,0.9527178198786612,0.8879847131408174
Adams controls,cDC2,Mortality,Respiration,9,0.08368274087557231,0.8305146353314998,0.30014415772325465,0.5633032340609075,0.9869388898965118,0.8929643502627426
Adams controls,cDC2,Mortality,Chromatin modification (1),9,0.4435185266405332,0.23178406529937415,0.6693447575723486,0.14592358750150844,0.9457039070154535,0.8879847131408174
Adams controls,cDC2,Mortality,Heme metabolism,9,-0.3096261412396175,0.41747791701205456,-0.6114934033386439,0.197085980412814,0.9527178198786612,0.8879847131408174
Adams controls,cDC2,Mortality,VEGF signaling,9,0.49372817116587664,0.1767598322987871,0.5576381657229751,0.2502444237235286,0.9457039070154535,0.8879847131408174
Adams controls,cDC2,Mortality,Protein processing in ER,9,0.5020964452534339,0.16839743464432,0.4797876519469208,0.3355411670537077,0.9457039070154535,0.8879847131408174
Adams controls,cDC2,Mortality,Lipid met,9,-0.00836827408755723,0.9829532868330846,0.04987880636636675,0.925243837075026,0.9925430749973099,0.9877980982858824
Adams controls,cDC2,Mortality,Cholesterol met (darkred),9,0.43515025255297596,0.24175711150708432,0.5215111137790747,0.2886520199080538,0.9457039070154535,0.8879847131408174
Adams controls,cDC2,Mortality,Cell cycle,9,-0.43515025255297596,0.24175711150708432,-0.40825617060047265,0.4216384050434585,0.9457039070154535,0.8879847131408174
Adams controls,cDC2,Mortality,ECM organization,9,0.01673654817511446,0.9659125418111234,0.11753324374919277,0.8245119402157798,0.9919634182110644,0.967310730468282
Adams controls,cDC2,Mortality,Apoptosis,9,0.20083857810137354,0.6043593545214949,0.2867067967281287,0.5817235671140452,0.9869388898965118,0.8929643502627426
Adams controls,cDC2,Mortality,Interferon signaling,9,0.27615304488938863,0.4719617926023862,0.48556373496474536,0.32889559817548,0.9527178198786612,0.8879847131408174
Adams controls,cDC2,Mortality,Nrf2 signaling,9,0.46025507481564765,0.2125222946883608,0.5867638350125766,0.2208632353831419,0.9457039070154535,0.8879847131408174
Adams controls,cDC2,Mortality,Amino acid met,9,-0.11715583722580122,0.764045116648623,0.010484033694810753,0.9842745256338692,0.9869388898965118,0.9877980982858824
Adams controls,cDC2,Mortality,mRNA splicing,9,0.1422606594884729,0.7150322450059001,0.17380278573287797,0.7419208872593158,0.9869388898965118,0.9270928399574524
Adams controls,cDC2,Mortality,Fatty acid met,9,0.27615304488938863,0.4719617926023862,0.5850027275344308,0.2225981213505877,0.9527178198786612,0.8879847131408174
Adams controls,cDC2,Mortality,Adaptive immunity,9,0.21757512627648798,0.5738746583219767,0.2799857282151333,0.5909957294009456,0.9769750465985807,0.8929643502627426
Adams controls,cDC2,Mortality,Translation,9,-0.39330888211518983,0.2949902441700331,-0.4715560970721785,0.34509467615445394,0.9527178198786612,0.8879847131408174
Adams controls,cDC2,Mortality,Cholesterol met (salmon),9,0.10878756313824399,0.7805538526280621,0.6746370087503557,0.14156997592805373,0.9869388898965118,0.8879847131408174
Adams controls,cDC2,Mortality,Heat stress response,9,0.41004543029030427,0.27302974714377237,0.3866780740588514,0.44889092876650005,0.9527178198786612,0.8879847131408174
Adams controls,cDC2,Mortality,OxPhos,9,0.54393781569122,0.13005468899084704,0.8630661275156121,0.02684251247289096,0.9457039070154535,0.835053800912162
Adams controls,cDC2,Mortality,Innate immunity,9,0.31799441532717476,0.40432253596792306,0.5625350128322826,0.24520335701689586,0.9527178198786612,0.8879847131408174
Adams controls,cDC2,Mortality,Chromatin modification (2),9,-0.1924703040138163,0.6198061390079387,-0.20017630460354296,0.7037461306986322,0.9869388898965118,0.9270928399574524
Adams controls,cDC2,Mortality,Composite,9,-0.04184137043778616,0.9148857180816651,-0.4279284566365815,0.3972890359317645,0.9148857180816651,0.8736479022695707
Adams controls,cDC2,Chrono,Muscle contraction,9,0.32636268941473195,0.3913604492997979,0.6954514535644574,0.1250013147085369,0.9355474808581916,0.880568036106782
Adams controls,cDC2,Chrono,Respiration,9,-0.22594340036404525,0.5588463751684138,-0.040384755687359934,0.9394557987933051,0.9415705522931056,0.9802787909203908
Adams controls,cDC2,Chrono,Chromatin modification (1),9,0.8954053273686237,0.001098525873588266,0.9823122216947684,0.00046651937499980804,0.22739485583277105,0.09656951062496028
Adams controls,cDC2,Chrono,Heme metabolism,9,-0.3096261412396175,0.41747791701205456,-0.6114934033386439,0.197085980412814,0.9415705522931056,0.880568036106782
Adams controls,cDC2,Chrono,VEGF signaling,9,0.46025507481564765,0.2125222946883608,0.6123371757313314,0.1962942355079439,0.9155795044224923,0.880568036106782
Adams controls,cDC2,Chrono,Protein processing in ER,9,0.7949860383179369,0.010444517709683928,0.7779115173966108,0.06850787338521541,0.6303535363452101,0.8620135076996135
Adams controls,cDC2,Chrono,Lipid met,9,-0.03347309635022892,0.9318728062136596,0.04109474800794185,0.9383925779477115,1.0,0.9802787909203908
Adams controls,cDC2,Chrono,Cholesterol met (darkred),9,0.43515025255297596,0.24175711150708432,0.5215111137790747,0.2886520199080538,0.9155795044224923,0.880568036106782
Adams controls,cDC2,Chrono,Cell cycle,9,-0.35146751167740364,0.353666329808871,-0.26322759142122015,0.6142779702148395,0.9355474808581916,0.8933039095238806
Adams controls,cDC2,Chrono,ECM organization,9,-0.20083857810137354,0.6043593545214949,-0.13477793511753297,0.7990572241053452,0.9415705522931056,0.9501799006945996
Adams controls,cDC2,Chrono,Apoptosis,9,0.12552411131335847,0.7476182289428042,0.19471517674226765,0.711618450497337,0.9564532291249499,0.9170922637799085
Adams controls,cDC2,Chrono,Interferon signaling,9,0.23431167445160245,0.5439670667628357,0.5720596408466828,0.23551443607818565,0.9415705522931056,0.880568036106782
Adams controls,cDC2,Chrono,Nrf2 signaling,9,0.48535989707831934,0.18535381786420987,0.638964114672779,0.17199040962607867,0.9155795044224923,0.880568036106782
Adams controls,cDC2,Chrono,Amino acid met,9,-0.12552411131335847,0.7476182289428042,0.001296888605375882,0.9980546681825676,0.9564532291249499,0.9980546681825676
Adams controls,cDC2,Chrono,mRNA splicing,9,0.3765723339400754,0.3178226816985236,0.4887737344812911,0.3252233630689507,0.9355474808581916,0.880568036106782
Adams controls,cDC2,Chrono,Fatty acid met,9,0.3765723339400754,0.3178226816985236,0.724586192010889,0.10333369893211596,0.9355474808581916,0.880568036106782
Adams controls,cDC2,Chrono,Adaptive immunity,9,0.20083857810137354,0.6043593545214949,0.24642121324730507,0.6378499488459207,0.9415705522931056,0.8933039095238806
Adams controls,cDC2,Chrono,Translation,9,-0.20920685218893076,0.5890472411061645,-0.2768050984597225,0.5953969026897252,0.9415705522931056,0.8933039095238806
Adams controls,cDC2,Chrono,Cholesterol met (salmon),9,-0.00836827408755723,0.9829532868330846,0.6105364406769671,0.1979855167338528,1.0,0.880568036106782
Adams controls,cDC2,Chrono,Heat stress response,9,0.5606743638663344,0.1163267949931929,0.5510180745625886,0.2571231951090436,0.9155795044224923,0.880568036106782
Adams controls,cDC2,Chrono,OxPhos,9,0.6025157343041205,0.085953357540588,0.8174760535552411,0.04693209471975626,0.9155795044224923,0.8620135076996135
Adams controls,cDC2,Chrono,Innate immunity,9,0.43515025255297596,0.24175711150708432,0.6785829085869027,0.1383607894036915,0.9155795044224923,0.880568036106782
Adams controls,cDC2,Chrono,Chromatin modification (2),9,-0.1924703040138163,0.6198061390079387,-0.20017630460354296,0.7037461306986322,0.9433814027547301,0.9161977927963325
Adams controls,cDC2,Chrono,Composite,9,0.00836827408755723,0.9829532868330846,-0.4486605531546947,0.37216602311668306,0.9829532868330846,0.8601823981430509
Adams controls,cMonocyte,Mortality,Muscle contraction,17,0.4216369018939832,0.09185447991528643,0.5073268496955989,0.06406232007906557,0.9457039070154535,0.8879847131408174
Adams controls,cMonocyte,Mortality,Respiration,17,0.18438931569707717,0.4786601607119844,0.16988549610428902,0.5614854508656077,0.9527178198786612,0.8929643502627426
Adams controls,cMonocyte,Mortality,Chromatin modification (1),17,0.22372570304578698,0.38802703313941994,0.2930614858700984,0.3092223307948308,0.9527178198786612,0.8879847131408174
Adams controls,cMonocyte,Mortality,Heme metabolism,17,-0.2015989851621377,0.4377970689709581,-0.23760485283424918,0.413379089671269,0.9527178198786612,0.8879847131408174
Adams controls,cMonocyte,Mortality,VEGF signaling,17,0.32452519562685583,0.20377507033668515,0.40818991053892667,0.14735781540641132,0.9457039070154535,0.8879847131408174
Adams controls,cMonocyte,Mortality,Protein processing in ER,17,-0.007375572627883088,0.9775871367877157,-0.18643365317119187,0.5233645431867172,0.9919634182110644,0.8929643502627426
Adams controls,cMonocyte,Mortality,Lipid met,17,-0.05531679470912315,0.8329926956130445,-0.03210219239571918,0.9132474384566255,0.9869388898965118,0.9877980982858824
Adams controls,cMonocyte,Mortality,Cholesterol met (darkred),17,0.3146910987896784,0.21861118694273038,0.2535196741651675,0.3818133820822438,0.9457039070154535,0.8879847131408174
Adams controls,cMonocyte,Mortality,Cell cycle,17,0.05408753260447598,0.8366565414108521,0.07670302854051664,0.7943841991186842,0.9869388898965118,0.9505059492344949
Adams controls,cMonocyte,Mortality,ECM organization,17,0.024585242092943625,0.9253794042659262,-0.012659815506260521,0.9657386363240151,0.9916826693231834,0.9877980982858824
Adams controls,cMonocyte,Mortality,Apoptosis,17,0.1438236662437202,0.5818337111446384,0.22098278368862562,0.44772473741399244,0.9769750465985807,0.8879847131408174
Adams controls,cMonocyte,Mortality,Interferon signaling,17,0.25568651776661366,0.32192144068908246,0.38110883321510775,0.1788058946908414,0.9527178198786612,0.8879847131408174
Adams controls,cMonocyte,Mortality,Nrf2 signaling,17,-0.3540274861383882,0.1632714841650472,-0.5409670785835657,0.04576349326664734,0.9457039070154535,0.8879847131408174
Adams controls,cMonocyte,Mortality,Amino acid met,17,0.29993995353391223,0.24213674913922242,0.39330677866536035,0.16414816481286318,0.9457039070154535,0.8879847131408174
Adams controls,cMonocyte,Mortality,mRNA splicing,17,0.2630620903944968,0.3076671990799269,0.2924978429655328,0.3101970814991836,0.9527178198786612,0.8879847131408174
Adams controls,cMonocyte,Mortality,Fatty acid met,17,0.04179491155800416,0.8734581675065649,-0.0925440556108587,0.7530197412299264,0.9869388898965118,0.9278278954440164
Adams controls,cMonocyte,Mortality,Adaptive immunity,17,-0.08358982311600832,0.7497595636995805,-0.18378335541544072,0.5293912004813124,0.9869388898965118,0.8929643502627426
Adams controls,cMonocyte,Mortality,Translation,17,-0.18561857780172436,0.47568105086049733,-0.09707000468754905,0.7413087619410533,0.9527178198786612,0.9270928399574524
Adams controls,cMonocyte,Mortality,Cholesterol met (salmon),17,-0.03441933893012107,0.8956622909946536,-0.18302291734318613,0.5311260394182297,0.9869388898965118,0.8929643502627426
Adams controls,cMonocyte,Mortality,Heat stress response,17,-0.09711170626712731,0.7108002080008246,0.055571490021758936,0.8503376570563156,0.9869388898965118,0.9733510589124036
Adams controls,cMonocyte,Mortality,OxPhos,17,0.04794122208124007,0.8550220310099376,0.13744853235063687,0.6393760288543502,0.9869388898965118,0.9270928399574524
Adams controls,cMonocyte,Mortality,Innate immunity,17,0.09957023047642169,0.7037857701205777,-0.09666604995524526,0.7423519291240751,0.9869388898965118,0.9270928399574524
Adams controls,cMonocyte,Mortality,Chromatin modification (2),17,-0.19176488832496028,0.46092329769823787,-0.32141099752359453,0.26248021572159197,0.9527178198786612,0.8879847131408174
Adams controls,cMonocyte,Mortality,Composite,17,0.19791119884819616,0.44639843858682476,0.11552619701505637,0.6941130031330658,0.7927352524943955,0.8736479022695707
Adams controls,cMonocyte,Chrono,Muscle contraction,17,0.36877863139415434,0.1452203268717336,0.6027944172808847,0.022506752452604584,0.9155795044224923,0.7451777287465339
Adams controls,cMonocyte,Chrono,Respiration,17,0.1757844809645469,0.49976663772811425,0.027684401840520508,0.9251531009507563,0.9415705522931056,0.9802787909203908
Adams controls,cMonocyte,Chrono,Chromatin modification (1),17,0.31837888510361995,0.21296850172663323,0.42974495333156393,0.12512582401034125,0.9155795044224923,0.880568036106782
Adams controls,cMonocyte,Chrono,Heme metabolism,17,-0.13767735572048428,0.5982348850901336,-0.17440713244962444,0.550954609177897,0.9415705522931056,0.8933039095238806
Adams controls,cMonocyte,Chrono,VEGF signaling,17,0.18684783990637155,0.47271107910234367,0.36294899047141976,0.20214798018119295,0.9415705522931056,0.880568036106782
Adams controls,cMonocyte,Chrono,Protein processing in ER,17,-0.31837888510361995,0.21296850172663323,-0.22552420877392526,0.43820418806698247,0.9155795044224923,0.8923542909352554
Adams controls,cMonocyte,Chrono,Lipid met,17,-0.18561857780172436,0.47568105086049733,-0.1519619622054662,0.6040350589770701,0.9415705522931056,0.8933039095238806
Adams controls,cMonocyte,Chrono,Cholesterol met (darkred),17,0.38967608717315644,0.12206543996341901,0.3186301038638141,0.26686612773738655,0.9155795044224923,0.880568036106782
Adams controls,cMonocyte,Chrono,Cell cycle,17,0.05285827049982879,0.8403235646858602,0.06708769083432083,0.819746483489107,0.9883351016475742,0.9501799006945996
Adams controls,cMonocyte,Chrono,ECM organization,17,-0.08727760942994986,0.739073056493454,-0.12977077008365745,0.6583695004134371,0.9564532291249499,0.8933039095238806
Adams controls,cMonocyte,Chrono,Apoptosis,17,0.1634918599180751,0.5306657156859016,0.2332386688899755,0.4222665824356401,0.9415705522931056,0.8923542909352554
Adams controls,cMonocyte,Chrono,Interferon signaling,17,0.30362773984785374,0.23611176513894522,0.38837421085536084,0.1699773840963676,0.9155795044224923,0.880568036106782
Adams controls,cMonocyte,Chrono,Nrf2 signaling,17,-0.2003697230574905,0.44065465420598604,-0.3025446437665594,0.2930868867555417,0.9415705522931056,0.880568036106782
Adams controls,cMonocyte,Chrono,Amino acid met,17,0.18438931569707717,0.4786601607119844,0.2931170263874319,0.3091263755721338,0.9415705522931056,0.880568036106782
Adams controls,cMonocyte,Chrono,mRNA splicing,17,0.25568651776661366,0.32192144068908246,0.3130122011437441,0.27585901805975327,0.9355474808581916,0.880568036106782
Adams controls,cMonocyte,Chrono,Fatty acid met,17,-0.0196681936743549,0.940275388180599,-0.13305692708601508,0.6502158549373558,1.0,0.8933039095238806
Adams controls,cMonocyte,Chrono,Adaptive immunity,17,-0.22372570304578698,0.38802703313941994,-0.295559262710282,0.30492392482098146,0.9355474808581916,0.880568036106782
Adams controls,cMonocyte,Chrono,Translation,17,-0.3097740503710897,0.22628302036200415,-0.16678516473517283,0.5687545203940847,0.9155795044224923,0.8933039095238806
Adams controls,cMonocyte,Chrono,Cholesterol met (salmon),17,-0.014751145255766176,0.9551901184375031,-0.20288799306070335,0.48664848082804285,1.0,0.8933039095238806
Adams controls,cMonocyte,Chrono,Heat stress response,17,0.038107125244062616,0.8845500733961971,0.06776314301504703,0.817959200301125,1.0,0.9501799006945996
Adams controls,cMonocyte,Chrono,OxPhos,17,-0.00983409683717745,0.97011892154804,0.12554797771204285,0.6688990626869638,1.0,0.8933039095238806
Adams controls,cMonocyte,Chrono,Innate immunity,17,0.11186285152289349,0.6690610042261997,-0.0990051285231613,0.7363172784166693,0.9564532291249499,0.9276911012410701
Adams controls,cMonocyte,Chrono,Chromatin modification (2),17,-0.2175793925225511,0.4015310782749197,-0.31247624291609266,0.276726213089413,0.9415705522931056,0.880568036106782
Adams controls,cMonocyte,Chrono,Composite,17,-0.21143308199931515,0.415283813926891,-0.34637725255672663,0.2250544872739386,0.9829532868330846,0.8601823981430509
