celltype,module,n_genes,df,t_clock,beta_clock,p_clock,t_geneset,p_geneset,t_geneset_signed,p_geneset_signed,p_competitive_random,p_competitive_perm,null_random_abs_t_median,null_perm_abs_t_median,fdr_clock,fdr_geneset,fdr_geneset_signed,fdr_competitive_random,fdr_competitive_perm,fdr_IPF,perm_p_IPF
B,Muscle contraction,42,25,-4.360590212845588,-0.9670819351747643,0.00019542691561047064,-1.6147285173561001,0.1189216337271956,-2.186892468024903,0.03831975772087854,0.001998001998001998,0.000999000999000999,0.7317303702153857,0.9080694299967094,0.008240501608241513,0.3995643991630005,0.22315665092790304,0.5054945054945055,0.25274725274725274,0.0645370721708593,0.0004997501249375
B,Respiration,357,25,-1.0892969935344128,-0.2811160377397027,0.2864121922622524,-1.0305448492015863,0.31262187058849417,0.8800709738787489,0.3872027941671283,0.3096903096903097,0.2867132867132867,0.7349022602058722,0.6766360450106732,0.6306023157905019,0.5815686269035958,0.6502259263838308,0.9470409108963327,0.9868219429972418,0.5818442222378511,0.12143928035982
B,Chromatin modification (1),246,25,-0.9507809819752012,-0.37138589849820297,0.35081763793838805,-1.100254223764531,0.28170329747897643,-0.6490487330304378,0.5222253883935624,0.3546453546453546,0.35764235764235763,0.6968970329509828,0.700587254813462,0.7241220143803697,0.5399313201680381,0.750698995815746,0.9640874589328197,0.9868219429972418,0.5814024147546853,0.1159420289855072
B,Heme metabolism,20,25,2.0440313077475616,0.20813207699966785,0.05161990322876922,0.6941778416717389,0.4939714610141235,1.3581943159765342,0.186533715570317,0.08091908091908091,0.053946053946053944,0.7201187665562896,0.6806065908155583,0.2662842613053781,0.7438974978367454,0.4672577231612891,0.6604041120170152,0.732967032967033,0.2594256282157355,0.009495252373813
B,VEGF signaling,34,25,-0.8474809554730096,-0.2585683365455352,0.404767808250348,1.0463406811920046,0.30541548860145923,-2.057967990563235,0.05016198106309761,0.4325674325674326,0.5284715284715285,0.7344643178977399,0.9114290310188418,0.7673733128734151,0.5723712490086605,0.2488427688032097,0.9859419859419859,0.9868219429972418,0.7292692991564866,0.2613693153423288
B,Protein processing in ER,31,25,0.1498834442798347,0.011123066335910634,0.8820592444695273,-1.57706671523183,0.12735138302899468,1.4870933659358645,0.14949487067206152,0.8871128871128872,0.919080919080919,0.6911454902171492,0.8986620251132407,0.9619008140120276,0.40024847249609485,0.4297977531821769,0.9868219429972418,0.9868219429972418,0.8065073800129431,0.3023488255872064
B,Lipid met,16,25,1.3381801361203793,0.35043190942437497,0.19288266439943097,0.4005845061375897,0.6921289160222402,1.0537712957472163,0.30206621588342586,0.22377622377622378,0.2127872127872128,0.705046512826506,0.7512057835925695,0.5466038726543363,0.8626040184907723,0.588052069102835,0.8448979591836734,0.913151364764268,0.5465146983362644,0.0774612693653173
B,Cholesterol met (darkred),26,25,0.22629277529424552,0.03271587811592884,0.8228137101007418,-0.927177258085608,0.3626998152943841,0.42575556510032003,0.6739290019697647,0.8311688311688312,0.7882117882117882,0.7281750735049435,0.5075163865897715,0.9358713535684084,0.6158594179159677,0.8158087918581362,0.9868219429972418,0.9868219429972418,0.9922402964158332,0.9760119940029984
B,Cell cycle,97,25,0.44840677489411956,0.38089106306145487,0.6577219888441866,-1.707388880541388,0.10014150856008733,0.7138603041682438,0.481925623770617,0.6603396603396603,0.6593406593406593,0.6708685750862142,0.7027724943804761,0.8843286340259382,0.3619400237957442,0.7214626202009828,0.9859645305189859,0.9868219429972418,0.8518766431068752,0.5157421289355323
B,ECM organization,59,25,-0.05296989289052255,-0.014532072705178117,0.9581769018995099,-0.6809589324135923,0.5021566094597928,-0.00047030428723377594,0.9996284842810215,0.9460539460539461,0.9500499500499501,0.6909813721385771,0.630862954556949,0.9723082315227763,0.7517492437475004,0.9996284842810215,0.9868219429972418,0.9868219429972418,0.9902287330629485,0.9220389805097452
B,Apoptosis,52,25,0.06488164547413905,0.012384384064263537,0.9487842725750885,-0.5480327992466116,0.5885298839615157,0.27248312639304356,0.7874885478463715,0.9600399600399601,0.9330669330669331,0.7712155938141101,0.5671651452117338,0.9723082315227763,0.7920109608631036,0.889440190201482,0.9868219429972418,0.9868219429972418,0.9902287330629485,0.9300349825087456
B,Interferon signaling,59,25,0.4314507736503559,0.1023394623695674,0.6698385301992571,-0.7708660719118096,0.4480109241615355,-0.07169042167768395,0.9434187317113892,0.6853146853146853,0.6553446553446554,0.7048985182543139,0.6578382868484759,0.8843286340259382,0.7040171665395558,0.9782169636187765,0.9859645305189859,0.9868219429972418,0.8555050681638721,0.5602198900549725
B,Nrf2 signaling,16,25,-0.04679409425159291,-0.015454735994755851,0.963049143227355,-0.23156672304414244,0.8187594618124471,-0.32056715464726876,0.7512026406639698,0.9790209790209791,0.958041958041958,0.8484733773484459,0.5395628860827644,0.9723082315227763,0.9476182016958439,0.8670148982279648,0.9868219429972418,0.9868219429972418,0.9902287330629485,0.9525237381309344
B,Amino acid met,54,25,1.1060773495829228,0.30462126501729003,0.2792235854106243,0.377549791403105,0.7089514278472946,1.4705758377474358,0.15388101213880856,0.3106893106893107,0.16983016983016982,0.710077609173642,0.5936549360897347,0.6269769453834436,0.8708507329661966,0.43407476616617374,0.9470409108963327,0.8593406593406593,0.5922907469410157,0.1324337831084457
B,mRNA splicing,52,25,-2.0154279882527626,-0.5065356643448082,0.05473036200742949,-0.7359742882043566,0.4685960862537957,-0.28905139487236,0.774925464966195,0.07292707292707293,0.1008991008991009,0.707045794152984,0.8028744437111863,0.2662842613053781,0.7230187096544859,0.8831357776416546,0.6604041120170152,0.7656755009696186,0.2591662111839333,0.0064967516241879
B,Fatty acid met,30,25,0.034983419659481964,0.008010870046845447,0.972370793408072,1.2026644151289418,0.24037330998587442,1.4092995082755002,0.17106504537180617,0.971028971028971,0.9760239760239761,0.7012490369380197,0.7541781398361922,0.9762294076676278,0.49292732738715567,0.4604096669146371,0.9868219429972418,0.9868219429972418,0.9922402964158332,0.9820089955022488
B,Adaptive immunity,93,25,0.8557320870850229,0.864976143068163,0.40027352572048414,-0.8101327969639102,0.42550856244326124,0.7176594816838348,0.47962015003527764,0.39760239760239763,0.4095904095904096,0.659673611500744,0.6971448752646328,0.7673733128734151,0.690087604475289,0.7214626202009828,0.9769653423499577,0.9868219429972418,0.8102276250962722,0.3878060969515242
B,Translation,117,25,0.1277445988228683,0.05943724804016004,0.8993731181931848,-2.0807960703268633,0.0478529053749287,-0.3991678361255372,0.6931589961369337,0.9080919080919081,0.8941058941058941,0.697169506140147,0.5866740553892201,0.9682612719271309,0.24707724611952983,0.831133772619167,0.9868219429972418,0.9868219429972418,0.9686821063475256,0.8450774612693653
B,Cholesterol met (salmon),12,25,-0.42967747922579885,-0.1201404414926329,0.671111058233123,-1.2089800481858928,0.23798083961009173,-0.9350931468849824,0.3586854545818115,0.7682317682317682,0.6153846153846154,1.07969099538282,0.7532148038212252,0.8843286340259382,0.49292732738715567,0.6298366852282404,0.9859645305189859,0.9868219429972418,0.8535381038077803,0.56071964017991
B,Heat stress response,20,25,0.046829344568553956,0.010852617653820812,0.9630213290356187,-2.4835409916572666,0.020070265935410857,1.1378566399194558,0.26596817264398254,0.971028971028971,0.971028971028971,0.7836948458665679,0.9163897887965606,0.9723082315227763,0.13362571793839334,0.5704510947054283,0.9868219429972418,0.9868219429972418,0.9922402964158332,0.9735132433783108
B,OxPhos,61,25,-1.1236299211337861,-0.33632424309813946,0.27184441564710277,-1.288443038372868,0.2093889218613644,-1.5304499791032558,0.13846203679477842,0.2897102897102897,0.27672327672327673,0.7237245203178821,0.6587414997843477,0.6252421559883364,0.48159452028113814,0.41212818010681107,0.9470409108963327,0.9868219429972418,0.6152330286995237,0.1424287856071964
B,Innate immunity,332,25,-0.3445491757058282,-0.1107570686374407,0.7333149742362194,-3.053214221668566,0.005311555567685319,2.044592991389376,0.05156042556891717,0.7362637362637363,0.7492507492507493,0.6879343335382909,0.7512003337900492,0.8966655461668503,0.048078364447305566,0.2508613013256931,0.9859645305189859,0.9868219429972418,0.8726505565021873,0.6146926536731634
B,Chromatin modification (2),169,25,-2.409773900342207,-0.6094425941472901,0.02365015307052648,-0.3404779017609007,0.7363411668378597,-1.0618299688614872,0.2984632548337301,0.03496503496503497,0.052947052947052944,0.7230999519733127,0.830058652038608,0.14958721817107998,0.8956457462018197,0.588052069102835,0.5897435897435898,0.732967032967033,0.3960208449705429,0.0274862568715642
Ciliated,Muscle contraction,42,34,-0.2401498151666891,-0.015700258979834184,0.8116561858066608,0.9539029479394803,0.34686587472583597,1.7633722343534324,0.08682389761376229,0.8771228771228772,0.8771228771228772,1.0660783377886491,0.9144447960432918,0.9334046136776599,0.6158594179159677,0.32785740442211725,0.9868219429972418,0.9868219429972418,0.8765862759231935,0.6176911544227887
Ciliated,Respiration,357,34,1.7479567820607946,0.49799075125960957,0.08949791643408736,-0.5485403988096239,0.5869051200966189,0.6131351745953653,0.5438670204861222,0.25274725274725274,0.21878121878121878,1.016009729237539,0.9761945550976399,0.3430753463306682,0.7920109608631036,0.7602119126131985,0.888125763125763,0.913151364764268,0.3882791551590581,0.0149925037481259
Ciliated,Chromatin modification (1),246,34,-1.1338616190553656,-0.5113833077403234,0.26478432025895765,-0.7185993084648832,0.477297530842991,0.20128355923338415,0.8416762366099065,0.44555444555444557,0.3886113886113886,1.0177078674976618,0.8974819053538619,0.6232766505633736,0.7266258819104965,0.9218358781918025,0.9859645305189859,0.9868219429972418,0.5430981759991454,0.0514742628685657
Ciliated,Heme metabolism,20,34,-1.2080958365378456,-0.1552854078584571,0.2353464970082901,0.13203472154683063,0.8957351032128709,-1.5429305449413486,0.13210499834255535,0.42857142857142855,0.44555444555444557,1.039154433761881,1.045320258491059,0.595426637430974,0.985308613534158,0.4121140788954726,0.9857142857142857,0.9868219429972418,0.5814024147546853,0.0999500249875062
Ciliated,VEGF signaling,34,34,-0.7630588024069069,-0.17961912596836582,0.45069059981404763,0.3071378841807258,0.7606117990481169,0.4095180826457546,0.6847281384345438,0.6203796203796204,0.6923076923076923,1.0260516432833322,1.380297301529505,0.7973756765940844,0.9028053666607708,0.8249343763044743,0.9859645305189859,0.9868219429972418,0.8102276250962722,0.3343328335832084
Ciliated,Protein processing in ER,31,34,3.1938870827167336,0.22503956475467923,0.003022660700060965,-2.0951804208397835,0.04367717747679214,3.919368180420691,0.0004077640336166484,0.04295704295704296,0.02197802197802198,1.0755899633086017,1.05876358341682,0.05030732724177847,0.24022447612235676,0.010553560138628617,0.6604041120170152,0.6571428571428571,0.0552360238808897,0.0004997501249375
Ciliated,Lipid met,16,34,0.441740987571213,0.10903791895734061,0.6614735643796599,-0.9855332479227982,0.3313239831471471,2.1414762504457925,0.039487035643879835,0.7872127872127872,0.7562437562437563,1.045949469049377,0.9800371530006387,0.8843286340259382,0.6118610783666294,0.22315665092790304,0.9859645305189859,0.9868219429972418,0.8464786258198376,0.4927536231884058
Ciliated,Cholesterol met (darkred),26,34,2.6666062660969287,0.2035332480115697,0.011644579609959736,1.8382381617877428,0.07477733456345355,2.139113950705901,0.039691894433816745,0.08391608391608392,0.08091908091908091,0.9702429321631326,1.1144508629762033,0.10345815653325902,0.3206553499076906,0.22315665092790304,0.6634615384615385,0.7656755009696186,0.098316566997907,0.0004997501249375
Ciliated,Cell cycle,97,34,1.0977364326255947,0.47490828047216244,0.2800331811396408,-1.6183209417947164,0.11483437423228267,0.16884401924529358,0.8669198279729866,0.4875124875124875,0.4825174825174825,1.0712538940997123,1.049368336615017,0.6269769453834436,0.39260941460496646,0.9333221977751729,0.9859645305189859,0.9868219429972418,0.5814024147546853,0.0949525237381309
Ciliated,ECM organization,59,34,-1.4892435071837824,-0.26325135202930716,0.14564158463922824,-2.3808443001197634,0.023018704363434214,-0.16942508818443194,0.8664663220113862,0.3306693306693307,0.2677322677322677,1.0387503922616645,0.924806985154447,0.4841829482007294,0.14932646676791939,0.9333221977751729,0.9541918755401901,0.9868219429972418,0.4566726138241305,0.0284857571214392
Ciliated,Apoptosis,52,34,2.0528773121638535,0.25349743876505526,0.047843939339366086,-0.29841038402282005,0.7672061416287183,0.209700030188252,0.8351533073567897,0.2047952047952048,0.1258741258741259,1.0490099633525811,0.9105202466254858,0.25754290750765146,0.9028053666607708,0.9218358781918025,0.8448979591836734,0.8087912087912089,0.2591662111839333,0.0039980009995002
Ciliated,Interferon signaling,59,34,-0.8246595756502983,-0.14489956554238176,0.4153131520255342,0.7946270714006355,0.4323424590379046,0.20269010589927322,0.840585331770706,0.6063936063936064,0.4825174825174825,1.0422831743409993,0.775720251598783,0.7673733128734151,0.6967047269846488,0.9218358781918025,0.9859645305189859,0.9868219429972418,0.8102276250962722,0.3113443278360819
Ciliated,Nrf2 signaling,16,34,0.9148369339388729,0.26991945866288136,0.3667200604551898,1.4687972430181186,0.1510800429973995,0.7856495395468193,0.43751391804555945,0.5814185814185814,0.5454545454545454,1.1169755271234227,1.0004652665618898,0.7422414023613042,0.41660972350969483,0.6830357823701946,0.9859645305189859,0.9868219429972418,0.7230139757919505,0.1169415292353823
Ciliated,Amino acid met,54,34,0.3635746866619315,0.16548578575913295,0.7184266427026329,-1.2508590988858028,0.21952544252156458,-0.09163348546858527,0.9275270159323293,0.8091908091908092,0.8481518481518482,1.0216697168037954,1.1001279265495434,0.8939858247057431,0.487192429455753,0.9686461545970944,0.9868219429972418,0.9868219429972418,0.9014625036957444,0.6821589205397302
Ciliated,mRNA splicing,52,34,1.4140093071418947,0.20713777246789783,0.16645114165377786,0.11737690381897384,0.9072520420881938,1.0585937544718231,0.2972479960334803,0.38161838161838163,0.34765234765234765,1.0578358391806666,1.060238032662796,0.5135626687610463,0.9905607301018496,0.588052069102835,0.9709498422369708,0.9868219429972418,0.5600465214546414,0.0579710144927536
Ciliated,Fatty acid met,30,34,-0.3190282266942801,-0.08667133842327715,0.7516569204364212,0.04709842858754303,0.9627103471920058,-0.017418325438542735,0.9862047055661578,0.8291708291708292,0.7872127872127872,1.0474792947082043,0.7869146543504,0.9096112145685454,0.990774748189492,0.9980391620329517,0.9868219429972418,0.9868219429972418,0.8726505565021873,0.5747126436781609
Ciliated,Adaptive immunity,93,34,0.1622547846634695,0.1019474439987767,0.8720656827607255,-0.632325269810167,0.53140391979111,-0.08804209986646301,0.930359745324482,0.9110889110889111,0.8991008991008991,1.0433842336695822,0.7745342661087118,0.9614226060791788,0.7726735155583381,0.9686461545970944,0.9868219429972418,0.9868219429972418,0.8956220387648486,0.6521739130434783
Ciliated,Translation,117,34,-0.48895449363260246,-0.31619863571886164,0.6280132981360342,-2.218209205810621,0.03332308329832517,-0.9260787879397319,0.3609321927996326,0.7452547452547452,0.7622377622377622,1.045848059460904,1.086737919216302,0.8843286340259382,0.19606372266223882,0.6298366852282404,0.9859645305189859,0.9868219429972418,0.8207602147761912,0.4077961019490255
Ciliated,Cholesterol met (salmon),12,34,0.34876460184483715,0.06912399117681023,0.7294166297954481,1.4467902969982294,0.15711294534878448,0.8743176640403242,0.3880795054701915,0.8681318681318682,0.6473526473526473,1.2150041945761876,0.6120845031193899,0.8966655461668503,0.41660972350969483,0.6502259263838308,0.9868219429972418,0.9868219429972418,0.9300663123869696,0.7481259370314842
Ciliated,Heat stress response,20,34,0.6782566262574163,0.090054119398965,0.5021994198898834,1.0944120794300025,0.28146715468130756,1.1253675241937486,0.26831494177844256,0.6433566433566433,0.5804195804195804,1.0058735735721096,0.8110932376115279,0.8024160870992861,0.5399313201680381,0.5704510947054283,0.9859645305189859,0.9868219429972418,0.8102276250962722,0.3318340829585207
Ciliated,OxPhos,61,34,0.052126660224265764,0.012973100299784157,0.9587328324435201,-1.4258773096820163,0.16302119615596755,1.419883668043155,0.16474638483371246,0.971028971028971,0.975024975024975,1.0377416275730391,1.0141210685695399,0.9723082315227763,0.41660972350969483,0.44818102540784144,0.9868219429972418,0.9868219429972418,0.9922402964158332,0.9885057471264368
Ciliated,Innate immunity,332,34,-1.3332935967537884,-0.4635560483795735,0.1913003204173057,-0.5465125096547776,0.5882825606965673,1.374864634133403,0.17816688216921128,0.40559440559440557,0.3836163836163836,1.0996778631828932,1.0425576812232564,0.5466038726543363,0.7920109608631036,0.4604096669146371,0.9772893772893773,0.9868219429972418,0.4560150696197515,0.0209895052473763
Ciliated,Chromatin modification (2),169,34,0.600328433045413,0.1576271583929612,0.5522681600065443,1.5203129936361017,0.13767844018721992,0.4892519435723342,0.6278049094753666,0.7472527472527473,0.7322677322677322,1.1425034075202736,1.1684774968354281,0.8170985057406767,0.4012810068797967,0.8082565896946173,0.9859645305189859,0.9868219429972418,0.8243770191428417,0.4257871064467766
Fibroblast,Muscle contraction,42,10,-0.7147315160555919,-0.15080781328190426,0.49112317428468116,-0.991638625847186,0.3447615310468835,0.09629497422581797,0.9251888015638069,0.46153846153846156,0.5324675324675324,0.6553222172854627,0.7579996999965893,0.8024160870992861,0.6158594179159677,0.9686461545970944,0.9859645305189859,0.9868219429972418,0.8102276250962722,0.3668165917041479
Fibroblast,Respiration,357,10,-0.49176629598304755,-0.16839819065541248,0.6334998147640256,-1.2743790978803051,0.23134619555857147,0.8778371365579627,0.400631175253119,0.6373626373626373,0.6493506493506493,0.7613919514765566,0.7469428717905862,0.8843286340259382,0.49292732738715567,0.655887027206848,0.9859645305189859,0.9868219429972418,0.8425442160415909,0.5377311344327836
Fibroblast,Chromatin modification (1),246,10,2.183636926179003,1.0250103563566337,0.05391297805916328,-1.597841108919827,0.14116209332925655,1.0901482134950586,0.3012191757423541,0.08691308691308691,0.09090909090909091,0.7354321420782657,0.7213276700446136,0.2662842613053781,0.4012810068797967,0.588052069102835,0.6663336663336663,0.7656755009696186,0.2707803290693139,0.0129935032483758
Fibroblast,Heme metabolism,20,10,0.13769362740066013,0.020312000006672357,0.8932156012769242,-0.6148545341525145,0.5523838310001431,0.7943058578663702,0.4454581189370834,0.9110889110889111,0.8901098901098901,0.7543945999053219,0.7608931203856564,0.9682612719271309,0.7764061624613122,0.6830357823701946,0.9868219429972418,0.9868219429972418,0.9686821063475256,0.8750624687656172
Fibroblast,VEGF signaling,34,10,1.3765564838956061,0.2212187832700447,0.1986860253889649,-1.5092464342494436,0.1621651411133404,1.516768615819223,0.1602811995323561,0.2217782217782218,0.23976023976023977,0.7401525908705359,0.7510508334030386,0.5466038726543363,0.41660972350969483,0.44077329871397924,0.8448979591836734,0.9305694305694305,0.5469989655030519,0.0914542728635682
Fibroblast,Protein processing in ER,31,10,0.7067490222380214,0.053078889825668024,0.4958604199845417,2.2757860977892257,0.046114874289599164,0.6477089646473643,0.531761321775709,0.5224775224775224,0.6183816183816184,0.7405339641386632,0.9680387804047471,0.8024160870992861,0.24596574310446928,0.7527514187053824,0.9859645305189859,0.9868219429972418,0.8102276250962722,0.3893053473263368
Fibroblast,Lipid met,16,10,-0.6263899569612215,-0.3022034825906742,0.5450916494649267,0.03907446760703603,0.9696001033730778,-0.8328137524116229,0.4243932254328667,0.5734265734265734,0.5654345654345654,0.7580831715019345,0.7416746756325254,0.8136246861750948,0.990774748189492,0.6765952055474109,0.9859645305189859,0.9868219429972418,0.8103764872402766,0.4307846076961519
Fibroblast,Cholesterol met (darkred),26,10,-0.22713029600400766,-0.023259596504944465,0.8248984657934983,1.522310166897713,0.15890555127509315,-1.0824264773447456,0.30447290717165015,0.8301698301698301,0.8591408591408591,0.7431754602014535,0.7164243743213711,0.9358713535684084,0.41660972350969483,0.588052069102835,0.9868219429972418,0.9868219429972418,0.9330357736830912,0.7731134432783608
Fibroblast,Cell cycle,97,10,-1.341203251820217,-0.5978261565198444,0.20952017799941522,-1.4956240054376693,0.16562601351388156,-0.05019082971309647,0.9609586849750653,0.23176823176823177,0.3006993006993007,0.7233238916685882,0.8872887776236889,0.5574200838001707,0.41903381419012037,0.9874193225852711,0.8448979591836734,0.9868219429972418,0.5600465214546414,0.0909545227386306
Fibroblast,ECM organization,59,10,-0.5594958979643045,-0.16176289494938326,0.5881347193761188,-2.581144481879193,0.02736252987133628,-0.09727123247516863,0.9244329632257221,0.5784215784215784,0.7152847152847153,0.6954297730342789,1.075911911067422,0.8601045318043818,0.16884683066946535,0.9686461545970944,0.9859645305189859,0.9868219429972418,0.8243770191428417,0.4927536231884058
Fibroblast,Apoptosis,52,10,0.4137517224792232,0.16916135762052545,0.6877897391573929,-2.0113334540998653,0.07201432818093734,0.565866022798442,0.5839583921826863,0.7112887112887113,0.6823176823176823,0.7448256166093764,0.6724653250201056,0.887810224524594,0.3206553499076906,0.7943089958183852,0.9859645305189859,0.9868219429972418,0.8672261772022151,0.5877061469265368
Fibroblast,Interferon signaling,59,10,1.6218688194016282,0.3730988989896339,0.13589735304229358,-0.5151214042793918,0.6176622335754678,1.980888582686243,0.07576059910435252,0.15984015984015984,0.14285714285714285,0.7159335802074009,0.6727960204443093,0.47098671670822295,0.8138986723676738,0.31422018972788834,0.812755871579401,0.8087912087912089,0.4566726138241305,0.0499750124937531
Fibroblast,Nrf2 signaling,16,10,-1.1820953147860644,-0.3513038630227415,0.2645136994735395,-1.4682518643922742,0.17277430963590681,-1.3875686083502106,0.19540930204115856,0.2627372627372627,0.2017982017982018,0.6995241762403905,0.5913799403652089,0.6232766505633736,0.4219508526985088,0.47537070592704916,0.9105825681168146,0.913151364764268,0.6044100315760648,0.1384307846076961
Fibroblast,Amino acid met,54,10,-0.4882908123360368,-0.2614193782660441,0.6358735706520073,-1.484480702625134,0.16850457556640586,1.3766829965056302,0.198648118905538,0.6503496503496503,0.7232767232767233,0.7098242165818187,0.9357146163340895,0.8843286340259382,0.4206387506369546,0.4786473722200106,0.9859645305189859,0.9868219429972418,0.8464786258198376,0.5452273863068465
Fibroblast,mRNA splicing,52,10,-0.3207350809995902,-0.08523494111885765,0.7550132611043262,-1.275698208689988,0.23089789226400953,0.2845282693183596,0.7818105733474612,0.7702297702297702,0.7832167832167832,0.7623193454405215,0.749147310221425,0.9096112145685454,0.49292732738715567,0.8869868836632631,0.9859645305189859,0.9868219429972418,0.8971616398754377,0.6841579210394803
Fibroblast,Fatty acid met,30,10,-2.1525453024057417,-0.48499937392600145,0.056819940181040585,0.07795159071578896,0.9394042648387281,-1.3662780499215261,0.20178616384658227,0.0939060939060939,0.07492507492507493,0.754396803440837,0.8589627852996153,0.2712348087887409,0.990774748189492,0.4816216929545784,0.6967626967626969,0.7656755009696186,0.2837384062804148,0.0099950024987506
Fibroblast,Adaptive immunity,93,10,0.5056657400809726,0.2507790547268884,0.6240502232380464,-3.5017920940652876,0.005709386637320303,0.5382298153699492,0.6021915678577622,0.6613386613386614,0.7072927072927073,0.7773641611266542,0.8917784853057955,0.8843286340259382,0.04814916064140122,0.7970098243016068,0.9859645305189859,0.9868219429972418,0.8414370806279985,0.5072463768115942
Fibroblast,Translation,117,10,-1.0198626338328947,-0.6959080856196889,0.3318327088644798,-2.3231558327320454,0.04254343995053629,-1.0823968130525083,0.30448545870542054,0.36163836163836166,0.34465534465534464,0.7543759272257438,0.7144843900020856,0.7040819788797212,0.23918867349968181,0.588052069102835,0.9640874589328197,0.9868219429972418,0.6814784627247494,0.2118940529735132
Fibroblast,Cholesterol met (salmon),12,10,-1.2448951033443294,-0.5811259791434072,0.24155377637402037,0.9635027414508414,0.35801576010087877,-1.5903050698386088,0.14285022038793913,0.23976023976023977,0.38461538461538464,0.6422504543558728,0.9807490281216769,0.5991480923786976,0.6158594179159677,0.4154150087143517,0.8543569106949389,0.9868219429972418,0.5814024147546853,0.1224387806096951
Fibroblast,Heat stress response,20,10,0.05485643545646819,0.016912468272321467,0.957333340122131,-0.9907606288300775,0.34516960796301294,0.2232899824196824,0.827805048161388,0.967032967032967,0.951048951048951,0.7173742556820328,0.5539473691689173,0.9723082315227763,0.6158594179159677,0.9185731455475051,0.9868219429972418,0.9868219429972418,0.9902287330629485,0.9490254872563718
Fibroblast,OxPhos,61,10,0.33774918454502834,0.155239741667392,0.7425350779802401,-1.2457166142682614,0.24126447510637583,-0.39554182438476504,0.7007498492440939,0.7602397602397603,0.8141858141858141,0.7433111606694838,0.8620874953924271,0.903179686197119,0.49292732738715567,0.8362722257488479,0.9859645305189859,0.9868219429972418,0.8809661976450972,0.7031484257871065
Fibroblast,Innate immunity,332,10,-0.7475976550448112,-0.3250886892027948,0.4719169199154785,-6.112516964985776,0.00011379899978761306,1.6171176943955206,0.13692430271496417,0.4875124875124875,0.5574425574425574,0.7201813290685418,0.8573899257836506,0.8024160870992861,0.0031990163273629,0.41212818010681107,0.9859645305189859,0.9868219429972418,0.8102276250962722,0.384807596201899
Fibroblast,Chromatin modification (2),169,10,-1.552033912428408,-0.6640554470592499,0.15170171744511238,-1.6996994563255974,0.1200272503414547,-1.2077551979564256,0.2549294467926997,0.2007992007992008,0.16983016983016982,0.7875913494228344,0.7026494047762042,0.4858295508052333,0.3995643991630005,0.5608447829439394,0.8448979591836734,0.8593406593406593,0.481040320542899,0.0659670164917541
Macrophage,Muscle contraction,42,55,-3.224568673630287,-0.41963135656735573,0.002124595133661116,3.395789204650943,0.0012769803851042456,-7.000101119247537,3.770632302394229e-09,0.19880119880119881,0.28771228771228774,1.6879073152921729,2.153375835221495,0.04134788990894325,0.020192252339460884,9.5396997250574e-07,0.8448979591836734,0.9868219429972418,0.0446575519764739,0.0004997501249375
Macrophage,Respiration,357,55,-1.3816024230037147,-0.2170658085519216,0.17268060429862267,4.116197048977721,0.00013018130849289344,-3.6777825642726456,0.0005360036469046899,0.6013986013986014,0.6953046953046953,1.731350444720308,2.319296127386459,0.5263637697295366,0.0032696045288263236,0.011565041242503547,0.9859645305189859,0.9868219429972418,0.3921331108530101,0.0284857571214392
Macrophage,Chromatin modification (1),246,55,1.4594314459464484,0.25982519888465966,0.15013463576831235,5.645101888139216,5.97965923173286e-07,-3.7572000939799275,0.0004171367643726726,0.5324675324675324,0.6853146853146853,1.5841753701905863,2.3588474033222107,0.4858295508052333,8.303935230249866e-05,0.010553560138628617,0.9859645305189859,0.9868219429972418,0.3226311343898664,0.0184907546226886
Macrophage,Heme metabolism,20,55,1.2641397151641154,0.0576318931614024,0.21151117804275252,1.357452820714257,0.18018147811364205,-4.371127229187155,5.536801926817651e-05,0.6113886113886113,0.6863136863136863,1.7424530889081127,2.1279016175054104,0.5574200838001707,0.4341515615500137,0.0017510136093560821,0.9859645305189859,0.9868219429972418,0.5625584460264443,0.1144427786106946
Macrophage,VEGF signaling,34,55,-6.017129800577169,-0.7887530322995049,1.5095396989180924e-07,4.378046372592669,5.4082137402166835e-05,-4.895552926224445,8.97349667301167e-06,0.01098901098901099,0.056943056943056944,1.7512114962257697,2.535520189895087,3.8191354382627736e-05,0.001954682966106887,0.0005675736645679881,0.5897435897435898,0.732967032967033,5.79223339140752e-05,0.0004997501249375
Macrophage,Protein processing in ER,31,55,-3.3120757693027434,-0.05517628711158682,0.0016407851549936883,3.721558498799947,0.0004669687929126645,-4.635911863459533,2.2299883897724447e-05,0.18981018981018982,0.2727272727272727,1.7002792323015967,2.1466639642407017,0.03459322035111693,0.008438793186207437,0.0009403117710207143,0.8448979591836734,0.9868219429972418,0.0318046354311983,0.0004997501249375
Macrophage,Lipid met,16,55,0.8400549915023611,0.07694958941667307,0.40451456502983446,-0.8805850590946154,0.3823742381846874,0.6280367989898006,0.5325790669891837,0.7562437562437563,0.7592407592407593,1.7638714341604405,1.6817635588351245,0.7673733128734151,0.6449378817381728,0.7527514187053824,0.9859645305189859,0.9868219429972418,0.710860665534966,0.2083958020989505
Macrophage,Cholesterol met (darkred),26,55,0.9179156659685086,0.08096166876426089,0.36267090612629194,2.9790495666722108,0.004296699559253984,-2.213920301209085,0.030998905915067935,0.7412587412587412,0.7432567432567433,1.8105170830905615,1.8105765803490388,0.739965639112515,0.043482599539650314,0.20638745253979443,0.9859645305189859,0.9868219429972418,0.7230139757919505,0.2283858070964518
Macrophage,Cell cycle,97,55,1.224247681719627,0.18367324512850625,0.22607708396612847,4.089575716847663,0.00014215671864462276,-2.5664754559316334,0.013026389002156049,0.6133866133866134,0.6843156843156843,1.575435803701531,2.042361640436326,0.5805524423182609,0.0032696045288263236,0.11364401439812001,0.9859645305189859,0.9868219429972418,0.6272026468946409,0.1479260369815092
Macrophage,ECM organization,59,55,-1.6243920779655083,-0.18975835629890225,0.11001000810436204,5.368977684368243,1.6410939190217125e-06,-1.4439913956021124,0.15441394843855982,0.5204795204795205,0.6723276723276723,1.6962374164287652,2.5369230283679745,0.4067491267498347,8.303935230249866e-05,0.43407476616617374,0.9859645305189859,0.9868219429972418,0.3882791551590581,0.032983508245877
Macrophage,Apoptosis,52,55,4.761329099272965,0.3897415846830543,1.4396706078460904e-05,5.448013913523379,1.230735564048883e-06,2.6594910015498168,0.010231786997084307,0.052947052947052944,0.14185814185814186,1.7591891239751454,2.5087252244969642,0.0010101333589147866,8.303935230249866e-05,0.09587563371341962,0.6604041120170152,0.8087912087912089,0.0010999347150592,0.0004997501249375
Macrophage,Interferon signaling,59,55,-4.817176465925772,-0.4269965817146796,1.1832450017035171e-05,3.7919477816036666,0.00037349103181823044,-5.024384157594637,5.677784429298895e-06,0.04795204795204795,0.1028971028971029,1.6983987805321235,2.3358261629418813,0.0010101333589147866,0.007268710080770176,0.0005675736645679881,0.6604041120170152,0.7656755009696186,0.0010999347150592,0.0004997501249375
Macrophage,Nrf2 signaling,16,55,2.581411711981802,0.2644117900649104,0.012535309684656317,4.647243280805647,2.1439126247980615e-05,3.4010308123642137,0.0012569544897324753,0.3196803196803197,0.5614385614385614,1.6652487919813979,2.9904334323097594,0.10571444500726829,0.0009040164901231827,0.01766719366123979,0.9541918755401901,0.9868219429972418,0.1401631454060271,0.0019990004997501
Macrophage,Amino acid met,54,55,0.17730691088868944,0.03142054899740465,0.8599186918552811,1.7195432823257053,0.09113902822130239,1.2538885346489435,0.21518598432739094,0.9470529470529471,0.9430569430569431,1.729319515554006,1.6678752806424537,0.9542080221025707,0.3521821161434593,0.49946838564064133,0.9868219429972418,0.9868219429972418,0.5137831850744212,0.0654672663668165
Macrophage,mRNA splicing,52,55,-0.006353326104395169,-0.00051042204693332,0.9949538021176683,3.30477296716844,0.0016767933790226516,-0.5113600053105489,0.6111458731798882,0.996003996003996,0.999000999000999,1.7591281267595962,2.705441901796548,0.9949538021176683,0.0235682624940406,0.7970098243016068,0.996003996003996,0.999000999000999,0.9271246222581262,0.7351324337831084
Macrophage,Fatty acid met,30,55,0.5313220471891485,0.0631616180544382,0.5973350075876974,-0.4139334540090637,0.6805326257195996,-3.0798161750410413,0.003230361085526624,0.8631368631368631,0.8561438561438561,1.7921739973210502,2.03192415251565,0.8685388328717669,0.8608737715352935,0.038918159744677897,0.9868219429972418,0.9868219429972418,0.8726505565021873,0.6571714142928535
Macrophage,Adaptive immunity,93,55,2.378620673804998,0.4239245671055354,0.020877052730678504,4.2293661129477,8.930672537077282e-05,0.010778233395270512,0.99143938183034,0.33266733266733267,0.4695304695304695,1.634626726940078,2.2423695630295253,0.14330085915732327,0.0028243251898506906,0.9988933712035559,0.9541918755401901,0.9868219429972418,0.1466024110851855,0.0034982508745627
Macrophage,Translation,117,55,3.528281945871986,0.4564345148167063,0.0008530421127022966,5.42251246770523,1.3506284830556186e-06,-2.0231700136722526,0.04792680924815024,0.16083916083916083,0.3306693306693307,1.7169779573214483,2.6566677784636368,0.021581965451368104,8.303935230249866e-05,0.24745883142412267,0.812755871579401,0.9868219429972418,0.0300262647981479,0.0004997501249375
Macrophage,Cholesterol met (salmon),12,55,3.6208240938627045,0.4340128002150772,0.0006405468158012638,1.825313008744768,0.07338554024179014,3.5471324404302313,0.0008049336460088486,0.14285714285714285,0.3516483516483517,1.9268143680646745,2.594877938237494,0.018006482710857745,0.3206553499076906,0.014443392337884817,0.812755871579401,0.9868219429972418,0.0300262647981479,0.0004997501249375
Macrophage,Heat stress response,20,55,3.0738414455409755,0.24702468765423446,0.0032859538739948495,1.792242054614369,0.07859509673293803,0.9821036540625296,0.3303493713869306,0.2137862137862138,0.34965034965034963,1.7044723980026046,2.401032661185997,0.05030732724177847,0.33140932455722205,0.6100612478897331,0.8448979591836734,0.9868219429972418,0.0552360238808897,0.0004997501249375
Macrophage,OxPhos,61,55,0.7692704945688079,0.1216757759832616,0.44502392346678654,3.082409735905461,0.0032065039683560584,1.3756697249145853,0.17450070141592577,0.7692307692307693,0.8511488511488512,1.6425216034661867,2.44654156393974,0.7973756765940844,0.03527154365191664,0.4604096669146371,0.9859645305189859,0.9868219429972418,0.8102276250962722,0.3928035982008995
Macrophage,Innate immunity,332,55,-2.40015146858997,-0.323814029062427,0.019800348274544962,5.405498639076652,1.4369592536253772e-06,-1.8932712457296454,0.06358743407517135,0.34565434565434566,0.4875124875124875,1.7191816009107965,2.2998283804417863,0.14330085915732327,8.303935230249866e-05,0.2773727727761785,0.9609950489071369,0.9868219429972418,0.1186515934652446,0.0004997501249375
Macrophage,Chromatin modification (2),169,55,0.2878143333006345,0.05360405523274091,0.7745706262862853,2.737060583905741,0.008332973094447972,2.0775571812663576,0.04243205620295229,0.913086913086913,0.938061938061938,1.6800963462228669,2.082585498531131,0.9188487324942904,0.06800781267404313,0.23337630911623758,0.9868219429972418,0.9868219429972418,0.9902287330629485,0.9330334832583708
Macrophage_Alveolar,Muscle contraction,42,51,-3.0686081958094267,-0.4552007783084828,0.0034399890139337154,0.08758440871789315,0.9305499933641068,-4.984616556789759,7.543536788969526e-06,0.14785214785214784,0.19880119880119881,1.4743858702424086,1.6417163502082506,0.05030732724177847,0.990774748189492,0.0005675736645679881,0.812755871579401,0.913151364764268,0.0552360238808897,0.0004997501249375
Macrophage_Alveolar,Respiration,357,51,-1.302003939203632,-0.27680458837141203,0.19876504460157685,2.5973621555070654,0.012247103904000618,-3.662344177943605,0.0005942511310377316,0.5364635364635365,0.6003996003996004,1.437951822400851,1.685060112455862,0.5466038726543363,0.09113286140329871,0.011565041242503547,0.9859645305189859,0.9868219429972418,0.5430981759991454,0.0849575212393803
Macrophage_Alveolar,Chromatin modification (1),246,51,-0.826320708925586,-0.20463917417684943,0.41247136446203486,3.588750595490518,0.0007449512472427166,-3.471314269264787,0.0010635154159954726,0.6863136863136863,0.7552447552447552,1.3524161822609304,1.7436386526545413,0.7673733128734151,0.012564844370160488,0.015827611779226737,0.9859645305189859,0.9868219429972418,0.7265963652157094,0.24087956021989
Macrophage_Alveolar,Heme metabolism,20,51,0.1797432135882013,0.009974545444707175,0.8580664290144693,0.31100330159298173,0.757065751323369,-2.376222768578045,0.021283942434548852,0.9230769230769231,0.942057942057942,1.4640500983788935,1.8677619791495639,0.9542080221025707,0.9028053666607708,0.15385249816973884,0.9868219429972418,0.9868219429972418,0.8414370806279985,0.5197401299350325
Macrophage_Alveolar,VEGF signaling,34,51,-4.767284568081691,-0.5731823283232121,1.5970487887980814e-05,3.1214662934796804,0.002961741991674378,-3.118967768205572,0.002982865458551583,0.022977022977022976,0.057942057942057944,1.454370640074821,2.21416106660221,0.0010101333589147866,0.03406003290425535,0.03773324805067752,0.5897435897435898,0.732967032967033,0.0010999347150592,0.0004997501249375
Macrophage_Alveolar,Protein processing in ER,31,51,-3.8650583620111676,-0.07558537014631889,0.00031537299974128456,1.5414266092393785,0.12939551067351426,-4.726217910627463,1.8381109317091294e-05,0.06693306693306693,0.11688311688311688,1.5007553572388286,1.8609632508943315,0.011398481276363571,0.40024847249609485,0.0009300841314448194,0.6604041120170152,0.8087912087912089,0.0115111441881005,0.0004997501249375
Macrophage_Alveolar,Lipid met,16,51,3.054518937701373,0.31083987279973696,0.0035791774322213935,-0.2851903396231477,0.776653328253534,2.5083388633256027,0.015352320507711993,0.13386613386613386,0.2217782217782218,1.378349041471396,1.8829339479554341,0.05030732724177847,0.909691166889556,0.12529474478874628,0.7876309736774852,0.913151364764268,0.0552360238808897,0.0004997501249375
Macrophage_Alveolar,Cholesterol met (darkred),26,51,0.7617156550434043,0.067876495727976,0.4497379447784232,2.8988373478748355,0.005510530617814337,-2.15344306243043,0.03603451039878611,0.7302697302697303,0.7512487512487512,1.4440150238891496,1.467063646764843,0.7973756765940844,0.048078364447305566,0.22315665092790304,0.9859645305189859,0.9868219429972418,0.8065073800129431,0.3103448275862069
Macrophage_Alveolar,Cell cycle,97,51,-0.07156391135847262,-0.014104228311322242,0.9432288687949139,1.5453101352797718,0.1284544890803661,-2.9559702127623875,0.0047103069636445305,0.983016983016983,0.972027972027972,1.4617660943646094,1.4233938961454422,0.9723082315227763,0.40024847249609485,0.04965448590841943,0.9869178440607012,0.9868219429972418,0.923160776483672,0.7161419290354822
Macrophage_Alveolar,ECM organization,59,51,-1.8899175568885809,-0.2932754100316076,0.06445882430240187,1.8671230897958153,0.0676372001150635,-3.687024700485508,0.0005506045217366627,0.35564435564435565,0.5164835164835165,1.3285095875974686,1.9781104974762522,0.2831053369310303,0.3206553499076906,0.011565041242503547,0.9640874589328197,0.9868219429972418,0.2879255510439106,0.0099950024987506
Macrophage_Alveolar,Apoptosis,52,51,-0.15911303093675241,-0.016395377565723346,0.8742082648641146,2.640945807939836,0.010946055268485803,-0.17477060885043874,0.8619518706989725,0.945054945054945,0.967032967032967,1.5364796941161492,1.8414858358247543,0.9614226060791788,0.08391975705839115,0.9333221977751729,0.9868219429972418,0.9868219429972418,0.9403140672521828,0.782608695652174
Macrophage_Alveolar,Interferon signaling,59,51,-4.268681197980543,-0.3635204194496834,8.553773718301125e-05,1.5416228347849166,0.1293478311784846,-4.591033727324461,2.9116114477294676e-05,0.03496503496503497,0.08591408591408592,1.374136643513103,1.8616930010001622,0.004328209501460369,0.40024847249609485,0.0010523395661079361,0.5897435897435898,0.7656755009696186,0.0041049235657847,0.0004997501249375
Macrophage_Alveolar,Nrf2 signaling,16,51,0.04794003156584666,0.004594900395860441,0.9619512815690927,2.1521804861851885,0.036138964301113186,0.7187755315394927,0.4755596847976289,0.977022977022977,0.99000999000999,1.5252153805933244,1.8334414858563766,0.9723082315227763,0.20779904473140082,0.7204586841544917,0.9868219429972418,0.9939386010814583,0.9922402964158332,0.9695152423788106
Macrophage_Alveolar,Amino acid met,54,51,-2.9316091147814913,-0.5374355744889925,0.005037283166647358,1.6626321027653537,0.1025208672891758,-1.492884089173106,0.14162851797737083,0.16283716283716285,0.15084915084915085,1.4443897488469841,1.43262529838342,0.06707540216640956,0.3653208369600208,0.4154150087143517,0.812755871579401,0.8281505728314239,0.0608152347744708,0.0004997501249375
Macrophage_Alveolar,mRNA splicing,52,51,-0.27536055453556313,-0.030062698138840355,0.7841518343991439,1.2549557605385668,0.21521520485056903,-0.8454152308173829,0.4018280206207962,0.9000999000999002,0.9310689310689311,1.4626170833586323,1.8607106908088658,0.9188487324942904,0.4864272455083558,0.655887027206848,0.9868219429972418,0.9868219429972418,0.8103764872402766,0.4002998500749625
Macrophage_Alveolar,Fatty acid met,30,51,0.6610026158141438,0.08976229516719161,0.511585735895602,-3.3241920545000894,0.0016473237960242602,-1.3425943846193469,0.18534897569618286,0.7532467532467533,0.8271728271728271,1.41038482778738,2.073949710182453,0.8024160870992861,0.0235682624940406,0.4672577231612891,0.9859645305189859,0.9868219429972418,0.8103764872402766,0.4392803598200899
Macrophage_Alveolar,Adaptive immunity,93,51,-0.9850144823223176,-0.21902523927020762,0.3292671085811564,2.457064206563723,0.01744931639360114,-2.253186383665664,0.02857678268549529,0.6173826173826173,0.6853146853146853,1.3653229699536056,1.6165587318547767,0.7040819788797212,0.11931559588056997,0.19751101722428363,0.9859645305189859,0.9868219429972418,0.5430981759991454,0.0844577711144427
Macrophage_Alveolar,Translation,117,51,-0.9533675626189693,-0.1580638176473331,0.34490080638202186,3.1264149073278187,0.0029203186244374513,-3.317371170369304,0.0016806875517863444,0.6583416583416584,0.7572427572427572,1.3902210362536405,2.0777606223521676,0.7211562315260457,0.03406003290425535,0.022379681610628692,0.9859645305189859,0.9868219429972418,0.6867977161880251,0.2013993003498251
Macrophage_Alveolar,Cholesterol met (salmon),12,51,2.2689449876293835,0.3285449884730184,0.027532936851058527,1.7152144955698507,0.09237658179223057,2.20599722193426,0.03191538313622758,0.33166833166833165,0.2547452547452547,1.6145172484331756,1.6820187001576596,0.16989836642238554,0.3521821161434593,0.20704081880680972,0.9541918755401901,0.9619484992619319,0.1948199240885399,0.0054972513743128
Macrophage_Alveolar,Heat stress response,20,51,0.504325547794088,0.038503735919378446,0.6162046382018586,0.7786447084387179,0.4397869293411022,-1.2164413446756976,0.22941680740388773,0.8171828171828172,0.8761238761238761,1.4178454463606687,1.6668390565702929,0.8843286340259382,0.6997867492031374,0.5276586570289418,0.9868219429972418,0.9868219429972418,0.84249281054182,0.5242378810594702
Macrophage_Alveolar,OxPhos,61,51,-0.43560412892637373,-0.08771370990532805,0.6649621346530901,0.6014585318071775,0.5501989305928506,-1.8342241704903708,0.07245783771718214,0.8221778221778222,0.8501498501498501,1.3687399014277997,1.5472815173492989,0.8843286340259382,0.7764061624613122,0.30766074501702106,0.9868219429972418,0.9868219429972418,0.8464786258198376,0.5377311344327836
Macrophage_Alveolar,Innate immunity,332,51,-2.5571940372609667,-0.3963048157322776,0.013569522209497201,3.283161369610473,0.001857896037417017,-1.9122825065276323,0.06146459636711067,0.21678321678321677,0.3076923076923077,1.4405886673058057,1.7478629732386606,0.10728403496883726,0.02473935249823712,0.27377243978036436,0.8448979591836734,0.9868219429972418,0.098316566997907,0.000999500249875
Macrophage_Alveolar,Chromatin modification (2),169,51,-1.4169486054475906,-0.2911304290565295,0.16257797136282284,0.9336250162200592,0.35489672655980353,0.4796656710773923,0.6335158487440998,0.4785214785214785,0.5604395604395604,1.339018614669021,1.6039085149592816,0.5111023099529574,0.6158594179159677,0.8094924733952387,0.9859645305189859,0.9868219429972418,0.4706938337945699,0.0459770114942528
NK,Muscle contraction,42,34,2.4350688512487655,0.3563111638862053,0.020287154797343082,-0.47510109802243344,0.6377528536329791,2.9606418327505604,0.005562305757258245,0.061938061938061936,0.15984015984015984,0.9031360403177457,1.3852354643662292,0.14330085915732327,0.831708618397648,0.054125513714859075,0.6604041120170152,0.8424908424908425,0.1383393504412053,0.0074962518740629
NK,Respiration,357,34,1.63852916467089,0.5696614795282505,0.11053399360252682,1.4411813755052898,0.1586806735478906,1.652279916676726,0.10768441276984006,0.1938061938061938,0.2037962037962038,0.8501362486244601,0.878540329436309,0.4067491267498347,0.41660972350969483,0.35382021338661734,0.8448979591836734,0.913151364764268,0.4102178113871618,0.0579710144927536
NK,Chromatin modification (1),246,34,2.233115121726242,0.8291424637188558,0.032230580083417434,1.7244391095096567,0.09371058752985124,1.9379532276348757,0.060969694078424515,0.07792207792207792,0.12287712287712288,0.8429775690065973,0.97910779936909,0.19415087526439548,0.3521821161434593,0.27377243978036436,0.6604041120170152,0.8087912087912089,0.192386212379271,0.0109945027486256
NK,Heme metabolism,20,34,2.785187339873649,0.3127296551623462,0.008681465974625982,1.2972769418586985,0.20326985492929586,-0.5965931518445098,0.5547309602956001,0.027972027972027972,0.0989010989010989,0.9051810120353512,1.0969699224570406,0.08540358281185487,0.47180984676249405,0.7669231309004744,0.5897435897435898,0.7656755009696186,0.098316566997907,0.0049975012493753
NK,VEGF signaling,34,34,0.6419298591550631,0.13030251225646883,0.525223429075751,-0.4021806112534513,0.6900684006359906,0.458857900712993,0.6492562111155601,0.6273726273726273,0.5604395604395604,0.9281404932886346,0.732522735466387,0.8024160870992861,0.8626040184907723,0.814356302607515,0.9859645305189859,0.9868219429972418,0.8102276250962722,0.4372813593203398
NK,Protein processing in ER,31,34,-0.1161812565439927,-0.004269110318877736,0.9081924200264769,-1.433099307012499,0.16096138151575587,-1.1281355602385275,0.2671606985460184,0.9310689310689311,0.9370629370629371,0.8923118255471822,1.1028688004453577,0.9723082315227763,0.41660972350969483,0.5704510947054283,0.9868219429972418,0.9868219429972418,0.9902287330629485,0.9245377311344328
NK,Lipid met,16,34,1.7945970668622262,0.725493622114492,0.08161362602376497,-0.09546738495069189,0.9245040616145912,1.1377903469785298,0.2631626797722187,0.1918081918081918,0.1018981018981019,0.8990805672390603,0.7402306409187891,0.3226288653751959,0.990774748189492,0.5704510947054283,0.8448979591836734,0.7656755009696186,0.332157342741452,0.0374812593703148
NK,Cholesterol met (darkred),26,34,0.6350323350870328,0.03788712677418465,0.5296580495872758,-0.3997440471299944,0.6918453371360604,0.8909512210806146,0.37921705353218005,0.6253746253746254,0.6593406593406593,0.8677607438470671,0.8669191038884758,0.8024160870992861,0.8626040184907723,0.6502259263838308,0.9859645305189859,0.9868219429972418,0.8102276250962722,0.4512743628185907
NK,Cell cycle,97,34,2.6591612203162125,0.6895932516554761,0.011858840076934829,0.16789115020355225,0.8676636111659716,1.8503897901673927,0.07296302253368088,0.03396603396603397,0.054945054945054944,0.866877087209507,0.9606839896067968,0.10345815653325902,0.9729898563629011,0.30766074501702106,0.5897435897435898,0.732967032967033,0.0711971428108632,0.0019990004997501
NK,ECM organization,59,34,2.770223316132317,0.3471977205448441,0.009012188888767293,1.9344452239505725,0.06141521705988018,1.352002677520395,0.18530021297596988,0.03196803196803197,0.013986013986013986,0.8817435504443375,0.7756422818981638,0.08540358281185487,0.3046676454146997,0.4672577231612891,0.5897435897435898,0.6571428571428571,0.0839811355786806,0.0019990004997501
NK,Apoptosis,52,34,0.15489415778298782,0.047984617805927984,0.8778206403331632,1.1239937684302808,0.2688891109385744,-0.4485036888632325,0.6566351214700912,0.9140859140859141,0.906093906093906,0.8806148491641104,0.8865141298065073,0.9614226060791788,0.5273561633136382,0.814356302607515,0.9868219429972418,0.9868219429972418,0.9686821063475256,0.8590704647676162
NK,Interferon signaling,59,34,-0.2661445342638279,-0.031616957084789066,0.7917352714772937,1.1142761663136886,0.2729758058136758,-0.46699312904918727,0.643483723726345,0.8191808191808192,0.8611388611388612,0.8176047075306377,1.067024121769765,0.9188487324942904,0.5312529143912306,0.8140069105138265,0.9868219429972418,0.9868219429972418,0.6660367157207386,0.2368815592203898
NK,Nrf2 signaling,16,34,2.001774816848103,0.3819079807463076,0.05333945337373955,1.2432375665156996,0.2222852673860995,1.792903057597558,0.08188934086606862,0.22677322677322678,0.06293706293706294,1.0472095883727304,0.9952469341880827,0.2662842613053781,0.4890275882494189,0.32785740442211725,0.8448979591836734,0.7582417582417582,0.2591662111839333,0.0149925037481259
NK,Amino acid met,54,34,0.3802674311868647,0.1109269401897623,0.7061122537001745,1.8453609786451135,0.07370924172895285,0.033740328432663724,0.9732815248765629,0.7862137862137862,0.7832167832167832,0.8511457174505568,0.9591871822985454,0.8916131032065975,0.3206553499076906,0.9889165694528933,0.9859645305189859,0.9868219429972418,0.8102276250962722,0.448775612193903
NK,mRNA splicing,52,34,0.044682229148285624,0.009218082099304983,0.964622000443545,0.4976303779332222,0.621947897947039,-0.3749438733751789,0.7100309584349102,0.978021978021978,0.9790209790209791,0.831928898121072,0.9809140380303343,0.9723082315227763,0.8152995760652894,0.8415121001876164,0.9868219429972418,0.9868219429972418,0.9902287330629485,0.925537231384308
NK,Fatty acid met,30,34,0.699800489899732,0.3025211656078505,0.4888126543001898,-0.6495648421541818,0.5203379147521265,1.1745782102549407,0.24832471567949785,0.5864135864135864,0.46653346653346656,0.8534131556067859,0.6430201175976578,0.8024160870992861,0.768001606044328,0.5511066058501136,0.9859645305189859,0.9868219429972418,0.8102276250962722,0.3938030984507746
NK,Adaptive immunity,93,34,1.9056086543848296,0.5910873328598313,0.0651853453545244,1.6700886175382654,0.10408447162502449,-0.08974537925404863,0.9290161551001452,0.13086913086913088,0.21078921078921078,0.8130419813963532,1.0605923779654367,0.2831053369310303,0.36574126834904436,0.9686461545970944,0.7876309736774852,0.913151364764268,0.2560487043407816,0.0139930034982508
NK,Translation,117,34,0.4500923714839582,0.12025057627768725,0.6555006509580928,1.7342127522771102,0.09194008965943168,-0.6049144214144975,0.5492521454637161,0.7152847152847153,0.7092907092907093,0.8062399812281618,0.8061690036096969,0.8843286340259382,0.3521821161434593,0.7635208395731878,0.9859645305189859,0.9868219429972418,0.8414370806279985,0.5557221389305347
NK,Cholesterol met (salmon),12,34,1.4237441966515243,0.3535772354146143,0.16363354587426696,1.8528457639993496,0.07260093616937133,0.6418133548044629,0.525298168037028,0.4865134865134865,0.3626373626373626,1.38235047074541,1.2179747282158786,0.5111023099529574,0.3206553499076906,0.7508499238043395,0.9859645305189859,0.9868219429972418,0.4957155246431003,0.0934532733633183
NK,Heat stress response,20,34,1.135289793233655,0.11262587044874892,0.26419398995859383,-0.5331888338362089,0.5973712271524354,0.256196349316628,0.7993430410800092,0.4175824175824176,0.3106893106893107,0.9431833308303041,0.7213107501189495,0.6232766505633736,0.7984465141760522,0.8948397760762935,0.9857142857142857,0.9868219429972418,0.4815678209966811,0.0819590204897551
NK,OxPhos,61,34,3.214498382259834,0.6246352308642862,0.0028614463608511993,0.37624541775259157,0.7090721383044921,3.119379198080609,0.003680564461902216,0.011988011988011988,0.025974025974025976,0.8716262599675635,1.021838350160904,0.05030732724177847,0.8708507329661966,0.042326491311875485,0.5897435897435898,0.6571428571428571,0.0552360238808897,0.000999500249875
NK,Innate immunity,332,34,1.8629502531931788,0.48856929911652514,0.07112734291894243,0.785050008520931,0.43786059458832316,0.8809872723865442,0.3845101774052353,0.14885114885114886,0.23176823176823177,0.8581954193403027,1.0238687325695106,0.2950035698113514,0.6997867492031374,0.6502259263838308,0.812755871579401,0.9305694305694305,0.5814024147546853,0.1689155422288855
NK,Chromatin modification (2),169,34,1.9400690151148527,0.37514693153852735,0.06070233914708969,2.2770030734574194,0.029197674848204104,3.5884865149091074,0.0010345219411491574,0.12187812187812187,0.1008991008991009,0.8290750653141057,0.8060418210234997,0.2797977890842809,0.17588123182370566,0.015827611779226737,0.7876309736774852,0.7656755009696186,0.2879255510439106,0.0299850074962518
T,Muscle contraction,42,30,0.9820032700631636,0.14461542334330665,0.33395192674136975,-0.6265072805525584,0.5357208926188133,-0.11894641719691339,0.9061107359658367,0.4275724275724276,0.5244755244755245,0.8292691763783503,1.0400557251324458,0.7040819788797212,0.774233338485836,0.9686461545970944,0.9857142857142857,0.9868219429972418,0.710860665534966,0.2703648175912044
T,Respiration,357,30,-0.467582351175845,-0.17403720782116477,0.6434621491956635,-0.15528073736462822,0.8776400891863533,-0.5284810606290035,0.6010536633470938,0.7132867132867133,0.7092907092907093,0.830939221639825,0.9370567756759247,0.8843286340259382,0.9738725551059095,0.7970098243016068,0.9859645305189859,0.9868219429972418,0.8243770191428417,0.5122438780609695
T,Chromatin modification (1),246,30,1.019777891071303,0.36357266717895365,0.31598765167678183,0.4340540049735217,0.6673549927139008,0.48763383722337483,0.6293539453353344,0.41358641358641357,0.47352647352647353,0.8491108837552757,0.9563683356774063,0.6832895373865453,0.8551938889605797,0.8082565896946173,0.9857142857142857,0.9868219429972418,0.7997687573553424,0.3338330834582708
T,Heme metabolism,20,30,-0.8355601113577116,-0.11715001484501503,0.41000798844057573,-0.18120843590838784,0.8574227081525407,-1.3781803135245647,0.1783405033898594,0.5264735264735265,0.5384615384615384,0.8846947274370174,0.9317011932305523,0.7673733128734151,0.972771054540775,0.4604096669146371,0.9859645305189859,0.9868219429972418,0.7230139757919505,0.2703648175912044
T,VEGF signaling,34,30,-1.8212041679208515,-0.45853679295979616,0.07856269582044373,0.06490974950361837,0.9486764704595746,-1.7829562874679363,0.08471588507297377,0.16383616383616384,0.14385614385614387,0.8549808956735889,0.9535170786142884,0.31549781019955975,0.990774748189492,0.32785740442211725,0.812755871579401,0.8087912087912089,0.3130647348030498,0.0219890054972513
T,Protein processing in ER,31,30,-1.1567281921938937,-0.046936186431724286,0.2565115664598722,0.27253282296892634,0.7870794911352285,-1.087279534392741,0.2855720434963331,0.3676323676323676,0.4905094905094905,0.8567137084843635,1.120787084574705,0.6232766505633736,0.9176548905862341,0.588052069102835,0.9640874589328197,0.9868219429972418,0.5814024147546853,0.1474262868565717
T,Lipid met,16,30,1.9122699002151686,0.39911197329125514,0.06543243940169252,-0.9251315346316993,0.36227991241651425,2.678432989187212,0.011884735602574631,0.1258741258741259,0.17782217782217782,0.8688183964792404,0.976828530622808,0.2831053369310303,0.6158594179159677,0.10738707526612078,0.7876309736774852,0.8700338123415046,0.2879255510439106,0.0229885057471264
T,Cholesterol met (darkred),26,30,-0.8842815111036789,-0.04991968873875895,0.38357663369465617,-0.7307334064918696,0.47061087411173663,0.3351258484112057,0.7398622956829797,0.5014985014985015,0.6973026973026973,0.8884504693162157,1.3459002825414061,0.7581631900370939,0.7230187096544859,0.8626044276856859,0.9859645305189859,0.9868219429972418,0.7893003226123316,0.3238380809595202
T,Cell cycle,97,30,2.124468447543916,1.010183301051703,0.04198483957155084,-0.4308462527441052,0.6696600912696621,0.9741060789943194,0.33779342140223945,0.0999000999000999,0.0899100899100899,0.8457143749683735,0.772425997615287,0.2355775095098317,0.8551938889605797,0.6192879392374391,0.6967626967626969,0.7656755009696186,0.2591662111839333,0.0189905047476261
T,ECM organization,59,30,1.1322706298584821,0.18225709751850697,0.2664898718971995,-1.714828266082998,0.09669085599809195,-0.03832825551683992,0.9696798882426267,0.37362637362637363,0.34465534465534464,0.8130690674159773,0.8335437926580835,0.6232766505633736,0.3545331386596705,0.9889165694528933,0.9645660461986993,0.9868219429972418,0.5818442222378511,0.169415292353823
T,Apoptosis,52,30,1.242008814246351,0.2918521594755866,0.2238555931424181,-0.04953783596023952,0.9608190349042401,1.5618429083075542,0.12881351443579395,0.30569430569430567,0.21978021978021978,0.8437399908573888,0.625978761222163,0.5805524423182609,0.990774748189492,0.4121140788954726,0.9470409108963327,0.913151364764268,0.5614804113034008,0.1309345327336331
T,Interferon signaling,59,30,-2.230673161230614,-0.698814713073154,0.033329805143675444,0.11610854960018109,0.9083402742435934,-1.6857872958229796,0.10221207895710042,0.07092907092907093,0.04795204795204795,0.7877089222543134,0.6880917068251404,0.196103272124416,0.9905607301018496,0.34707294517768683,0.6604041120170152,0.732967032967033,0.0302013492580476,0.0004997501249375
T,Nrf2 signaling,16,30,0.6424513428149716,0.13983840497804575,0.5254599059516778,0.7292008148913319,0.47153394107901253,0.6545305917819055,0.5177570431122003,0.6663336663336663,0.5354645354645354,1.0138141774063718,0.6957028110345128,0.8024160870992861,0.7230187096544859,0.7485287537564953,0.9859645305189859,0.9868219429972418,0.8159490172913295,0.4847576211894053
T,Amino acid met,54,30,-0.6866711827207739,-0.1466384066195156,0.4975637499152198,-0.31224079583945075,0.7570175347624021,-0.9322537691626555,0.3586479470716558,0.5904095904095904,0.6143856143856143,0.8286511066460783,0.9182779771585748,0.8024160870992861,0.9028053666607708,0.6298366852282404,0.9859645305189859,0.9868219429972418,0.8065073800129431,0.3408295852073963
T,mRNA splicing,52,30,-0.3821970352684486,-0.09548930703349909,0.7050094277529648,0.9324939917478129,0.3585258668830632,-0.959400785271305,0.34502581864613624,0.7772227772227772,0.7312687312687313,0.8493199789591075,0.7802893304355605,0.8916131032065975,0.6158594179159677,0.6279966339386508,0.9859645305189859,0.9868219429972418,0.8464786258198376,0.5777111444277861
T,Fatty acid met,30,30,-0.6277768143679731,-0.17476657835317963,0.534899998866428,-0.9250211020178936,0.36233641720014675,0.537565015193575,0.5948429064131745,0.5974025974025974,0.5774225774225774,0.8272105685521108,0.7591750387854406,0.8055339268643231,0.6158594179159677,0.796271192182715,0.9859645305189859,0.9868219429972418,0.8102276250962722,0.4322838580709645
T,Adaptive immunity,93,30,1.3151940669556792,0.6741255748880818,0.19840909378634256,-0.3247223814559651,0.7476447716281233,0.9997272507363084,0.3254384581487368,0.27372627372627373,0.23576423576423577,0.771844183338881,0.7926031918021497,0.5466038726543363,0.9028053666607708,0.6100612478897331,0.9233699633699634,0.9305694305694305,0.5600465214546414,0.1209395302348825
T,Translation,117,30,2.8794287464074158,0.6708080425787875,0.007281784825787597,-0.9510058749714713,0.3492008230475553,-0.22366994773161428,0.8245303125126833,0.02197802197802198,0.04095904095904096,0.7872849170979426,0.9272441931422877,0.08324279638759949,0.6158594179159677,0.9185731455475051,0.5897435897435898,0.732967032967033,0.1004288100129579,0.0019990004997501
T,Cholesterol met (salmon),12,30,0.6371675154942911,0.19647866932208355,0.5288486394052659,0.5677510764483819,0.574428861608721,0.08815611346216157,0.9303384504111736,0.7292707292707292,0.6383616383616384,1.251782913413483,0.9212503592909019,0.8024160870992861,0.7920109608631036,0.9686461545970944,0.9859645305189859,0.9868219429972418,0.8243770191428417,0.5177411294352824
T,Heat stress response,20,30,0.3008712064118519,0.0392334568659015,0.765588114689445,-0.8171320417694466,0.4202951704738121,0.9900698547627161,0.33005870495832973,0.8201798201798202,0.7142857142857143,0.8722562019917979,0.6481105772856208,0.9179800616892397,0.686030181483061,0.6100612478897331,0.9868219429972418,0.9868219429972418,0.8726505565021873,0.6551724137931034
T,OxPhos,61,30,0.23235270979130787,0.059319527213200426,0.8178419059334872,-1.1656493601419353,0.2529405347210289,0.7761318995455978,0.44374730738352197,0.8621378621378621,0.8561438561438561,0.8522334539281838,0.8351392094476148,0.9358713535684084,0.5038894116883489,0.6830357823701946,0.9868219429972418,0.9868219429972418,0.9686821063475256,0.8620689655172413
T,Innate immunity,332,30,1.3731857137968244,0.3532304257427356,0.17987169179025367,-0.16622099469044305,0.86909825452337,2.5336916682908877,0.016746795317052157,0.26873126873126874,0.2817182817182817,0.8235276736114558,0.8418483206026107,0.5417564050349306,0.9729898563629011,0.13240435047544363,0.9187704187704189,0.9868219429972418,0.5614804113034008,0.1499250374812593
T,Chromatin modification (2),169,30,0.360712030029646,0.0990720483735453,0.7208423250591762,0.036413061718363025,0.9711942195691463,0.30045050130319734,0.7659058358413644,0.7612387612387612,0.7802197802197802,0.8448067560835955,0.8432517403989139,0.8939858247057431,0.990774748189492,0.876806228361381,0.9859645305189859,0.9868219429972418,0.8103764872402766,0.4927536231884058
T_Cytotoxic,Muscle contraction,42,37,1.5492362521325311,0.18184246023206263,0.129837084066464,-1.424628942948145,0.16264509290991083,1.696838443414271,0.09812570413965609,0.1968031968031968,0.32967032967032966,0.8036652151143198,1.0448520620628472,0.45623308706688037,0.41660972350969483,0.3463612165212756,0.8448979591836734,0.9868219429972418,0.4102178113871618,0.0579710144927536
T_Cytotoxic,Respiration,357,37,-0.8359234101430335,-0.2520728515673685,0.4085640324479243,0.051424111331967684,0.9592642002365461,-0.6851833955681217,0.49749866572455564,0.5014985014985015,0.4995004995004995,0.8367464289081722,0.8311936733543093,0.7673733128734151,0.990774748189492,0.7257759972686012,0.9859645305189859,0.9868219429972418,0.5465146983362644,0.1054472763618191
T_Cytotoxic,Chromatin modification (1),246,37,-0.6808607500331801,-0.25251825665201744,0.5001986710460532,0.05959253489823451,0.9528008768302673,-0.46679786030571785,0.6433816311285214,0.5814185814185814,0.6203796203796204,0.8472278763188734,0.9370255772708881,0.8024160870992861,0.990774748189492,0.8140069105138265,0.9859645305189859,0.9868219429972418,0.8102276250962722,0.391304347826087
T_Cytotoxic,Heme metabolism,20,37,0.24489712256419707,0.025297406717072833,0.8078892541023202,0.4625543492995821,0.646392671232842,-0.7001938511044932,0.48818589910019544,0.8501498501498501,0.7762237762237763,0.826963273791866,0.5671278277561005,0.9333149830497123,0.8386530554969694,0.7222867396043827,0.9868219429972418,0.9868219429972418,0.9680630615068608,0.8225887056471765
T_Cytotoxic,VEGF signaling,34,37,-2.781380785311437,-0.36436778720484014,0.008466088930822667,-0.9357961081118682,0.3554461427459932,-2.1506759702265894,0.038102988974781773,0.03296703296703297,0.014985014985014986,0.8023553783152431,1.1224617866430746,0.08540358281185487,0.6158594179159677,0.22315665092790304,0.5897435897435898,0.6571428571428571,0.0839811355786806,0.000999500249875
T_Cytotoxic,Protein processing in ER,31,37,-1.4954031898765254,-0.06244615804245867,0.14329053120513954,-0.6005171110540393,0.5518225743099517,-1.527264848277939,0.135199480428159,0.23176823176823177,0.22377622377622378,0.8547206841302248,0.826339221324842,0.4841829482007294,0.7764061624613122,0.4121140788954726,0.8448979591836734,0.913151364764268,0.4696319965172124,0.0614692653673163
T_Cytotoxic,Lipid met,16,37,2.7522516784953552,0.5582040872236873,0.009114216347510203,0.39312909102951593,0.6964802227926962,2.408784942153656,0.021100971975134393,0.024975024975024976,0.05194805194805195,0.8054000471931411,1.0201017807294996,0.08540358281185487,0.8637720410125105,0.15385249816973884,0.5897435897435898,0.732967032967033,0.0872182885449914,0.0004997501249375
T_Cytotoxic,Cholesterol met (darkred),26,37,0.6383056663818728,0.034508980706209905,0.5272060517127272,0.1959075849731294,0.8457544963113269,2.2736152074082296,0.02888501042410472,0.5904095904095904,0.5644355644355644,0.7821661185169159,0.7592879427217296,0.8024160870992861,0.9670382599253671,0.19751101722428363,0.9859645305189859,0.9868219429972418,0.8102276250962722,0.3803098450774613
T_Cytotoxic,Cell cycle,97,37,1.7536612332370045,0.6978335965025311,0.08776991419476377,-1.042789644564282,0.30381155450419145,2.1433039523989175,0.038730697025939384,0.15184815184815184,0.13986013986013987,0.8391732011614386,0.7875452423031041,0.3416275121734651,0.5723712490086605,0.22315665092790304,0.812755871579401,0.8087912087912089,0.3921331108530101,0.0424787606196901
T_Cytotoxic,ECM organization,59,37,0.6772181908803464,0.11531806390026211,0.50248014987212,-2.5125263276452747,0.016475349257008248,0.5365426087293309,0.5947952134532611,0.5664335664335665,0.6003996003996004,0.7938119649192981,0.8825229403039834,0.8024160870992861,0.11578509338953018,0.796271192182715,0.9859645305189859,0.9868219429972418,0.8102276250962722,0.3813093453273363
T_Cytotoxic,Apoptosis,52,37,0.3428716365107266,0.09286005201228942,0.7336354468637867,-1.1897264337430753,0.24173246848796465,0.08964913652831366,0.9290495724237272,0.7792207792207793,0.7222777222777222,0.760915559669294,0.6506058560457675,0.8966655461668503,0.49292732738715567,0.9686461545970944,0.9859645305189859,0.9868219429972418,0.8765862759231935,0.7251374312843578
T_Cytotoxic,Interferon signaling,59,37,-0.3906659664313545,-0.049469604645082155,0.6982845344123736,0.19231464557076655,0.848547405942417,0.04543836077853606,0.9640022635516283,0.7832167832167832,0.6613386613386614,0.8695421273566222,0.613741868605795,0.8916131032065975,0.9670382599253671,0.9874193225852711,0.9859645305189859,0.9868219429972418,0.4596406582142395,0.0544727636181909
T_Cytotoxic,Nrf2 signaling,16,37,0.4506083969286546,0.12206856528334521,0.6549013830878011,0.012829720652559086,0.9898325753982794,0.2568845336213607,0.7986910547047583,0.7282717282717283,0.42857142857142855,0.9373432905235263,0.37398314325059595,0.8843286340259382,0.9984263013464003,0.8948397760762935,0.9859645305189859,0.9868219429972418,0.8535381038077803,0.5957021489255372
T_Cytotoxic,Amino acid met,54,37,-1.2869608964038761,-0.3455740031626345,0.2061013793635931,-0.7141258239473408,0.47963052284210633,-0.35641589389718015,0.7235536185014323,0.2787212787212787,0.3546453546453546,0.8651070597624042,0.938975506228914,0.5570922347513968,0.7266258819104965,0.8514375138644762,0.9278484673221515,0.9868219429972418,0.6181122286511159,0.1709145427286356
T_Cytotoxic,mRNA splicing,52,37,2.4766082857199714,0.5402798244538134,0.01796022944006264,-1.2356543586099353,0.2243751982537624,0.19405464292882416,0.8471945993930018,0.054945054945054944,0.03596403596403597,0.8128865203497524,0.8225964096208525,0.13769509237381358,0.4893700444672576,0.9238803174415062,0.6604041120170152,0.732967032967033,0.1514820562544465,0.0019990004997501
T_Cytotoxic,Fatty acid met,30,37,0.45452369468253295,0.13342806987100103,0.6521074290176874,-1.255250692783221,0.21725801874483874,0.5876561066403321,0.5603327979973546,0.7242757242757243,0.7592407592407593,0.8485889935476829,0.9526594989662374,0.8843286340259382,0.4864272455083558,0.7704575972463625,0.9859645305189859,0.9868219429972418,0.8726505565021873,0.6371814092953523
T_Cytotoxic,Adaptive immunity,93,37,1.9337166822723433,0.8359195678134171,0.060825606322669756,-0.011033763829186742,0.9912557889746483,1.793020576596307,0.08114776014956813,0.0969030969030969,0.17882117882117882,0.7711757709222182,0.9724393537577813,0.2797977890842809,0.9984263013464003,0.32785740442211725,0.6967626967626969,0.8700338123415046,0.2905630943559927,0.0154922538730634
T_Cytotoxic,Translation,117,37,-0.19384143247397592,-0.05775989812094387,0.847360340339944,-1.5166997912620144,0.13784070762241232,-2.439203589854778,0.01963534774954829,0.8661338661338661,0.8981018981018981,0.8143423944157391,0.8647430114660244,0.9528096271378037,0.4012810068797967,0.1505376660798702,0.9868219429972418,0.9868219429972418,0.9902287330629485,0.9590204897551224
T_Cytotoxic,Cholesterol met (salmon),12,37,-0.05207075954649613,-0.014432396728563501,0.9587524277888526,-0.861513455688048,0.39450438787781106,-0.5171546639959089,0.6081261750764261,0.964035964035964,0.9270729270729271,1.1757637554883968,0.6297161458097508,0.9723082315227763,0.6566421719281987,0.7970098243016068,0.9868219429972418,0.9868219429972418,0.9902287330629485,0.9035482258870564
T_Cytotoxic,Heat stress response,20,37,0.8253493281876697,0.09432894772256353,0.4144632407394231,0.07219189678172126,0.9428380316988583,-0.7043307971156091,0.48563656428748914,0.4865134865134865,0.5304695304695305,0.8023750616356596,0.8802142456465196,0.7673733128734151,0.990774748189492,0.7222867396043827,0.9859645305189859,0.9868219429972418,0.7452074506027296,0.2903548225887056
T_Cytotoxic,OxPhos,61,37,1.6330943969643348,0.3489491885119417,0.11093158002268219,0.6441053203919977,0.5234802340294823,2.058771428553419,0.04660807333668235,0.18181818181818182,0.3036963036963037,0.8456876287796005,1.1281144785167379,0.4067491267498347,0.768001606044328,0.24745883142412267,0.8448979591836734,0.9868219429972418,0.3700097175290825,0.0274862568715642
T_Cytotoxic,Innate immunity,332,37,0.77499304259061,0.3114925873700833,0.4432687066519891,-0.5793969724621052,0.5658326286171911,1.7616676456464087,0.08638723743384051,0.5214785214785215,0.5384615384615384,0.8125775768636398,0.8259822367391416,0.7973756765940844,0.7865695331876338,0.32785740442211725,0.9859645305189859,0.9868219429972418,0.8159490172913295,0.4617691154422789
T_Cytotoxic,Chromatin modification (2),169,37,0.9425135539955606,0.1940812043879685,0.35204350896753156,0.6110520690572435,0.5449010867773246,1.1773072449834499,0.2465907979873655,0.4435564435564436,0.46153846153846156,0.8282088779013441,0.8593998738698709,0.7241220143803697,0.7764061624613122,0.5511066058501136,0.9859645305189859,0.9868219429972418,0.7265963652157094,0.2878560719640179
cDC2,Muscle contraction,42,27,-2.923132051727592,-0.8424495516876398,0.0069311424577284475,-2.576470634680274,0.01576926284755108,-3.1473541921398707,0.003991547866524748,0.03296703296703297,0.04795204795204795,0.9337496610566596,0.9660147987432546,0.08324279638759949,0.11398924286944066,0.043907026531772225,0.5897435897435898,0.732967032967033,0.0759560646385652,0.0004997501249375
cDC2,Respiration,357,27,0.6723512220728012,0.1395612829777244,0.5070736281319792,0.84402800000971,0.4060701303518669,-0.8856266789508286,0.3836386226626885,0.6073926073926074,0.6543456543456544,0.8939560296062556,1.0194806784654469,0.8024160870992861,0.6671152141494956,0.6502259263838308,0.9859645305189859,0.9868219429972418,0.8159490172913295,0.4232883558220889
cDC2,Chromatin modification (1),246,27,-0.8214811582115595,-0.2679480604283126,0.41856726156731733,2.084893398030685,0.04666543742693488,-1.75103151855281,0.09129574703949998,0.5334665334665335,0.6053946053946054,0.8981131431588616,1.0804380357273553,0.7673733128734151,0.24596574310446928,0.3396738823675514,0.9859645305189859,0.9868219429972418,0.6785791820920618,0.1714142928535732
cDC2,Heme metabolism,20,27,2.1256013898044914,0.21072944026520019,0.04283227445633304,1.4380531524967206,0.1619096362321624,-0.9515107419529465,0.34978591398067843,0.12987012987012986,0.24275724275724275,0.9576170614649215,1.2370111350115405,0.2355775095098317,0.41660972350969483,0.6298366852282404,0.7876309736774852,0.9305694305694305,0.2591662111839333,0.0039980009995002
cDC2,VEGF signaling,34,27,1.3441176537056405,0.1598667161522134,0.19009630938818708,1.213061050868881,0.23561307612875157,0.929289115261908,0.3609735943007702,0.3436563436563437,0.29270729270729273,0.9349725449443145,0.811511053609608,0.5466038726543363,0.49292732738715567,0.6298366852282404,0.9609950489071369,0.9868219429972418,0.5430981759991454,0.0599700149925037
cDC2,Protein processing in ER,31,27,-0.5867780863062992,-0.05542019882331365,0.5622273695601127,-1.2649682972731076,0.21669199352259236,-0.7766955958493295,0.444090002837354,0.6673326673326674,0.7622377622377622,0.9264335875226906,1.1975251799858904,0.8269972354576076,0.4864272455083558,0.6830357823701946,0.9859645305189859,0.9868219429972418,0.9922402964158332,0.974512743628186
cDC2,Lipid met,16,27,1.360803374006658,0.21877170554602993,0.18482745494992311,-0.7472429685336257,0.46137539693471363,1.6882260482407954,0.10288723671275302,0.2997002997002997,0.4005994005994006,0.8892275606477513,1.0909956968128773,0.5466038726543363,0.7205430581758182,0.34707294517768683,0.9470409108963327,0.9868219429972418,0.5465146983362644,0.0629685157421289
cDC2,Cholesterol met (darkred),26,27,0.1039597901965756,0.015179115396626384,0.9179696479765692,0.1497734056656491,0.8820566002438398,-0.4433241287794697,0.6610633948549985,0.9280719280719281,0.9330669330669331,0.8858711738727649,0.9257449564445188,0.9723082315227763,0.9744992133698318,0.8158087918581362,0.9868219429972418,0.9868219429972418,0.9686821063475256,0.8450774612693653
cDC2,Cell cycle,97,27,0.3780401637236219,0.11754051923807313,0.7083566551167039,1.320832811579613,0.1976433313661626,-0.8096635163241896,0.4252120066483729,0.7722277722277723,0.8051948051948052,0.9238509097696659,1.0598337819372323,0.8916131032065975,0.4629978040336958,0.6765952055474109,0.9859645305189859,0.9868219429972418,0.8102276250962722,0.3718140929535232
cDC2,ECM organization,59,27,1.1514836528817247,0.3939170345547668,0.25962832658001456,0.36389517095604984,0.7187704271981864,1.0575953263532978,0.29961094414199935,0.4005994005994006,0.4485514485514486,0.9427395511991534,1.0423219384527438,0.6232766505633736,0.8784971887977834,0.588052069102835,0.9769653423499577,0.9868219429972418,0.6181122286511159,0.1154422788605697
cDC2,Apoptosis,52,27,1.068222779620398,0.1710968385964105,0.29487818619170675,1.586428109528077,0.12428591782812509,-0.06045241525996585,0.9522405679808397,0.43656343656343655,0.4195804195804196,0.9489269376251755,0.9142770051939718,0.6431394922974294,0.40024847249609485,0.983334137547561,0.9859645305189859,0.9868219429972418,0.6526019131556037,0.1514242878560719
cDC2,Interferon signaling,59,27,-3.6365061128299647,-0.8311949277279801,0.0011480025079489305,1.8636811765898804,0.07327640179755941,-1.742516667137091,0.09279931322842773,0.008991008991008992,0.016983016983016984,0.9423872726286909,1.205852409992572,0.026404057682825402,0.3206553499076906,0.34026414850423503,0.5897435897435898,0.6571428571428571,0.0300262647981479,0.0004997501249375
cDC2,Nrf2 signaling,16,27,0.07206624057906723,0.0221763669031204,0.9430803895031045,1.4406686644730626,0.1611751717951173,0.43339103243671667,0.6681736358655184,0.9630369630369631,0.971028971028971,1.0260616875217026,1.2008908175764808,0.9723082315227763,0.41660972350969483,0.8158087918581362,0.9868219429972418,0.9868219429972418,0.9902287330629485,0.9270364817591203
cDC2,Amino acid met,54,27,2.4075271641930405,0.6379705456881162,0.0231650146628031,1.7593766397039166,0.08984227054734821,1.779490215544464,0.08641973675836984,0.07992007992007992,0.07992007992007992,0.9241463258872216,0.9441380757355569,0.14958721817107998,0.3521821161434593,0.32785740442211725,0.6604041120170152,0.7656755009696186,0.1658270408669781,0.0019990004997501
cDC2,mRNA splicing,52,27,1.235812622544028,0.2837015589815472,0.22717269482018906,0.4271428544894821,0.6726623869689935,1.385017354215393,0.1773852793425993,0.3876123876123876,0.4305694305694306,0.9893297666683456,1.0945502112656231,0.5805524423182609,0.8551938889605797,0.4604096669146371,0.9709498422369708,0.9868219429972418,0.7265963652157094,0.2103948025987006
cDC2,Fatty acid met,30,27,-0.705296865244818,-0.2169285018417938,0.48666619631019686,-0.07834021406749926,0.9381351395607368,-0.8604650696527177,0.3971093956188269,0.6083916083916084,0.6943056943056943,0.9065487064478805,1.223527180475774,0.8024160870992861,0.990774748189492,0.655887027206848,0.9859645305189859,0.9868219429972418,0.8102276250962722,0.3053473263368316
cDC2,Adaptive immunity,93,27,-0.27184647192619626,-0.16556740139149684,0.7878080133125371,1.5259505096807748,0.13865224065319506,-1.3349625781629035,0.1930364628225464,0.8311688311688312,0.8641358641358642,0.8776489196864468,1.043045427292776,0.9188487324942904,0.4012810068797967,0.47537070592704916,0.9868219429972418,0.9868219429972418,0.9014625036957444,0.6821589205397302
cDC2,Translation,117,27,2.6546383214143168,1.0023639878631732,0.01314941725457803,0.8798575124229103,0.3867008806205853,0.8183024260284611,0.4203482034037739,0.056943056943056944,0.02097902097902098,0.9351512124213064,0.8991632525558577,0.10728403496883726,0.6479160450132985,0.6765952055474109,0.6604041120170152,0.6571428571428571,0.1004288100129579,0.0004997501249375
cDC2,Cholesterol met (salmon),12,27,-0.38318256460765987,-0.09534457965108671,0.7045848404965092,-2.3966588929806063,0.023735837176860224,-1.333029462584737,0.19366177271464285,0.8281718281718282,0.8821178821178821,1.0315037058832242,1.1417395320384789,0.8916131032065975,0.1501291701436409,0.47537070592704916,0.9868219429972418,0.9868219429972418,0.8464786258198376,0.4897551224387806
cDC2,Heat stress response,20,27,0.3692749898226949,0.028022618192188653,0.7148030823460118,-0.6689589049990559,0.5092015957009949,-2.010137522197398,0.05450452471725385,0.8021978021978022,0.7682317682317682,0.9646900848711977,0.9242677179927776,0.8939858247057431,0.7578117865432453,0.2601819764804759,0.9868219429972418,0.9868219429972418,0.8726505565021873,0.5922038980509745
cDC2,OxPhos,61,27,-0.21049843901704535,-0.06244239873746156,0.8348591985767102,0.22942163818884245,0.820270301072687,-0.3166746714551141,0.7539259984590998,0.8681318681318682,0.8851148851148851,0.9621796715518556,1.0284026528681842,0.942943648392445,0.9476182016958439,0.8670148982279648,0.9868219429972418,0.9868219429972418,0.9271246222581262,0.7246376811594203
cDC2,Innate immunity,332,27,0.8245866019481682,0.23620622599045618,0.4168319185504269,1.3686995140933127,0.1823741967339097,1.9528558932548155,0.06127441300502308,0.5174825174825175,0.5754245754245755,0.8581211078613278,0.9668772924683777,0.7673733128734151,0.4352893563554637,0.27377243978036436,0.9859645305189859,0.9868219429972418,0.9330357736830912,0.7536231884057971
cDC2,Chromatin modification (2),169,27,0.4066720773228403,0.2183062979513195,0.6874545796647857,0.1649760587554718,0.87019180544664,0.4529345255619754,0.6542147525557088,0.7722277722277723,0.6923076923076923,0.9209920830114795,0.7428207183082721,0.887810224524594,0.9729898563629011,0.814356302607515,0.9859645305189859,0.9868219429972418,0.8726505565021873,0.5962018990504747
cMonocyte,Muscle contraction,42,39,-1.813565207890027,-0.12098222748687781,0.07744511387612922,1.0812881684835505,0.28620999375137973,-2.964494868598341,0.005149250720320171,0.17682317682317683,0.1028971028971029,0.8621927828549667,0.7918481025006208,0.31549781019955975,0.5444445745796923,0.05211041728964013,0.8448979591836734,0.7656755009696186,0.3130647348030498,0.0129935032483758
cMonocyte,Respiration,357,39,0.6685779728879682,0.21157760853225313,0.5077029085021246,0.7667131785402622,0.4478685702129264,-0.4527098032323575,0.6532661714851238,0.6193806193806194,0.6213786213786214,0.88394987928349,0.9275523166619828,0.8024160870992861,0.7040171665395558,0.814356302607515,0.9859645305189859,0.9868219429972418,0.8103764872402766,0.409295352323838
cMonocyte,Chromatin modification (1),246,39,2.0155139668129536,0.8254157187504321,0.05077898247482685,1.3994383037765683,0.1695855832607485,0.9272876160603498,0.35948062462338004,0.1018981018981019,0.13186813186813187,0.8156935910088897,0.9373035036244086,0.2662842613053781,0.4206387506369546,0.6298366852282404,0.6967626967626969,0.8087912087912089,0.2844951106226575,0.008495752123938
cMonocyte,Heme metabolism,20,39,0.6706643321122522,0.046216603882321274,0.5063869220990647,-0.5620114419279765,0.5773242273056087,-1.03103380970489,0.3088768320323371,0.6173826173826173,0.6873126873126874,0.9321185255007833,1.0959415175843765,0.8024160870992861,0.7920109608631036,0.5920139280619795,0.9859645305189859,0.9868219429972418,0.8102276250962722,0.4062968515742129
cMonocyte,VEGF signaling,34,39,0.5116500403190207,0.06914532126419176,0.6117809705522153,-0.0019850225212839708,0.9984263013464003,0.7940107700150478,0.4319941369235953,0.7042957042957043,0.6813186813186813,0.8954209987039112,0.839645043500868,0.8843286340259382,0.9984263013464003,0.6788479294513641,0.9859645305189859,0.9868219429972418,0.8414370806279985,0.4922538730634682
cMonocyte,Protein processing in ER,31,39,1.1029831684991118,0.06469169423346022,0.27679427135488105,-0.641181251067887,0.5251552484018528,0.5174443917383894,0.6077686625158703,0.3696303696303696,0.3926073926073926,0.8824176049272431,0.8978032111246526,0.6269769453834436,0.768001606044328,0.7970098243016068,0.9640874589328197,0.9868219429972418,0.6181122286511159,0.1594202898550724
cMonocyte,Lipid met,16,39,1.6076321257776156,0.4204317580199926,0.11598274521621472,-0.9649711145232891,0.3405050950275161,0.7504154694713231,0.45750825032813525,0.22577422577422576,0.13986013986013987,0.8944211280880832,0.7306209841458958,0.41919477913860465,0.6158594179159677,0.6972866706808326,0.8448979591836734,0.8087912087912089,0.4102178113871618,0.025487256371814
cMonocyte,Cholesterol met (darkred),26,39,0.1299228671438617,0.020371121800953924,0.8972952591890865,1.8550422266010043,0.07116094043544632,-1.0053494501893474,0.32092579850203656,0.9270729270729271,0.929070929070929,0.8680558407745504,0.9084684266212704,0.9682612719271309,0.3206553499076906,0.6100612478897331,0.9868219429972418,0.9868219429972418,0.9686821063475256,0.8685657171414293
cMonocyte,Cell cycle,97,39,-1.1224686084461066,-0.530489027157127,0.268526303997659,1.1840975403368215,0.2435411696576856,-1.6495626427567802,0.10706522619561684,0.3856143856143856,0.3866133866133866,0.8630205270123373,0.8689580540204362,0.6232766505633736,0.49292732738715567,0.35382021338661734,0.9709498422369708,0.9868219429972418,0.6149606927204764,0.1374312843578211
cMonocyte,ECM organization,59,39,1.0803153280170867,0.1932244093907896,0.28663741626840994,0.5908270501792279,0.5580450427122697,0.3499341142903097,0.7282709366757084,0.4255744255744256,0.37162837162837165,0.904460333822324,0.826988485815499,0.6306023157905019,0.7800298110840014,0.8530210508284919,0.9857142857142857,0.9868219429972418,0.649091613747461,0.1734132933533233
cMonocyte,Apoptosis,52,39,-1.5703874012584604,-0.2220331148969281,0.1244038314298945,1.7918025105810256,0.08092618702721809,-0.6903711074977931,0.4940491824653172,0.23376623376623376,0.43456543456543456,0.8939976908164428,1.3680539288318299,0.4432981598839903,0.33564467734239634,0.7257759972686012,0.8448979591836734,0.9868219429972418,0.4462477683456381,0.0394802598700649
cMonocyte,Interferon signaling,59,39,-0.26614937164175706,-0.034128094036359156,0.7915262416019081,1.539092603402472,0.13185676751750275,0.4302438395483768,0.6693865277649422,0.8491508491508492,0.8151848151848152,0.8839292702715842,0.7548395502847254,0.9188487324942904,0.4012810068797967,0.8158087918581362,0.9868219429972418,0.9868219429972418,0.8765862759231935,0.6346826586706646
cMonocyte,Nrf2 signaling,16,39,0.6420481577576598,0.13482137014582657,0.5245981597831454,1.166113769345502,0.2506503203497219,1.286988067234538,0.20568490308367435,0.6813186813186813,0.6743256743256744,1.0145825336043286,1.039651675503171,0.8024160870992861,0.5032899289561876,0.4863390699081272,0.9859645305189859,0.9868219429972418,0.8102276250962722,0.3968015992003998
cMonocyte,Amino acid met,54,39,1.3306495947862507,0.35662266894234884,0.1910324631685621,-0.09162776128223588,0.9274628276718162,1.9239577573198652,0.06167995678846153,0.3036963036963037,0.2177822177822178,0.8992189769243281,0.7489777576427437,0.5466038726543363,0.990774748189492,0.27377243978036436,0.9470409108963327,0.913151364764268,0.5614804113034008,0.1019490254872563
cMonocyte,mRNA splicing,52,39,-1.1926088115798583,-0.21325811633708297,0.24022835355492206,0.4304662517469174,0.6692261424489677,-0.537295819067246,0.5941158690080341,0.4015984015984016,0.47152847152847155,0.9402906699066911,1.1128030499110761,0.5991480923786976,0.8551938889605797,0.796271192182715,0.9769653423499577,0.9868219429972418,0.5814024147546853,0.1229385307346326
cMonocyte,Fatty acid met,30,39,0.779619378751457,0.2946719769268368,0.4403206422594166,0.19976914298337653,0.8426991294581019,1.6851928965305554,0.09993821662471589,0.5814185814185814,0.5814185814185814,0.9852479004667207,0.9608321643681917,0.7973756765940844,0.9670382599253671,0.3463612165212756,0.9859645305189859,0.9868219429972418,0.8065073800129431,0.3238380809595202
cMonocyte,Adaptive immunity,93,39,2.4061980778089955,1.2423349273409865,0.02095704264356111,0.299132328252723,0.7664273812451441,1.54489636412378,0.13044805586959488,0.059940059940059943,0.06793206793206794,0.8646376850448602,0.9276584986450203,0.14330085915732327,0.9028053666607708,0.4121140788954726,0.6604041120170152,0.7656755009696186,0.2298084162429994,0.008495752123938
cMonocyte,Translation,117,39,0.7198681613896661,0.4260664362198528,0.47589841896109664,0.5246738509156813,0.6027797794767824,-2.027118977805334,0.049524589190840504,0.6093906093906094,0.6563436563436563,0.91932343765938,1.1005520353681977,0.8024160870992861,0.7984465141760522,0.2488427688032097,0.9859645305189859,0.9868219429972418,0.6639681111512473,0.184407796101949
cMonocyte,Cholesterol met (salmon),12,39,1.88587868897039,0.42039367252866655,0.06677506917540701,0.024388980361447415,0.9806667033564676,1.6862531646344603,0.09973230269134072,0.36563436563436563,0.1258741258741259,1.3104898994746523,0.6589770000019429,0.2831053369310303,0.9964203853380976,0.3463612165212756,0.9640874589328197,0.8087912087912089,0.3130647348030498,0.0149925037481259
cMonocyte,Heat stress response,20,39,2.817077152820365,0.3298332858572868,0.007567526944327226,-1.9660308809930511,0.056442634429560004,2.5577378796935237,0.01453604531494506,0.07292707292707293,0.023976023976023976,1.014218758805276,1.119484944647412,0.08324279638759949,0.2855997302135736,0.12258731548937002,0.6604041120170152,0.6571428571428571,0.0785100123273143,0.0004997501249375
cMonocyte,OxPhos,61,39,0.6080117945958327,0.22117739848065204,0.5467043345840558,0.16090504716971463,0.8729988039303501,0.49386044183194394,0.624174809578681,0.6363636363636364,0.7052947052947053,0.9414900265963942,1.0800275065491953,0.8136246861750948,0.9729898563629011,0.8082565896946173,0.9859645305189859,0.9868219429972418,0.8103764872402766,0.4362818590704648
cMonocyte,Innate immunity,332,39,1.2832352779297391,0.3528079977937749,0.20698288563885892,0.8420881634057085,0.4048730392603908,0.5576311944523797,0.5802831587109738,0.3356643356643357,0.35264735264735264,0.9456196152362755,0.9315664588273629,0.5570922347513968,0.6671152141494956,0.7935764278587912,0.9541918755401901,0.9868219429972418,0.8103764872402766,0.416791604197901
cMonocyte,Chromatin modification (2),169,39,-0.4209930084629463,-0.11157786297568023,0.6760712634304962,-0.5583020250446232,0.5798295228321886,1.4347672464588725,0.1593245162094802,0.7702297702297702,0.7832167832167832,0.9378664662753211,1.0249091837985564,0.8862488582793551,0.7920109608631036,0.44077329871397924,0.9859645305189859,0.9868219429972418,0.8535381038077803,0.5557221389305347
ncMonocyte,Muscle contraction,42,15,0.45470702305643745,0.05808842968107189,0.6558313163013039,1.603245266546498,0.12972480136237066,-1.0071277739883369,0.32984445009853514,0.7702297702297702,0.8051948051948052,1.049867171770592,1.0684652634556837,0.8843286340259382,0.40024847249609485,0.6100612478897331,0.9859645305189859,0.9868219429972418,0.8414370806279985,0.553223388305847
ncMonocyte,Respiration,357,15,1.9736155699202624,0.5152623869896318,0.06713960559629177,3.6664413027574208,0.0022913251543770076,-0.6300142643468679,0.5381648125140756,0.2007992007992008,0.3086913086913087,1.0719565700712557,1.3549576582035634,0.2831053369310303,0.028985263202869146,0.7564205420336728,0.8448979591836734,0.9868219429972418,0.4102178113871618,0.0499750124937531
ncMonocyte,Chromatin modification (1),246,15,1.541586451706804,0.777520161766606,0.14400358159376092,3.441836273993744,0.003632184891642611,1.219741158934207,0.2413948985461892,0.2947052947052947,0.3196803196803197,1.0386743015643107,1.0537058377617465,0.4841829482007294,0.038289282399399195,0.5452938333230881,0.9470409108963327,0.9868219429972418,0.5600465214546414,0.1314342828585707
ncMonocyte,Heme metabolism,20,15,3.24943358972191,0.24603104001632947,0.005389558266164067,-0.07337534024129906,0.9424769635848694,-1.0770578022900488,0.2984722814621311,0.04695304695304695,0.013986013986013986,1.1005283324897785,1.0060212083798823,0.06817791206697545,0.990774748189492,0.588052069102835,0.6604041120170152,0.6571428571428571,0.0759560646385652,0.000999500249875
ncMonocyte,VEGF signaling,34,15,-0.4973328709220599,-0.0707850395002924,0.6261650703231947,1.1825098389037498,0.2554092890126438,-0.8075359445674923,0.43197768598136166,0.7472527472527473,0.7722277722277723,1.0243138738852484,1.126541733752475,0.8843286340259382,0.5048324228140538,0.6788479294513641,0.9859645305189859,0.9868219429972418,0.8243770191428417,0.5502248875562219
ncMonocyte,Protein processing in ER,31,15,0.09514024945165855,0.002533283243332846,0.9254627861638375,-0.03956523763031208,0.9689615455635752,-0.8825548770294745,0.39140135895970324,0.951048951048951,0.9560439560439561,1.044182411038685,1.0093922371617345,0.9723082315227763,0.990774748189492,0.651477261952664,0.9868219429972418,0.9868219429972418,0.8726505565021873,0.6606696651674163
ncMonocyte,Lipid met,16,15,-0.7563824859683479,-0.19895939344813532,0.46113514664676486,-1.2285221189778186,0.23817809335000784,-1.297018092074202,0.21422122217729933,0.6173826173826173,0.4725274725274725,0.9951724989048005,0.7058108090452372,0.8024160870992861,0.49292732738715567,0.49946838564064133,0.9859645305189859,0.9868219429972418,0.8102276250962722,0.4427786106946527
ncMonocyte,Cholesterol met (darkred),26,15,0.10699680687315807,0.011998005468432799,0.9162094596202504,0.5335090341110529,0.601497959607965,1.7677438620614288,0.0974335452611217,0.9440559440559441,0.9400599400599401,1.075151512144533,1.0844500454324133,0.9723082315227763,0.7984465141760522,0.3463612165212756,0.9868219429972418,0.9868219429972418,0.9686821063475256,0.8850574712643678
ncMonocyte,Cell cycle,97,15,0.2714620842440627,0.13487284411667297,0.7897360902953788,1.8309349289637868,0.08704663639563472,-0.828188811146675,0.420546062287743,0.8591408591408591,0.8551448551448552,1.0176699734432462,0.9314103036540226,0.9188487324942904,0.3521821161434593,0.6765952055474109,0.9868219429972418,0.9868219429972418,0.9423499197148016,0.8250874562718641
ncMonocyte,ECM organization,59,15,0.7036648918651998,0.20530498260640972,0.4924207755380457,4.5767804649174515,0.0003633416514006922,0.006441723564228895,0.9949451760604588,0.6583416583416584,0.6613386613386614,1.1019821598475503,1.090105346995861,0.8024160870992861,0.007268710080770176,0.9988933712035559,0.9859645305189859,0.9868219429972418,0.8102276250962722,0.3978010994502748
ncMonocyte,Apoptosis,52,15,-0.6632826199356504,-0.11617317442420158,0.5172140978159714,1.5695454157168875,0.13737172090193076,0.33072408106669776,0.7454274705323813,0.6863136863136863,0.6663336663336663,1.114361392756293,1.057718455191524,0.8024160870992861,0.4012810068797967,0.8651061928655618,0.9859645305189859,0.9868219429972418,0.8103764872402766,0.487256371814093
ncMonocyte,Interferon signaling,59,15,-0.18580127553458373,-0.06840085634113702,0.8550898434925769,3.2385618420192204,0.005510958770639769,1.1116334047565442,0.2837961922238806,0.9020979020979021,0.9170829170829171,1.0353954661650269,1.2165471635762826,0.9542080221025707,0.048078364447305566,0.588052069102835,0.9868219429972418,0.9868219429972418,0.9599362611266264,0.8595702148925537
ncMonocyte,Nrf2 signaling,16,15,0.9240028239693205,0.23074253672055564,0.3701109534685986,1.5546058017542101,0.1408824264384879,1.126286499745322,0.27774141313320705,0.6073926073926074,0.5484515484515484,1.2373018203599617,1.019822352918006,0.7431592954567893,0.4012810068797967,0.5855714793558449,0.9859645305189859,0.9868219429972418,0.6785791820920618,0.2458770614692653
ncMonocyte,Amino acid met,54,15,2.3201674520693234,0.6856174883962839,0.03483785322379399,2.9062155966934844,0.01085694758223502,1.58530447427819,0.1337492973899793,0.12487512487512488,0.12687312687312688,0.9965527552039972,1.069835563899869,0.20031765603681545,0.08391975705839115,0.4121140788954726,0.7876309736774852,0.8087912087912089,0.3130647348030498,0.0324837581209395
ncMonocyte,mRNA splicing,52,15,-0.2761123288714211,-0.0639452336493121,0.786229674369127,1.706502178326936,0.10852608275909523,-0.6925891843390066,0.4991502906116072,0.8731268731268731,0.8681318681318682,1.0083159877129804,1.1368899685942258,0.9188487324942904,0.37612464298700127,0.7257759972686012,0.9868219429972418,0.9868219429972418,0.9271246222581262,0.7841079460269865
ncMonocyte,Fatty acid met,30,15,0.4587550927542028,0.2595117564317079,0.6529870495388994,-0.6293355072282486,0.538597105033625,-0.43055807881849295,0.6729121882404815,0.7662337662337663,0.7642357642357642,0.9849610575077917,1.0151137421895773,0.8843286340259382,0.774233338485836,0.8158087918581362,0.9859645305189859,0.9868219429972418,0.9902287330629485,0.927536231884058
ncMonocyte,Adaptive immunity,93,15,0.41086023935244004,0.21446397184301547,0.6869844326456311,1.3819949482455003,0.187208889867676,-0.3765339374819019,0.7117928436369562,0.7672327672327672,0.8351648351648352,0.9992232182032381,1.2956394576060992,0.887810224524594,0.4426527956684302,0.8415121001876164,0.9859645305189859,0.9868219429972418,0.8726505565021873,0.6411794102948526
ncMonocyte,Translation,117,15,1.5278489860577755,0.824085687733008,0.14736002771326548,1.4291701324102053,0.17345015288792456,-1.2323392539638705,0.23679017105427147,0.32967032967032966,0.4095904095904096,1.022293955906063,1.2528810100440282,0.4841829482007294,0.4219508526985088,0.5397109304209972,0.9541918755401901,0.9868219429972418,0.4815678209966811,0.1019490254872563
ncMonocyte,Cholesterol met (salmon),12,15,2.545085815704269,0.6670033038215293,0.022415240762808104,0.00579493566301366,0.9954527044756996,4.14930248557812,0.000856327608965503,0.07592407592407592,0.15384615384615385,1.2381163714123051,1.3248980362222924,0.1492383134997487,0.9984263013464003,0.014443392337884817,0.6604041120170152,0.8281505728314239,0.1518664074886816,0.0044977511244377
ncMonocyte,Heat stress response,20,15,4.335693942967394,0.2695407836113929,0.0005880629197106321,0.048320068708599874,0.9620986684570263,2.164280262845724,0.046984498910791664,0.005994005994005994,0.001998001998001998,1.1097562330297204,0.7369673136725674,0.018006482710857745,0.990774748189492,0.24745883142412267,0.5897435897435898,0.25274725274725274,0.0567397790703818,0.0014992503748125
ncMonocyte,OxPhos,61,15,-0.9157487564059342,-0.49305928531630155,0.37428647174223073,-0.3170784352742628,0.7555545121697529,-1.1053613902433181,0.2864177561134306,0.5634365634365635,0.6233766233766234,1.0647584319926282,1.2641236591904312,0.745625805911688,0.9028053666607708,0.588052069102835,0.9859645305189859,0.9868219429972418,0.7292692991564866,0.3103448275862069
ncMonocyte,Innate immunity,332,15,-0.7387804662977246,-0.34602881962376947,0.47144307693054277,1.7840252594631798,0.09465764386464519,-0.9018133388847664,0.38140865906242255,0.6173826173826173,0.6743256743256744,0.9885480077882939,1.1625252372813208,0.8024160870992861,0.3521821161434593,0.6502259263838308,0.9859645305189859,0.9868219429972418,0.8243770191428417,0.5177411294352824
ncMonocyte,Chromatin modification (2),169,15,-0.0865776257318331,-0.030315855376536888,0.9321523993247275,3.2798131709875276,0.005064219537887107,1.65647556186022,0.11838907563674936,0.948051948051948,0.9630369630369631,1.0261664506294736,1.2110856352677573,0.9723082315227763,0.048078364447305566,0.3840055914884306,0.9868219429972418,0.9868219429972418,0.9922402964158332,0.9815092453773112
