celltype,n_IPF,n_Control,S,N,MI,delta_composite,p_S,p_N,p_MI,S_null_median,MI_null_median,S_lo,S_hi,N_lo,N_hi,MI_lo,MI_hi,comp_lo,comp_hi,delta_nonmodule,top_positive,top_negative,fdr_S,fdr_N
B,22,7,0.4207539293117173,0.014768639377108053,0.9648995806140965,0.014768639377108053,0.3058470764617691,0.9475262368815592,0.031984007996002,0.3508135972773707,0.5390764647161499,0.26960526522926315,1.111119843459265,0.008034779733040634,0.6151555257105431,0.15322362804339779,0.9825826551841084,-0.5680330277574116,0.45527198921190026,0.18050331202590816,Adaptive immunity (+0.007),Innate immunity (-0.061),0.37381309345327335,0.9650174912543729
Ciliated,30,8,0.6554606682134066,0.4756774817356989,0.27428523967386775,-0.4756774817356989,0.05897051474262868,0.08245877061469266,0.7776111944027986,0.37414618260295995,0.4985956646328277,0.5172459434529176,1.069752546782716,0.10084946005257223,0.8446130479835263,0.11731902724304642,0.8735058982662073,-0.8429151244415947,-0.05583875273260371,-0.22364118218265838,OxPhos (+0.026),Innate immunity (-0.069),0.10811261036148592,0.7283858070964517
Fibroblast,10,4,0.38361655001493206,0.2399151967856421,0.3745963338226582,-0.2399151967856421,0.6686656671664168,0.45327336331834084,0.7016491754122939,0.45874830956416374,0.5006142191006299,0.2703200805714476,1.6298962700412178,0.012437354314666148,1.1995812471801661,0.18737652898256896,0.9816385672400475,-1.1995812471801661,0.2910272159555668,-0.04111697182158846,OxPhos (+0.018),Respiration (-0.063),0.6686656671664168,0.831001166083625
Macrophage,32,27,0.341895648918021,0.017028837227777392,0.9501928811271286,-0.017028837227777392,0.03248375812093953,0.8810594702648675,0.054972513743128434,0.191955353908277,0.6003160616081736,0.32596505829790967,0.6160563992303445,0.004276292134780867,0.2728966388814234,0.5178291663524562,0.9883673117921533,-0.24123522906473766,0.22968626558418395,-0.005791922408505512,Cell cycle (+0.046),Respiration (-0.062),0.07146426786606697,0.9650174912543729
Macrophage_Alveolar,29,26,0.3901472731752906,0.14164543367489443,0.636943678929023,-0.14164543367489443,0.012993503248375811,0.13243378310844578,0.5412293853073463,0.19856272750112375,0.6738338127715011,0.31492259641555725,0.5986408826264581,0.008264639965041981,0.30873757363750826,0.4013997082923554,0.9783627102814069,-0.30873757363750837,0.0911088629321675,-0.057904455978388066,Cell cycle (+0.039),Innate immunity (-0.066),0.06596701649175413,0.7283858070964517
NK,23,15,0.30227855513041296,0.14054346363011513,0.5350531447079333,0.14054346363011513,0.35932033983008493,0.3248375812093953,0.6241879060469765,0.2669752771686339,0.6138275509144613,0.2154655698442356,0.6362305584396836,0.008849827402781047,0.3792513049161748,0.284799231764859,0.9702049011572229,-0.07752845538999965,0.3792513049161748,0.09892674304407889,Cell cycle (+0.027),Innate immunity (-0.022),0.3952523738130934,0.831001166083625
T,24,10,0.5468318684819591,0.1356034919051879,0.7520197711197191,0.1356034919051879,0.025987006496751622,0.4527736131934033,0.31334332833583206,0.3077001682185527,0.5991847868443801,0.3267735215273332,0.9345607247929143,0.007483798906091755,0.6043323889924579,0.24173583660714693,0.9853721195207619,-0.21886440882372318,0.6043323889924579,0.22052600750300344,Adaptive immunity (+0.039),Respiration (-0.049),0.07146426786606697,0.831001166083625
T_Cytotoxic,28,13,0.3585453223858525,0.03587119661086348,0.899953522271139,0.03587119661086348,0.18940529735132433,0.7966016991504248,0.136431784107946,0.2739083566694336,0.6433919315741006,0.28896392754777955,0.7523207262264735,0.005445411304500721,0.3737235572347022,0.42575652338795383,0.9861444972297987,-0.2668074372586777,0.3602367382096941,0.10053699929831329,Adaptive immunity (+0.030),Respiration (-0.063),0.26043228385807093,0.9650174912543729
cDC2,22,9,0.6290725535884077,0.12824789333249142,0.7961317933822909,-0.12824789333249142,0.017991004497751123,0.3743128435782109,0.31334332833583206,0.29973114396058015,0.668359309985489,0.30896166268782915,1.511403242138435,0.006815458256456165,0.493452895326707,0.5185141984842622,0.9871818708686314,-0.48942243319589235,0.1315231304711599,-0.3235158093171377,Respiration (+0.047),ECM organization (-0.025),0.06596701649175413,0.831001166083625
cMonocyte,26,17,0.3322319713470137,0.04471370941531133,0.8654141886645574,0.04471370941531133,0.1874062968515742,0.7636181909045477,0.15542228885557222,0.25308135244438923,0.5711396510138409,0.23503835165299777,0.6286886412513111,0.0033751307074620664,0.34427849547802414,0.31792729920949053,0.9895349393888745,-0.24062781159593072,0.32240901822034423,0.08680627325995434,Adaptive immunity (+0.030),Chromatin modification (2) (-0.036),0.26043228385807093,0.9650174912543729
ncMonocyte,14,5,0.6220509068921966,0.009155838306245168,0.985281207366149,-0.009155838306245168,0.00399800099950025,0.9650174912543729,0.01699150424787606,0.3425356603000696,0.5964703701224869,0.4969827573612313,1.0005388702038496,0.004364905745223639,0.40743534571059153,0.51094697798695,0.9927919557643705,-0.29511161008319725,0.37581426988085337,0.1124877256560258,Adaptive immunity (+0.061),Innate immunity (-0.094),0.04397801099450275,0.9650174912543729
