,Muscle contraction,Respiration,Chromatin modification (1),Heme metabolism,VEGF signaling,Protein processing in ER,Lipid met,Cholesterol met (darkred),Cell cycle,ECM organization,Apoptosis,Interferon signaling,Nrf2 signaling,Amino acid met,mRNA splicing,Fatty acid met,Adaptive immunity,Translation,Cholesterol met (salmon),Heat stress response,OxPhos,Innate immunity,Chromatin modification (2)
Muscle contraction,1.0,0.6898975254114852,0.6568225400749069,0.49683270102859856,0.5748171536937883,0.45184606855313103,0.43280520439441156,0.56091920157192,0.640428694641716,0.58007651445625,0.5887415574739956,0.6006935475418835,0.5435876269884159,0.5814244185174081,0.6151198642548541,0.5458044725003842,0.6100155298313843,0.6566664616139675,0.4721195998001211,0.5402476567600996,0.611287851039684,0.6877928095852023,0.6840257103679035
Respiration,0.6898975254114852,1.0,0.8059833456509897,0.5493045596574305,0.6836738270244399,0.4940343236816302,0.5058575535841753,0.6528826681479365,0.7732732507545171,0.7049743912687041,0.694724955949241,0.7342278616794232,0.6305008571586179,0.6636940621775372,0.7228037549181472,0.672038173685061,0.7599726086832018,0.7683515754719267,0.5645324303978901,0.5751490949453778,0.7288601079693023,0.8352785736918332,0.8054557474118381
Chromatin modification (1),0.6568225400749069,0.8059833456509897,1.0,0.5482358025541533,0.6804664890057402,0.5093381352388315,0.4981820124306996,0.6127098268331295,0.7583794370640916,0.6967317413696068,0.6653519761182053,0.7219386235264387,0.6003702381809148,0.6961983584218434,0.7301545549262457,0.6538405854118766,0.7816524034565726,0.7798709864846626,0.5337689272103745,0.5633810625522858,0.7388964702759343,0.8160209304132304,0.7872159726753675
Heme metabolism,0.49683270102859856,0.5493045596574305,0.5482358025541533,1.0,0.5545259626966205,0.41835540599617016,0.4556703666718152,0.5340820661730413,0.5748440887911761,0.5553799146949816,0.5437113545386351,0.5761095666576921,0.5674060297784761,0.5139673188544289,0.5847767000574978,0.49549317893409284,0.5046065166293134,0.5198495286542449,0.548598162211924,0.4666296217028389,0.5549093320955968,0.5505515420885272,0.5579539354082375
VEGF signaling,0.5748171536937883,0.6836738270244399,0.6804664890057402,0.5545259626966205,1.0,0.4909504013233659,0.48930906603511204,0.6176807683260571,0.677803247293395,0.7009152429881896,0.6676569207453773,0.7156291010731991,0.5955161702174702,0.6266841198126111,0.6886318116893508,0.6268006950971762,0.6548744503232392,0.6730116596013143,0.48319955700668543,0.5950065109090328,0.6913334321243506,0.7078248803339298,0.7000081933393062
Protein processing in ER,0.45184606855313103,0.4940343236816302,0.5093381352388315,0.41835540599617016,0.4909504013233659,1.0,0.35054989932463154,0.40228472847287733,0.46917080140685563,0.47873635346381826,0.4307959761606627,0.5324116700678304,0.37926553284086323,0.4780348772632539,0.45249657848052816,0.46603909666284304,0.48712788833891,0.47928899267624264,0.42091542325120584,0.44304995495897465,0.4608182097693474,0.47683412461774205,0.530452072885085
Lipid met,0.43280520439441156,0.5058575535841753,0.4981820124306996,0.4556703666718152,0.48930906603511204,0.35054989932463154,1.0,0.5307927159122819,0.4925822974306915,0.493467468714994,0.4733611537328391,0.4916842314813061,0.45757149165702743,0.4407218697761654,0.490429089236621,0.4898117197195769,0.4991833046239044,0.4632067700466857,0.36264384245420916,0.4681607991853524,0.5042739202831734,0.5274207032620646,0.5079803507592355
Cholesterol met (darkred),0.56091920157192,0.6528826681479365,0.6127098268331295,0.5340820661730413,0.6176807683260571,0.40228472847287733,0.5307927159122819,1.0,0.6275891475889332,0.6282848313445609,0.6430279093825181,0.6548359218497711,0.5910720284362962,0.546730271147313,0.6376339255249067,0.5539454456184997,0.5985715703722406,0.6062658187869175,0.4720313988300697,0.5717465070569213,0.6543332112545679,0.6484059410129424,0.6496967273549524
Cell cycle,0.640428694641716,0.7732732507545171,0.7583794370640916,0.5748440887911761,0.677803247293395,0.46917080140685563,0.4925822974306915,0.6275891475889332,1.0,0.6954302719324194,0.6812182929687385,0.7013293029760657,0.6473985233228652,0.6752591672257792,0.7337964718727108,0.6313624796127572,0.7259646708702318,0.7305142712110387,0.5554138561564881,0.5644956094589296,0.7341182905761513,0.7940606268957906,0.7544468583755475
ECM organization,0.58007651445625,0.7049743912687041,0.6967317413696068,0.5553799146949816,0.7009152429881896,0.47873635346381826,0.493467468714994,0.6282848313445609,0.6954302719324194,1.0,0.6511248125058552,0.7214528239408642,0.6505937073340029,0.6495604424365383,0.676996379256091,0.6004255000890193,0.6652869390382989,0.7030257871818638,0.48391528500782605,0.5576265059199698,0.6968821408607778,0.7247517894482536,0.7107745853341659
Apoptosis,0.5887415574739956,0.694724955949241,0.6653519761182053,0.5437113545386351,0.6676569207453773,0.4307959761606627,0.4733611537328391,0.6430279093825181,0.6812182929687385,0.6511248125058552,1.0,0.6793583133628941,0.6207919777221785,0.6052325499517036,0.6884620662632567,0.6037388837828502,0.6411956139394042,0.6515709980612684,0.5078533153673463,0.5399529951840527,0.6877889750065762,0.6959373442720633,0.6957315918122589
Interferon signaling,0.6006935475418835,0.7342278616794232,0.7219386235264387,0.5761095666576921,0.7156291010731991,0.5324116700678304,0.4916842314813061,0.6548359218497711,0.7013293029760657,0.7214528239408642,0.6793583133628941,1.0,0.6228515568181038,0.6553997729453123,0.7076611841517465,0.6354164860258821,0.6959510527926759,0.7055914025041523,0.5228767316257107,0.598190912698169,0.7135772440446748,0.7451218228599557,0.7364532444921587
Nrf2 signaling,0.5435876269884159,0.6305008571586179,0.6003702381809148,0.5674060297784761,0.5955161702174702,0.37926553284086323,0.45757149165702743,0.5910720284362962,0.6473985233228652,0.6505937073340029,0.6207919777221785,0.6228515568181038,1.0,0.5506344694228855,0.628086579122675,0.5822441160773427,0.5608807934290356,0.6038604690356157,0.5233852265439737,0.5399085884569562,0.6167832036810591,0.6340930497177496,0.6223492303344074
Amino acid met,0.5814244185174081,0.6636940621775372,0.6961983584218434,0.5139673188544289,0.6266841198126111,0.4780348772632539,0.4407218697761654,0.546730271147313,0.6752591672257792,0.6495604424365383,0.6052325499517036,0.6553997729453123,0.5506344694228855,1.0,0.650112233884972,0.581582579471074,0.6521452268040161,0.6761867611950115,0.4851992814436178,0.5284450640769907,0.6605368042973306,0.703483755099888,0.6897203140036712
mRNA splicing,0.6151198642548541,0.7228037549181472,0.7301545549262457,0.5847767000574978,0.6886318116893508,0.45249657848052816,0.490429089236621,0.6376339255249067,0.7337964718727108,0.676996379256091,0.6884620662632567,0.7076611841517465,0.628086579122675,0.650112233884972,1.0,0.6215611214847534,0.7220142365767062,0.707538563354728,0.5438789599592211,0.5333126034380953,0.7390777363780078,0.752369919831719,0.7388799859187061
Fatty acid met,0.5458044725003842,0.672038173685061,0.6538405854118766,0.49549317893409284,0.6268006950971762,0.46603909666284304,0.4898117197195769,0.5539454456184997,0.6313624796127572,0.6004255000890193,0.6037388837828502,0.6354164860258821,0.5822441160773427,0.581582579471074,0.6215611214847534,1.0,0.6219612989186143,0.6209495562073236,0.5444480184405526,0.563836224793711,0.62097033690947,0.6625355164748391,0.6574915384410137
Adaptive immunity,0.6100155298313843,0.7599726086832018,0.7816524034565726,0.5046065166293134,0.6548744503232392,0.48712788833891,0.4991833046239044,0.5985715703722406,0.7259646708702318,0.6652869390382989,0.6411956139394042,0.6959510527926759,0.5608807934290356,0.6521452268040161,0.7220142365767062,0.6219612989186143,1.0,0.7312322861619515,0.5021418215121024,0.5143014663246323,0.7107084975120058,0.7821232036078605,0.7294103499926153
Translation,0.6566664616139675,0.7683515754719267,0.7798709864846626,0.5198495286542449,0.6730116596013143,0.47928899267624264,0.4632067700466857,0.6062658187869175,0.7305142712110387,0.7030257871818638,0.6515709980612684,0.7055914025041523,0.6038604690356157,0.6761867611950115,0.707538563354728,0.6209495562073236,0.7312322861619515,1.0,0.48520082541250287,0.5478616633044026,0.6960333724346018,0.8005644433523352,0.7538576368891413
Cholesterol met (salmon),0.4721195998001211,0.5645324303978901,0.5337689272103745,0.548598162211924,0.48319955700668543,0.42091542325120584,0.36264384245420916,0.4720313988300697,0.5554138561564881,0.48391528500782605,0.5078533153673463,0.5228767316257107,0.5233852265439737,0.4851992814436178,0.5438789599592211,0.5444480184405526,0.5021418215121024,0.48520082541250287,1.0,0.44216588993735667,0.493744146130378,0.5350780537699067,0.5084514296744966
Heat stress response,0.5402476567600996,0.5751490949453778,0.5633810625522858,0.4666296217028389,0.5950065109090328,0.44304995495897465,0.4681607991853524,0.5717465070569213,0.5644956094589296,0.5576265059199698,0.5399529951840527,0.598190912698169,0.5399085884569562,0.5284450640769907,0.5333126034380953,0.563836224793711,0.5143014663246323,0.5478616633044026,0.44216588993735667,1.0,0.592817570697738,0.6085443551716311,0.6078613480981301
OxPhos,0.611287851039684,0.7288601079693023,0.7388964702759343,0.5549093320955968,0.6913334321243506,0.4608182097693474,0.5042739202831734,0.6543332112545679,0.7341182905761513,0.6968821408607778,0.6877889750065762,0.7135772440446748,0.6167832036810591,0.6605368042973306,0.7390777363780078,0.62097033690947,0.7107084975120058,0.6960333724346018,0.493744146130378,0.592817570697738,1.0,0.7562546533217546,0.7455521964856741
Innate immunity,0.6877928095852023,0.8352785736918332,0.8160209304132304,0.5505515420885272,0.7078248803339298,0.47683412461774205,0.5274207032620646,0.6484059410129424,0.7940606268957906,0.7247517894482536,0.6959373442720633,0.7451218228599557,0.6340930497177496,0.703483755099888,0.752369919831719,0.6625355164748391,0.7821232036078605,0.8005644433523352,0.5350780537699067,0.6085443551716311,0.7562546533217546,1.0,0.8210633318199344
Chromatin modification (2),0.6840257103679035,0.8054557474118381,0.7872159726753675,0.5579539354082375,0.7000081933393062,0.530452072885085,0.5079803507592355,0.6496967273549524,0.7544468583755475,0.7107745853341659,0.6957315918122589,0.7364532444921587,0.6223492303344074,0.6897203140036712,0.7388799859187061,0.6574915384410137,0.7294103499926153,0.7538576368891413,0.5084514296744966,0.6078613480981301,0.7455521964856741,0.8210633318199344,1.0
