celltype,module,coarse,beta_A,fdr_A,beta_H,same_sign,p_H_two_sided,beta_H_vanderbilt,same_sign_vanderbilt,fdr_H
B,Muscle contraction,B cell,-0.4578819686117901,,,,,,,
Ciliated,Protein processing in ER,Ciliated,0.2244635650660675,0.055236023880882,0.051302517481368375,True,0.6921539230384808,0.01824004111576884,True,0.9013493253373314
Ciliated,Cholesterol met (darkred),Ciliated,0.2072781232775552,0.0983165669978799,0.010640351142630535,True,0.8990504747626187,-0.05224525601100881,False,0.906964656964657
Macrophage,Muscle contraction,Macrophage,-0.4242934296257926,0.0446575519764751,0.5710579520489996,False,0.03398300849575212,0.7737008458891067,False,0.19790104947526238
Macrophage,VEGF signaling,Macrophage,-0.7796948547599986,5.792233391409565e-05,0.03918391519876106,False,0.8345827086456772,0.16714491460369735,False,0.9013493253373314
Macrophage,Protein processing in ER,Macrophage,-0.0575162282770828,0.0318046354311994,0.13813873745764166,False,0.04097951024487756,0.17247304538992483,False,0.19790104947526238
Macrophage,Apoptosis,Macrophage,0.3848888192053326,0.0010999347150595,0.28140237433650545,True,0.04397801099450275,0.20459472567448814,True,0.19790104947526238
Macrophage,Interferon signaling,Macrophage,-0.4361029845521805,0.0010999347150595,-0.1801796993412786,True,0.14192903548225888,-0.18955362871683257,True,0.3667711598746082
Macrophage,Translation,Macrophage,0.4580227206676116,0.0300262647981535,0.6829654627863446,True,0.01199400299850075,0.7535773613082454,True,0.19790104947526238
Macrophage,Cholesterol met (salmon),Macrophage,0.4269846109632353,0.0300262647981535,-0.19158936099551385,False,0.2063968015992004,-0.27468964270003904,False,0.42014919387182165
Macrophage,Heat stress response,Macrophage,0.2525721926564686,0.055236023880882,0.22367158603668286,True,0.14942528735632185,0.26206050175537643,True,0.3667711598746082
Macrophage_Alveolar,Muscle contraction,Macrophage,-0.4553681891070137,0.055236023880882,0.5710579520489996,False,0.03398300849575212,0.7737008458891067,False,0.19790104947526238
Macrophage_Alveolar,VEGF signaling,Macrophage,-0.574045043218124,0.0010999347150595,0.03918391519876106,False,0.8345827086456772,0.16714491460369735,False,0.9013493253373314
Macrophage_Alveolar,Protein processing in ER,Macrophage,-0.0762017950011645,0.0115111441880849,0.13813873745764166,False,0.04097951024487756,0.17247304538992483,False,0.19790104947526238
Macrophage_Alveolar,Lipid met,Macrophage,0.3108788749224994,0.055236023880882,-0.0680134684306538,False,0.49375312343828087,0.02039772896671462,True,0.7841961372255049
Macrophage_Alveolar,Interferon signaling,Macrophage,-0.3635781900312375,0.0041049235657823,-0.1801796993412786,True,0.14192903548225888,-0.18955362871683257,True,0.3667711598746082
Macrophage_Alveolar,Amino acid met,Macrophage,-0.5448159331270814,0.0608152347744211,-0.0909904817076933,True,0.783608195902049,-0.20500441539486045,True,0.9013493253373314
Macrophage_Alveolar,Innate immunity,Macrophage,-0.4051351082625367,0.0983165669978799,0.31503729342743264,False,0.18990504747626186,0.6131163525941397,False,0.42014919387182165
NK,Heme metabolism,NK,0.3065079177302736,0.0983165669978799,0.2110526291966759,True,0.29365524985962943,0.2110526291966759,True,0.528579449747333
NK,Cell cycle,NK,0.8571635580363579,0.0711971428108631,0.7143129337090299,True,0.10948905109489052,0.7143129337090299,True,0.3667711598746082
NK,ECM organization,NK,0.3341949672279626,0.0839811355787086,0.6434522524787474,True,0.21785513756316677,0.6434522524787474,True,0.42014919387182165
NK,OxPhos,NK,0.6088931800594659,0.055236023880882,0.7121409787643954,True,0.06400898371701291,0.7121409787643954,True,0.24689179433704983
T,Interferon signaling,T cell,-0.9546757370951844,0.0302013492580384,0.17391494824824252,False,0.46361746361746364,0.24287464232980868,False,0.78235446985447
T_Cytotoxic,VEGF signaling,T cell,-0.3521334161366903,0.0839811355787086,-0.1347884993642786,True,0.6496881496881497,0.060216093268484545,False,0.9013493253373314
T_Cytotoxic,Lipid met,T cell,0.5367896461579804,0.0872182885449962,0.06123427945076753,True,0.906964656964657,0.5106285548194175,True,0.906964656964657
cDC2,Muscle contraction,DC,-0.8330662688117989,,,,,,,
cDC2,Interferon signaling,DC,-0.8260156213530416,,,,,,,
cMonocyte,Heat stress response,Monocyte,0.3222151438519927,0.0785100123273331,0.10864909429661754,True,0.7610441767068273,0.1693102496894741,True,0.9013493253373314
ncMonocyte,Heme metabolism,Monocyte,0.235741859493856,0.075956064638586,-0.02078855016632761,False,0.8177710843373494,-0.08555594120469727,False,0.9013493253373314
ncMonocyte,Heat stress response,Monocyte,0.5593329966452311,0.0567397790703868,0.10864909429661754,True,0.7610441767068273,0.1693102496894741,True,0.9013493253373314
