cohort,cell_type,median_IPF,median_Control,p_mannwhitney,n_IPF,n_Control,fdr
GSE136831,AT1,0.0006237912895490059,0.0017845950543869237,0.002815852074788235,32,28,0.010861143717040335
GSE136831,AT2,0.0016600735254050144,0.005590167299199209,0.0014051495920130793,32,28,0.007587807796870629
GSE136831,B cell,0.026403441675263713,0.011929814039661583,0.07181125479609761,32,28,0.13849313424961682
GSE136831,Basal,0.007703930568243124,0.00043041912200790706,1.3077134050061753e-08,32,28,3.5308261935166733e-07
GSE136831,Ciliated,0.04413201343338658,0.008598301835036806,5.169180135911206e-08,32,28,6.978393183480128e-07
GSE136831,DC,0.03127030521061196,0.015766980917764652,0.00598456696123226,32,28,0.0161583307953271
GSE136831,Fibroblast,0.013569530559736035,0.008313170267492526,0.015406624263569053,32,28,0.037816259556033134
GSE136831,Macrophage,0.6145190278241364,0.7129762669994075,0.10469544240180169,32,28,0.16628099675580268
GSE136831,Mast,0.00313712822805235,0.0008426838813317078,0.004027899203418667,32,28,0.013594159811538001
GSE136831,Monocyte,0.03917416777309518,0.049267944928094894,0.47236066753299333,32,28,0.5498076073334283
GSE136831,NK,0.024142011459979747,0.01935558013407001,0.8298825927790139,32,28,0.8962732002013349
GSE136831,Other,0.058799047999376367,0.029212474201373916,0.002327007608580281,32,28,0.010471534238611266
GSE136831,T cell,0.07811478837470356,0.05043777991906685,0.08977399144737848,32,28,0.1514936105674512
GSE136831,Alveolar share of macrophages,0.248370110330993,0.33833460656990066,0.16144046779684262,32,28,0.24216070169526394
GSE135893,AT1,0.0011118377690026546,0.00988070545221841,0.0048274775593426,12,10,0.0144824326780278
GSE135893,AT2,0.025783699059561127,0.09759043780035846,0.4887178731852695,12,10,0.5498076073334283
GSE135893,B cell,0.014703101173341615,0.0021067653934324746,0.24853467917305805,12,10,0.33552181688362837
GSE135893,Basal,0.017839546082369595,0.0007822018893551823,8.733926588357827e-05,12,10,0.0007860533929522045
GSE135893,Ciliated,0.09619027755079908,0.031000027531161087,0.05175423288653064,12,10,0.11644702399469394
GSE135893,DC,0.020803164776984635,0.0061360205635218375,0.0004192098613192271,12,10,0.0028296665639047833
GSE135893,Fibroblast,0.026542788067096888,0.007542916578746776,0.2766049164510952,12,10,0.35563489257997954
GSE135893,Macrophage,0.30704177481151895,0.2812805653774434,0.9212120545847358,12,10,0.9566432874533795
GSE135893,Mast,0.004562870080111459,0.002677950929828304,0.3558022310397023,12,10,0.43666637445781653
GSE135893,Monocyte,0.012330525229147125,0.06422345227858986,0.08057521395813547,12,10,0.14503538512464384
GSE135893,NK,0.0036755755205808527,0.02266774685881104,0.06820913627903731,12,10,0.13849313424961682
GSE135893,Other,0.1813353477795809,0.14146725553176304,0.22252027352475368,12,10,0.31621302027201836
GSE135893,T cell,0.014597678970300326,0.011672831527909683,0.9736992897368464,12,10,0.9736992897368464
