table,outcome,module,n_genes,convention,r_insample,r_reported
5A composite,Mortality,composite,16760,as_released,0.9976132559793401,
5A composite,Mortality,composite,16760,gene_standardized,0.9777100272975439,
5A composite,Mortality,composite,16760,within_module_sample_z,0.9311512187448371,
5A composite,Chrono,composite,16517,as_released,0.982533189249705,
5A composite,Chrono,composite,16517,gene_standardized,0.9652068890844869,
5A composite,Chrono,composite,16517,within_module_sample_z,0.9189329614843667,
5B module,Mortality,All module genes,2141,as_released,0.2215027917030116,0.881013907820366
5B module,Mortality,All module genes,2141,gene_standardized,0.26070667747465937,0.881013907820366
5B module,Mortality,All module genes,2141,within_module_sample_z,0.19571003340733606,0.881013907820366
5B module,Mortality,black,35,as_released,0.17253145495838174,0.414235695930108
5B module,Mortality,black,35,gene_standardized,0.10176419988049919,0.414235695930108
5B module,Mortality,black,35,within_module_sample_z,0.14739187824608777,0.414235695930108
5B module,Mortality,blue,357,as_released,-0.0626723539517342,0.680334537136864
5B module,Mortality,blue,357,gene_standardized,-0.05996986987668841,0.680334537136864
5B module,Mortality,blue,357,within_module_sample_z,-0.05912730230715257,0.680334537136864
5B module,Mortality,brown,223,as_released,0.10082971965875498,0.639663430236861
5B module,Mortality,brown,223,gene_standardized,0.053287890755845536,0.639663430236861
5B module,Mortality,brown,223,within_module_sample_z,0.07548280611254533,0.639663430236861
5B module,Mortality,cyan,20,as_released,-0.18901941371807396,0.304444382419042
5B module,Mortality,cyan,20,gene_standardized,-0.14060195048305993,0.304444382419042
5B module,Mortality,cyan,20,within_module_sample_z,-0.1570080525454358,0.304444382419042
5B module,Mortality,darkgreen,31,as_released,-0.02995422252918922,0.396092291473425
5B module,Mortality,darkgreen,31,gene_standardized,-0.04379241848660898,0.396092291473425
5B module,Mortality,darkgreen,31,within_module_sample_z,0.023509398512215878,0.396092291473425
5B module,Mortality,darkgrey,30,as_released,0.15739656634212498,0.394716377589435
5B module,Mortality,darkgrey,30,gene_standardized,0.1165404084234147,0.394716377589435
5B module,Mortality,darkgrey,30,within_module_sample_z,0.1253363682296516,0.394716377589435
5B module,Mortality,darkorange,14,as_released,-0.19441013030141252,0.309344636823597
5B module,Mortality,darkorange,14,gene_standardized,-0.15743021121730502,0.309344636823597
5B module,Mortality,darkorange,14,within_module_sample_z,-0.13900295901160123,0.309344636823597
5B module,Mortality,darkred,20,as_released,-0.09711871282516694,0.299558527212701
5B module,Mortality,darkred,20,gene_standardized,-0.13857693797845744,0.299558527212701
5B module,Mortality,darkred,20,within_module_sample_z,-0.09429996739103685,0.299558527212701
5B module,Mortality,green,93,as_released,0.19368612703546206,0.483402013132304
5B module,Mortality,green,93,gene_standardized,0.14097049977297146,0.483402013132304
5B module,Mortality,green,93,within_module_sample_z,0.17751590615715285,0.483402013132304
5B module,Mortality,greenyellow,59,as_released,0.2496102398804442,0.576970717788348
5B module,Mortality,greenyellow,59,gene_standardized,0.22390657392483776,0.576970717788348
5B module,Mortality,greenyellow,59,within_module_sample_z,0.23416353811212595,0.576970717788348
5B module,Mortality,grey60,52,as_released,0.04113847598370312,0.41898222850131
5B module,Mortality,grey60,52,gene_standardized,0.0828897947571069,0.41898222850131
5B module,Mortality,grey60,52,within_module_sample_z,0.036952499787258716,0.41898222850131
5B module,Mortality,lightgreen,50,as_released,-0.23833833674104007,0.586120172379593
5B module,Mortality,lightgreen,50,gene_standardized,-0.183967463838675,0.586120172379593
5B module,Mortality,lightgreen,50,within_module_sample_z,-0.27073919054003515,0.586120172379593
5B module,Mortality,lightyellow,16,as_released,-0.12022759504372713,0.320886613203208
5B module,Mortality,lightyellow,16,gene_standardized,-0.05300225557147595,0.320886613203208
5B module,Mortality,lightyellow,16,within_module_sample_z,-0.08704302295371852,0.320886613203208
5B module,Mortality,magenta,54,as_released,-0.007614831173194286,0.39122651018642
5B module,Mortality,magenta,54,gene_standardized,0.03460980942309055,0.39122651018642
5B module,Mortality,magenta,54,within_module_sample_z,0.07362289413352813,0.39122651018642
5B module,Mortality,midnightblue,52,as_released,-0.12893608687303296,0.441862669825246
5B module,Mortality,midnightblue,52,gene_standardized,-0.07582912698400293,0.441862669825246
5B module,Mortality,midnightblue,52,within_module_sample_z,-0.09798474921675679,0.441862669825246
5B module,Mortality,orange,30,as_released,0.06385027472893054,0.386556418286761
5B module,Mortality,orange,30,gene_standardized,0.06716753449943717,0.386556418286761
5B module,Mortality,orange,30,within_module_sample_z,0.06475876224348594,0.386556418286761
5B module,Mortality,pink,75,as_released,0.008383800941189018,0.644159568631849
5B module,Mortality,pink,75,gene_standardized,0.128347506951987,0.644159568631849
5B module,Mortality,pink,75,within_module_sample_z,-0.08643133092540972,0.644159568631849
5B module,Mortality,red,117,as_released,0.2603665503918968,0.526563396959416
5B module,Mortality,red,117,gene_standardized,0.22653397278189072,0.526563396959416
5B module,Mortality,red,117,within_module_sample_z,0.22464281473727823,0.526563396959416
5B module,Mortality,salmon,12,as_released,0.19891449192126204,0.373006866451843
5B module,Mortality,salmon,12,gene_standardized,0.1670313395231877,0.373006866451843
5B module,Mortality,salmon,12,within_module_sample_z,0.167290791808659,0.373006866451843
5B module,Mortality,skyblue,20,as_released,0.058105870719109186,0.365874594656595
5B module,Mortality,skyblue,20,gene_standardized,0.039420297027960974,0.365874594656595
5B module,Mortality,skyblue,20,within_module_sample_z,0.05562523616810664,0.365874594656595
5B module,Mortality,tan,60,as_released,0.13280406147669865,0.437060667693064
5B module,Mortality,tan,60,gene_standardized,0.18391484519416124,0.437060667693064
5B module,Mortality,tan,60,within_module_sample_z,0.14139622420075065,0.437060667693064
5B module,Mortality,turquoise,332,as_released,-0.08913785049833124,0.770590751032533
5B module,Mortality,turquoise,332,gene_standardized,-0.1220462017483403,0.770590751032533
5B module,Mortality,turquoise,332,within_module_sample_z,-0.12514395706698195,0.770590751032533
5B module,Mortality,yellow,153,as_released,0.21643927792831893,0.586576427298675
5B module,Mortality,yellow,153,gene_standardized,0.16967298416562426,0.586576427298675
5B module,Mortality,yellow,153,within_module_sample_z,0.23266859320640843,0.586576427298675
5B module,Chrono,All module genes,2141,as_released,0.206216459979121,0.903694845318582
5B module,Chrono,All module genes,2141,gene_standardized,0.21339227163576627,0.903694845318582
5B module,Chrono,All module genes,2141,within_module_sample_z,0.21971948264795235,0.903694845318582
5B module,Chrono,black,42,as_released,0.06433902564676586,0.43897040582159
5B module,Chrono,black,42,gene_standardized,0.027856581781865238,0.43897040582159
5B module,Chrono,black,42,within_module_sample_z,0.05507051517533705,0.43897040582159
5B module,Chrono,blue,357,as_released,-0.19299254568671795,0.711225314649309
5B module,Chrono,blue,357,gene_standardized,-0.15493530055253213,0.711225314649309
5B module,Chrono,blue,357,within_module_sample_z,-0.16474714873541102,0.711225314649309
5B module,Chrono,brown,191,as_released,0.0008261366299834936,0.696222998543323
5B module,Chrono,brown,191,gene_standardized,-0.038922558821960655,0.696222998543323
5B module,Chrono,brown,191,within_module_sample_z,-0.005313339512035086,0.696222998543323
5B module,Chrono,cyan,19,as_released,-0.12228184418479801,0.340722630604152
5B module,Chrono,cyan,19,gene_standardized,-0.0994695091755372,0.340722630604152
5B module,Chrono,cyan,19,within_module_sample_z,-0.11310307322142149,0.340722630604152
5B module,Chrono,darkgreen,28,as_released,0.03606261885496772,0.407206196521871
5B module,Chrono,darkgreen,28,gene_standardized,-0.003520251443657077,0.407206196521871
5B module,Chrono,darkgreen,28,within_module_sample_z,0.06928080073477509,0.407206196521871
5B module,Chrono,darkgrey,31,as_released,0.14625842383186177,0.453897256525298
5B module,Chrono,darkgrey,31,gene_standardized,0.09603585694496856,0.453897256525298
5B module,Chrono,darkgrey,31,within_module_sample_z,0.10397170117769411,0.453897256525298
5B module,Chrono,darkorange,15,as_released,-0.1611275267737348,0.326644386384769
5B module,Chrono,darkorange,15,gene_standardized,-0.07643308356823564,0.326644386384769
5B module,Chrono,darkorange,15,within_module_sample_z,-0.11731455178139763,0.326644386384769
5B module,Chrono,darkred,26,as_released,-0.03380430283931832,0.339222510151924
5B module,Chrono,darkred,26,gene_standardized,-0.08088212599760106,0.339222510151924
5B module,Chrono,darkred,26,within_module_sample_z,-0.042484786914943715,0.339222510151924
5B module,Chrono,green,97,as_released,0.05602249451885437,0.525659681313235
5B module,Chrono,green,97,gene_standardized,0.05582008898648865,0.525659681313235
5B module,Chrono,green,97,within_module_sample_z,0.07163763902235325,0.525659681313235
5B module,Chrono,greenyellow,59,as_released,0.3410170040177621,0.617060079019264
5B module,Chrono,greenyellow,59,gene_standardized,0.29344212834218686,0.617060079019264
5B module,Chrono,greenyellow,59,within_module_sample_z,0.3103733028701749,0.617060079019264
5B module,Chrono,grey60,46,as_released,0.20056620622417692,0.449178967748144
5B module,Chrono,grey60,46,gene_standardized,0.2111939891913834,0.449178967748144
5B module,Chrono,grey60,46,within_module_sample_z,0.2045205841582434,0.449178967748144
5B module,Chrono,lightgreen,59,as_released,-0.07644976558819704,0.61818312145367
5B module,Chrono,lightgreen,59,gene_standardized,-0.03911231031957416,0.61818312145367
5B module,Chrono,lightgreen,59,within_module_sample_z,-0.16305316026603606,0.61818312145367
5B module,Chrono,lightyellow,16,as_released,0.05456853297638644,0.334677144060528
5B module,Chrono,lightyellow,16,gene_standardized,0.06637101720950014,0.334677144060528
5B module,Chrono,lightyellow,16,within_module_sample_z,0.06464455380862226,0.334677144060528
5B module,Chrono,magenta,54,as_released,0.10910137766650702,0.394305044004138
5B module,Chrono,magenta,54,gene_standardized,0.03624693556254946,0.394305044004138
5B module,Chrono,magenta,54,within_module_sample_z,0.1382933410220218,0.394305044004138
5B module,Chrono,midnightblue,48,as_released,0.12781265827859953,0.485108646743582
5B module,Chrono,midnightblue,48,gene_standardized,0.11435479949911735,0.485108646743582
5B module,Chrono,midnightblue,48,within_module_sample_z,0.1727376046857409,0.485108646743582
5B module,Chrono,orange,30,as_released,0.027233690197091653,0.426820054230692
5B module,Chrono,orange,30,gene_standardized,-0.0053624698754157225,0.426820054230692
5B module,Chrono,orange,30,within_module_sample_z,0.03314440965303771,0.426820054230692
5B module,Chrono,pink,93,as_released,-0.02070271554418687,0.695038190657802
5B module,Chrono,pink,93,gene_standardized,0.12970150356758253,0.695038190657802
5B module,Chrono,pink,93,within_module_sample_z,-0.10403252555404385,0.695038190657802
5B module,Chrono,red,117,as_released,0.05296176252273744,0.54897259362885
5B module,Chrono,red,117,gene_standardized,0.07050962875706457,0.54897259362885
5B module,Chrono,red,117,within_module_sample_z,0.019499417658007726,0.54897259362885
5B module,Chrono,salmon,12,as_released,0.20785252922948153,0.419832128963748
5B module,Chrono,salmon,12,gene_standardized,0.1998163104915476,0.419832128963748
5B module,Chrono,salmon,12,within_module_sample_z,0.18372437534035607,0.419832128963748
5B module,Chrono,skyblue,20,as_released,-0.0026637337395499826,0.435403400783968
5B module,Chrono,skyblue,20,gene_standardized,-0.0001842767814063074,0.435403400783968
5B module,Chrono,skyblue,20,within_module_sample_z,0.021229557610011208,0.435403400783968
5B module,Chrono,tan,61,as_released,0.03497549394016203,0.476485005491699
5B module,Chrono,tan,61,gene_standardized,0.12675445248618758,0.476485005491699
5B module,Chrono,tan,61,within_module_sample_z,0.026247772905748343,0.476485005491699
5B module,Chrono,turquoise,332,as_released,-0.03450002444320848,0.8179903335729
5B module,Chrono,turquoise,332,gene_standardized,-0.029016828627885675,0.8179903335729
5B module,Chrono,turquoise,332,within_module_sample_z,-0.07486874390131981,0.8179903335729
5B module,Chrono,yellow,169,as_released,0.12461893972555027,0.629594434201888
5B module,Chrono,yellow,169,gene_standardized,0.16037148812981614,0.629594434201888
5B module,Chrono,yellow,169,within_module_sample_z,0.17989156020655228,0.629594434201888
