celltype,n_samples,module_genes_total,module_genes_detected,module_frac,composite_genes_total,composite_genes_detected,composite_frac
B,42.0,1995,1213,0.6080200501253132,10487,4918,0.46896157146943834
Ciliated,45.0,1995,1450,0.7268170426065163,10487,8142,0.7763898159626204
Fibroblast,15.0,1995,1303,0.6531328320802005,10487,6814,0.6497568418041385
Macrophage,76.0,1995,1672,0.8380952380952381,10487,9124,0.8700295604081243
Macrophage_Alveolar,71.0,1995,1643,0.8235588972431078,10487,8910,0.8496233431868027
NK,53.0,1995,1252,0.6275689223057644,10487,5122,0.4884142271383618
T,51.0,1995,1286,0.6446115288220552,10487,5603,0.5342805378087155
T_Cytotoxic,56.0,1995,1301,0.6521303258145363,10487,5767,0.5499189472680461
cDC2,43.0,1995,1414,0.7087719298245614,10487,6192,0.59044531324497
cMonocyte,58.0,1995,1314,0.6586466165413534,10487,5555,0.5297034423572041
ncMonocyte,32.0,1995,1230,0.6165413533834586,10487,4793,0.45704205206446075
detected in all cell types,,1995,1025,0.5137844611528822,10487,3754,0.35796700677028703
