cohort,module,beta_global_A,delta,same_direction,p_mannwhitney,n_IPF,n_Control
GSE136831 whole-donor,Muscle contraction,-0.1854749212223042,-0.1850734652834539,True,0.1751656278847057,32,28
GSE136831 whole-donor,VEGF signaling,-0.2682244257604283,-0.519354744217372,True,4.518573438136217e-06,32,28
GSE136831 whole-donor,Lipid met,0.3113315814572013,0.021827582170613744,True,0.37797439347966133,32,28
GSE136831 whole-donor,Interferon signaling,-0.3320614520595956,-0.3759055658793862,True,9.734388751284033e-06,32,28
GSE136831 whole-donor,Translation,0.2732955563415972,0.25483528023436697,True,0.01810940094384322,32,28
GSE136831 whole-donor,Heat stress response,0.1487182552519929,0.054363954820684485,True,0.3942141458323484,32,28
GSE135893 whole-donor,Muscle contraction,-0.1854749212223042,0.30905794500793915,False,0.19851568979039613,12,10
GSE135893 whole-donor,VEGF signaling,-0.2682244257604283,-0.19738328427239202,True,0.37337802568045597,12,10
GSE135893 whole-donor,Lipid met,0.3113315814572013,-0.15401802820861218,False,0.44827886220819,12,10
GSE135893 whole-donor,Interferon signaling,-0.3320614520595956,-0.21030271886740545,True,0.37337802568045597,12,10
GSE135893 whole-donor,Translation,0.2732955563415972,0.3094610588999356,True,0.1562877116676799,12,10
GSE135893 whole-donor,Heat stress response,0.1487182552519929,0.17551253516694357,True,0.05175423288653064,12,10
GSE134692 bulk,Muscle contraction,-0.1854749212223042,0.4947080626288217,False,2.6347525541711058e-05,46,26
GSE134692 bulk,VEGF signaling,-0.2682244257604283,0.2271407712811469,False,0.025525264713667898,46,26
GSE134692 bulk,Lipid met,0.3113315814572013,-0.13172154485152987,False,0.17947921018488822,46,26
GSE134692 bulk,Interferon signaling,-0.3320614520595956,0.043664323219208115,False,0.7471489735488315,46,26
GSE134692 bulk,Translation,0.2732955563415972,0.46187150328426957,True,0.010072055557231029,46,26
GSE134692 bulk,Heat stress response,0.1487182552519929,0.02917546774761857,True,0.40189455629879844,46,26
