seed,model,auc
0,attention,0.9560185185185185
0,mean,0.9791666666666667
0,logistic,0.9768518518518519
1,attention,0.9085648148148149
1,mean,0.9699074074074073
1,logistic,0.9699074074074074
2,attention,0.9583333333333335
2,mean,0.9780092592592593
2,logistic,0.9803240740740741
3,attention,0.9710648148148149
3,mean,0.986111111111111
3,logistic,0.9699074074074074
4,attention,0.9560185185185185
4,mean,0.9814814814814815
4,logistic,0.980324074074074
5,attention,0.9328703703703703
5,mean,0.9849537037037037
5,logistic,0.9768518518518519
6,attention,0.9282407407407408
6,mean,0.9525462962962963
6,logistic,0.9502314814814815
7,attention,0.954861111111111
7,mean,0.9675925925925926
7,logistic,0.9710648148148149
8,attention,0.9155092592592593
8,mean,0.9710648148148148
8,logistic,0.96875
9,attention,0.9756944444444444
9,mean,0.980324074074074
9,logistic,0.9733796296296295
